client_id,segment,avg_monthly_balance,max_monthly_balance,txn_frequency_monthly,avg_txn_amount,days_since_last_txn
CLTIND00001,dormant,12228.05,20091.76,8,2398.29,8
CLTIND00002,regular,2463.8,4413.6,9,2813.854375,52
CLTIND00004,regular,3120.84,4403.33,23,4319.1,1
CLTIND00005,dormant,5733.69,11189.53,5,3892.946,22
CLTIND00006,regular,8369.71,17810.93,13,4164.296,54
CLTIND00007,regular,3090.33,3792.3,10,5050.2,25
CLTIND00008,regular,26306.03,34709.36,10,4338.435,31
CLTIND00009,dormant,2028.01,3737.84,6,1881.52,120
CLTIND00010,dormant,1078.97,1967.73,16,4060.8199999999997,112
CLTIND00011,dormant,3642.24,8247.55,4,3783.06,132
CLTIND00012,regular,3463.06,4316.32,11,1281.905,1
CLTIND00013,dormant,793.86,1046.26,4,2357.9,3
CLTIND00014,dormant,3581.54,6999.51,13,2864.3375,0
CLTIND00015,regular,2253.35,2745.63,9,3220.6233333333334,28
CLTIND00018,regular,1819.7,3344.7,9,5242.63,3
CLTIND00021,dormant,981.52,1346.99,5,6145.37,47
CLTIND00022,regular,1824.37,3156.6,13,3512.706666666667,6
CLTIND00023,dormant,7932.66,12879.83,22,961.01,0
CLTIND00024,priority,8362.08,20875.09,13,2134.733333333333,26
CLTIND00025,dormant,4604.13,7706.34,11,4710.61,105
CLTIND00026,dormant,730.28,1707.52,2,4464.286666666667,43
CLTIND00027,dormant,6102.7,9747.87,7,3966.73875,10
CLTIND00028,dormant,2975.39,7332.99,7,3892.075714285714,12
CLTIND00029,regular,3257.32,4963.89,15,3036.85,8
CLTIND00030,regular,1255.66,3081.48,18,1338.7766666666666,10
CLTIND00031,dormant,2957.86,5975.01,2,4434.133333333334,73
CLTIND00032,dormant,1753.62,2657.12,8,3454.9800000000005,10
CLTIND00033,regular,2916.44,4696.4,13,2019.0333333333335,48
CLTIND00035,regular,43798.69,80642.02,9,2944.18,8
CLTIND00036,regular,1134.98,1420.99,11,2841.566,37
CLTIND00037,regular,1543.17,2206.6,16,2532.64,72
CLTIND00038,regular,1003.13,1740.17,11,2678.844,59
CLTIND00039,regular,5911.52,14110.32,10,1399.92,11
CLTIND00040,dormant,1971.35,2788.83,5,2078.695,21
CLTIND00041,priority,7631.44,16216.32,13,3605.73,15
CLTIND00042,regular,1727.56,4120.47,11,5176.195,7
CLTIND00043,regular,1947.55,3608.28,9,1208.59,20
CLTIND00044,dormant,13569.02,22745.58,8,2442.2921428571426,16
CLTIND00045,dormant,24960.64,35903.41,14,1512.75,145
CLTIND00046,regular,3635.2,8525.75,19,917.195,26
CLTIND00047,priority,6614.0,13378.48,22,1263.17,10
CLTIND00048,regular,1607.78,1878.17,12,2908.9700000000003,67
CLTIND00049,regular,8753.16,17229.15,10,2456.825,41
CLTIND00050,regular,9852.44,22902.61,9,2221.222,29
CLTIND00051,dormant,6870.83,7733.49,1,5101.37,131
CLTIND00053,regular,1632.05,2923.54,12,2216.95,54
CLTIND00054,regular,2445.87,3217.34,12,1618.83,34
CLTIND00056,regular,1341.55,2958.14,10,8292.72,54
CLTIND00057,dormant,1838.78,2998.82,8,4552.172500000001,21
CLTIND00058,regular,9096.24,11618.78,9,4424.07,12
CLTIND00060,priority,4743.88,10872.29,13,3902.441666666667,18
CLTIND00061,dormant,2361.03,3803.57,9,2187.33,222
CLTIND00062,regular,14985.59,37198.47,11,3047.0968181818184,4
CLTIND00063,priority,7855.41,10997.12,21,1768.23,20
CLTIND00064,regular,4335.8,8396.6,10,2297.15,23
CLTIND00065,dormant,1584.12,3156.72,4,2508.61,61
CLTIND00066,dormant,1108.25,1543.79,8,2476.96,109
CLTIND00067,dormant,6365.0,11492.57,8,2098.616,7
CLTIND00068,priority,23453.23,48387.95,16,3214.39,3
CLTIND00069,dormant,4057.27,7480.16,7,3081.4325,22
CLTIND00070,regular,10823.73,16788.91,20,3284.5099999999998,48
CLTIND00072,regular,4881.6,10655.79,12,3233.5844444444447,7
CLTIND00073,regular,4435.09,5380.14,19,2972.7566666666667,10
CLTIND00075,dormant,8552.28,19436.26,6,3661.706666666667,68
CLTIND00076,regular,5639.25,7055.25,19,3369.245,17
CLTIND00077,regular,1850.83,2812.61,10,3121.25,19
CLTIND00078,regular,3627.74,8724.46,16,5706.139999999999,82
CLTIND00079,regular,6226.22,8898.73,16,3370.505,13
CLTIND00081,dormant,2332.75,3250.64,6,2103.24,16
CLTIND00082,priority,16567.23,25018.47,29,3034.092857142857,9
CLTIND00083,dormant,1082.24,1865.99,4,1023.02,3
CLTIND00085,dormant,13655.87,19994.74,5,3163.773333333333,76
CLTIND00086,dormant,2188.46,3807.7,7,2778.77,31
CLTIND00088,priority,20451.46,46749.74,16,8117.344999999999,22
CLTIND00089,dormant,10696.25,18686.87,7,1075.025,90
CLTIND00090,dormant,2070.32,2592.19,7,3703.7485714285713,13
CLTIND00092,priority,5876.13,13437.32,17,1991.55,19
CLTIND00093,regular,2590.6,2908.51,12,3657.1233333333334,24
CLTIND00094,regular,1300.99,1896.07,14,2727.915,76
CLTIND00095,dormant,1612.22,3977.4,8,2198.7825,108
CLTIND00096,regular,5259.99,7520.55,13,1843.4824999999998,41
CLTIND00098,dormant,5878.07,12662.8,6,3214.016153846154,44
CLTIND00099,dormant,16061.57,35785.23,6,3711.9075,19
CLTIND00100,regular,1346.24,1875.51,15,1167.81,2
CLTIND00101,priority,7457.19,16796.65,21,3266.8799999999997,10
CLTIND00102,regular,3341.59,6750.98,12,1341.1375,10
CLTIND00103,regular,1537.14,3784.59,15,2103.2214285714285,6
CLTIND00104,regular,14258.55,17227.66,12,2948.5033333333336,4
CLTIND00106,dormant,646.31,1051.13,7,2507.668,20
CLTIND00107,dormant,8984.3,21868.93,15,2527.55,182
CLTIND00108,dormant,5885.6,7686.14,7,2574.63,71
CLTIND00109,dormant,1977.13,4107.18,4,3428.0633333333335,7
CLTIND00110,dormant,1600.79,3608.76,7,3500.036,4
CLTIND00111,regular,4032.07,7873.17,16,3541.0514285714285,85
CLTIND00112,regular,26884.49,48613.91,11,3512.49,36
CLTIND00113,dormant,271.84,643.13,8,3412.15,15
CLTIND00114,dormant,8392.09,13145.13,4,7901.08,66
CLTIND00116,dormant,4766.66,6911.04,9,3683.765,193
CLTIND00117,dormant,1440.19,2418.08,5,3932.12,3
CLTIND00118,priority,6878.86,14934.64,15,5157.975,4
CLTIND00119,dormant,7928.33,15459.75,5,2953.3900000000003,1
CLTIND00121,regular,16696.49,35451.75,9,4841.764,83
CLTIND00123,dormant,2075.44,3213.89,6,1603.1599999999999,52
CLTIND00124,regular,3233.09,4222.41,13,543.27,11
CLTIND00125,dormant,276.56,475.6,7,3300.124,4
CLTIND00126,regular,3661.48,6445.52,23,3051.7966666666666,15
CLTIND00127,regular,2197.66,3004.8,13,2210.67,4
CLTIND00128,dormant,2884.48,7163.23,4,6076.26,163
CLTIND00129,dormant,3784.56,7884.04,12,2300.4425,195
CLTIND00130,dormant,3097.88,4654.89,8,2953.22,13
CLTIND00131,regular,1105.13,2228.55,10,3499.082222222222,74
CLTIND00132,regular,4345.01,6863.81,10,3593.96,11
CLTIND00133,priority,15954.62,20870.71,14,3667.85,11
CLTIND00134,dormant,4950.56,8939.1,10,2369.9166666666665,148
CLTIND00135,regular,747.68,990.75,9,2465.695,40
CLTIND00137,regular,1111.48,2604.04,19,3277.7684615384615,5
CLTIND00138,dormant,3520.27,5156.24,4,3530.4800000000005,5
CLTIND00140,dormant,5118.87,11790.79,7,3046.2,140
CLTIND00141,dormant,5797.33,13251.67,6,4314.705,49
CLTIND00142,regular,19451.76,45456.19,11,2688.6844444444446,2
CLTIND00143,regular,530.36,1251.87,11,3619.165,38
CLTIND00144,regular,1727.84,3042.82,10,1339.43,24
CLTIND00145,regular,1881.87,3419.6,19,3214.415,84
CLTIND00146,dormant,2568.33,5749.19,6,4308.01,4
CLTIND00148,dormant,1161.34,2318.42,2,2526.897777777778,40
CLTIND00149,regular,574.84,911.3,10,1087.53,80
CLTIND00150,dormant,6607.3,13863.3,7,4756.7325,84
CLTIND00151,dormant,3686.65,4935.49,13,2836.21,110
CLTIND00152,regular,25267.15,61414.67,10,2471.6825,8
CLTIND00154,dormant,1677.41,2964.28,7,5021.75,15
CLTIND00155,regular,1149.4,1533.2,13,2300.745,39
CLTIND00156,dormant,2500.66,4996.61,7,2220.178,12
CLTIND00157,regular,4758.1,11014.64,14,3603.65,57
CLTIND00158,dormant,1871.52,3835.33,9,2745.35,107
CLTIND00159,dormant,46883.7,92795.48,11,1414.16,157
CLTIND00160,dormant,1610.85,2323.26,7,3535.6479999999997,174
CLTIND00161,regular,4501.32,6597.69,14,3199.8333333333335,5
CLTIND00162,regular,3001.67,4338.06,11,4586.386,22
CLTIND00163,dormant,6097.79,13175.5,7,1725.44,22
CLTIND00164,dormant,2094.89,2601.13,5,3425.725,95
CLTIND00165,priority,9067.15,17809.49,23,2860.054285714286,7
CLTIND00166,dormant,1274.37,1662.82,5,2891.81,13
CLTIND00168,dormant,4342.97,8782.76,8,1889.336,10
CLTIND00169,regular,278.41,562.28,10,1616.54,16
CLTIND00170,regular,1180.32,2303.16,10,5096.318,31
CLTIND00171,regular,5613.71,9774.32,12,5598.59,33
CLTIND00172,dormant,3118.53,4715.95,12,3024.63,117
CLTIND00173,regular,840.66,1998.51,12,2313.525,28
CLTIND00174,regular,4424.25,5967.56,17,1649.2033333333331,5
CLTIND00175,dormant,3854.79,9533.84,19,2675.1833333333334,114
CLTIND00176,regular,2084.95,4396.5,23,2319.6916666666666,61
CLTIND00178,regular,15881.77,33967.82,10,2923.625,39
CLTIND00179,dormant,3572.58,8844.18,6,1797.5124999999998,32
CLTIND00180,regular,631.85,1303.2,25,4041.67,9
CLTIND00182,regular,1200.19,2057.13,18,3398.183333333334,2
CLTIND00183,regular,13893.48,17785.13,16,1935.7849999999999,55
CLTIND00184,regular,1032.19,1494.38,10,3561.285,20
CLTIND00186,dormant,4280.32,5176.27,8,3742.985,10
CLTIND00188,dormant,10990.28,17277.07,8,3501.5950000000003,18
CLTIND00189,regular,2825.76,5775.77,11,5498.46,78
CLTIND00190,dormant,5084.39,10762.12,3,3882.861666666666,46
CLTIND00191,dormant,2700.71,3492.03,8,3823.56,32
CLTIND00192,dormant,13451.53,23375.49,10,3760.5166666666664,117
CLTIND00193,dormant,2519.79,5304.05,8,1076.73,20
CLTIND00194,priority,14333.3,30162.22,18,2081.48,7
CLTIND00195,dormant,1266.23,3111.02,8,3329.273333333333,151
CLTIND00196,dormant,1060.21,2414.2,5,5067.422500000001,3
CLTIND00197,regular,444.66,948.15,11,1953.1833333333332,47
CLTIND00200,regular,1856.57,2973.11,10,5345.82,8
CLTIND00201,regular,22912.3,56349.79,10,1934.56,68
CLTIND00202,regular,2404.37,3902.15,10,6773.83,5
CLTIND00203,regular,486.92,1102.37,9,7272.52,7
CLTIND00204,dormant,1602.16,3082.16,3,1123.17,113
CLTIND00205,dormant,1489.43,1643.89,18,1818.08,136
CLTIND00206,priority,7198.94,13478.7,15,2065.22,20
CLTIND00208,regular,2315.17,3348.06,13,1802.3879999999997,1
CLTIND00209,dormant,3091.5,4537.99,8,3952.497142857143,53
CLTIND00210,dormant,4155.52,9762.68,11,509.51,166
CLTIND00211,regular,3760.6,4536.96,15,1550.13,13
CLTIND00212,regular,26637.55,33839.92,10,978.01,18
CLTIND00213,regular,12591.78,21459.87,12,2516.4225,15
CLTIND00214,dormant,2448.0,4742.09,9,2934.111666666666,141
CLTIND00215,regular,17534.43,25582.39,9,2090.91,42
CLTIND00216,priority,5840.76,11166.46,25,2409.335,14
CLTIND00217,regular,2002.39,4512.68,17,3833.605,2
CLTIND00218,dormant,1961.18,4641.34,5,2585.206,27
CLTIND00220,regular,2559.43,5107.18,10,5733.014999999999,15
CLTIND00222,dormant,1293.67,2613.9,7,1444.0766666666666,129
CLTIND00223,dormant,5446.83,13431.02,8,3727.8050000000003,5
CLTIND00224,priority,5193.85,10656.92,18,1924.02,6
CLTIND00225,regular,732.81,1569.03,10,2556.17,28
CLTIND00226,regular,9060.04,19651.22,15,4344.122857142857,33
CLTIND00227,priority,8708.74,18289.37,13,2043.65,7
CLTIND00228,dormant,1197.79,2541.93,7,2940.8199999999997,64
CLTIND00229,regular,297.78,361.38,11,2392.89,17
CLTIND00231,dormant,13229.88,27616.45,9,3476.4350000000004,185
CLTIND00232,regular,3493.7,7070.26,9,1431.2,8
CLTIND00233,regular,1113.61,1382.15,15,710.11,21
CLTIND00234,regular,2550.26,2832.41,12,4785.982222222222,1
CLTIND00235,regular,3007.74,6825.59,11,3036.65,68
CLTIND00236,dormant,408.72,560.39,8,611.99,68
CLTIND00237,regular,4023.21,9681.89,10,1814.04,27
CLTIND00238,regular,8620.15,20929.15,15,2478.9466666666667,32
CLTIND00239,regular,1269.13,2720.51,11,3652.15,23
CLTIND00240,regular,525.26,874.98,15,2597.2775,31
CLTIND00243,dormant,486.76,745.88,5,1448.385,9
CLTIND00244,dormant,9745.43,21095.23,3,1918.89,1
CLTIND00245,priority,13234.66,15339.92,15,1432.41,1
CLTIND00246,dormant,1358.1,2128.76,4,1086.815,53
CLTIND00248,regular,2435.04,4087.9,11,3011.6190909090906,3
CLTIND00249,regular,16287.8,31311.44,14,3851.436,84
CLTIND00250,regular,5275.81,10534.38,9,1529.864,45
CLTIND00251,dormant,748.87,1093.08,9,4137.86,106
CLTIND00252,dormant,1731.44,2625.48,7,1926.3366666666668,28
CLTIND00253,dormant,19531.53,29717.64,7,6761.23,11
CLTIND00254,dormant,1790.96,4457.66,8,2416.8728571428574,8
CLTIND00255,regular,2794.19,6336.27,21,933.87,17
CLTIND00256,regular,1125.76,2597.01,10,2464.84,9
CLTIND00257,dormant,8211.41,9441.09,8,2560.5535,56
CLTIND00258,regular,3979.89,5128.4,9,2348.59,7
CLTIND00259,dormant,467.81,572.57,8,2348.5433333333335,20
CLTIND00260,priority,10666.42,12010.76,20,2178.425,20
CLTIND00261,regular,4339.87,5152.45,12,966.45,35
CLTIND00262,regular,977.88,2216.82,13,6917.1,63
CLTIND00263,priority,8338.17,17980.4,17,2822.721111111111,6
CLTIND00264,regular,375.47,486.67,15,5687.4400000000005,14
CLTIND00265,regular,3971.29,5196.51,19,3053.008333333333,6
CLTIND00266,dormant,724.37,824.48,8,3064.087142857143,77
CLTIND00268,regular,1132.84,2024.08,12,1939.56,12
CLTIND00269,dormant,1005.65,1692.17,5,2908.38,43
CLTIND00270,dormant,20726.43,43466.09,8,2436.63875,28
CLTIND00271,regular,1701.38,3193.45,10,1607.29,30
CLTIND00273,regular,3176.64,5401.03,10,3516.346666666667,67
CLTIND00274,regular,1195.99,2325.64,14,2974.925,19
CLTIND00275,dormant,101327.05,252692.84,11,869.755,173
CLTIND00277,dormant,921.54,1560.05,7,2014.9360000000001,68
CLTIND00278,regular,1810.83,2027.68,9,3389.3190000000004,75
CLTIND00279,regular,4994.28,9889.77,16,4092.4641666666666,72
CLTIND00280,regular,3872.11,6657.66,20,2313.17,4
CLTIND00281,dormant,8791.82,18248.22,6,5035.172857142857,1
CLTIND00282,regular,7294.75,15732.83,12,3189.4366666666665,76
CLTIND00283,regular,3122.38,7282.2,19,3161.4919999999997,33
CLTIND00284,dormant,508.6,1024.7,6,3853.975,2
CLTIND00285,regular,79902.81,128428.15,16,3553.646666666667,32
CLTIND00286,regular,51611.16,124917.58,19,5451.2,47
CLTIND00287,regular,10658.71,12187.65,9,3982.92,67
CLTIND00288,dormant,21142.67,44140.49,21,3541.3660000000004,0
CLTIND00290,regular,1819.47,4192.75,9,3648.87,53
CLTIND00291,regular,827.49,1966.01,14,3043.815,3
CLTIND00292,priority,11047.36,20075.61,20,1303.815,1
CLTIND00293,priority,4713.26,10828.31,15,4647.08,3
CLTIND00295,dormant,10211.04,17529.82,12,2984.0266666666666,104
CLTIND00297,dormant,491.39,1043.29,11,3247.84,159
CLTIND00300,priority,44867.1,84027.81,20,2898.5409090909093,17
CLTIND00301,dormant,284.52,566.9,7,253.95,56
CLTIND00302,regular,12994.27,31144.22,21,2360.174,78
CLTIND00303,regular,3421.76,8318.05,13,3883.185,11
CLTIND00304,dormant,2164.4,3529.51,5,8495.996666666668,19
CLTIND00305,regular,23962.47,33642.06,12,6126.83,18
CLTIND00306,regular,4600.97,10146.76,13,2576.895,36
CLTIND00308,regular,9744.86,23507.67,13,3464.98,36
CLTIND00309,regular,4617.38,7377.39,14,3204.53,10
CLTIND00311,dormant,437.61,982.65,7,3838.7599999999998,113
CLTIND00312,regular,21101.13,48831.32,10,3487.045,63
CLTIND00313,regular,3646.32,6194.13,11,3211.6625,78
CLTIND00314,regular,12225.04,21246.6,9,1365.255,35
CLTIND00316,regular,6184.63,8839.28,18,1139.13,21
CLTIND00317,dormant,1326.84,3224.28,8,3605.6866666666665,15
CLTIND00318,regular,2008.65,4541.62,15,2112.23,5
CLTIND00319,priority,8489.45,14658.94,15,2013.3225000000002,12
CLTIND00320,regular,1667.31,2579.44,26,1403.2066666666667,87
CLTIND00323,regular,2981.56,6396.63,14,3202.013333333334,26
CLTIND00324,dormant,1109.46,2591.57,5,1430.5,189
CLTIND00326,regular,389.64,708.39,14,4818.203333333334,12
CLTIND00327,regular,2917.07,6203.69,21,2616.1511111111113,2
CLTIND00330,dormant,3570.09,6998.69,6,3188.69,12
CLTIND00332,regular,5185.56,8556.09,10,2119.895,24
CLTIND00333,dormant,2193.85,4555.88,7,2616.12,19
CLTIND00334,regular,975.89,2126.07,20,2593.2366666666667,19
CLTIND00335,dormant,3995.87,7904.38,5,1155.1799999999998,4
CLTIND00336,regular,2802.08,4960.29,14,3348.76,11
CLTIND00337,dormant,4296.27,7926.33,12,700.53,129
CLTIND00338,dormant,2727.32,6199.87,7,2200.3900000000003,117
CLTIND00339,dormant,1222.53,2887.5,7,1594.175,15
CLTIND00340,priority,10191.9,20439.59,22,3031.2575,28
CLTIND00341,regular,108188.78,243327.4,12,1771.881666666667,6
CLTIND00342,regular,11523.25,13291.81,13,2506.025,52
CLTIND00343,dormant,3406.23,8064.76,7,1902.368333333333,18
CLTIND00344,dormant,10605.88,14840.6,5,1073.745,54
CLTIND00345,regular,1228.01,2058.37,14,1407.7833333333335,11
CLTIND00346,regular,15033.47,24569.4,9,3968.378181818182,18
CLTIND00347,regular,2650.34,3682.04,15,4264.518333333333,8
CLTIND00350,regular,2153.54,5181.15,17,3067.0014285714287,37
CLTIND00352,dormant,2302.99,3399.81,6,1961.115,16
CLTIND00353,dormant,6842.69,14369.74,2,2178.87,10
CLTIND00354,regular,1725.54,4179.1,14,3404.621428571428,9
CLTIND00355,regular,2191.41,5131.81,24,4897.075,29
CLTIND00356,regular,3229.99,3806.95,11,2376.435,68
CLTIND00357,regular,7968.95,11375.5,9,4062.8224999999998,1
CLTIND00358,regular,2817.75,4693.29,18,3447.435,5
CLTIND00359,dormant,4792.47,9859.9,8,2535.3383333333336,2
CLTIND00361,dormant,2804.48,3412.21,7,4844.860000000001,192
CLTIND00362,dormant,3931.68,4800.9,2,2972.66,1
CLTIND00363,dormant,1843.5,2747.29,5,6724.006666666667,36
CLTIND00364,regular,24766.09,50819.33,10,1513.46,17
CLTIND00365,dormant,1394.59,3461.82,13,3373.3199999999997,164
CLTIND00366,regular,1587.7,3012.74,25,5506.87,42
CLTIND00367,dormant,1559.2,3636.01,6,3124.486666666666,225
CLTIND00369,regular,3771.82,6996.9,15,4100.375,35
CLTIND00370,dormant,16652.35,25193.94,16,4342.965,116
CLTIND00371,dormant,8856.53,15175.24,5,3622.935,98
CLTIND00372,dormant,1518.64,2688.45,6,4244.58,50
CLTIND00373,dormant,3664.78,8236.67,7,3653.7349999999997,124
CLTIND00374,dormant,5823.74,14367.59,8,5169.41,21
CLTIND00375,dormant,3421.87,7922.2,2,2772.95,99
CLTIND00376,dormant,4039.83,6396.28,8,3249.8575,30
CLTIND00377,dormant,1075.24,2578.09,8,3940.43,20
CLTIND00378,priority,8104.46,10385.53,15,2992.24,22
CLTIND00379,dormant,4917.51,7709.29,27,817.27,94
CLTIND00380,regular,2984.42,4097.88,17,3218.30375,12
CLTIND00381,dormant,5401.54,8971.91,7,1697.3999999999999,36
CLTIND00383,dormant,5388.67,7468.63,6,2215.125,11
CLTIND00384,priority,8183.97,10580.28,16,2096.07,30
CLTIND00385,dormant,1517.39,1683.78,5,2987.5516666666667,21
CLTIND00386,dormant,1191.15,1574.46,10,3152.821,118
CLTIND00388,dormant,4421.92,8489.0,8,2777.903333333333,145
CLTIND00390,regular,9247.9,12302.74,13,4814.54,40
CLTIND00391,dormant,6956.04,10762.49,5,2633.31,49
CLTIND00392,regular,2193.39,3126.53,12,3728.455,13
CLTIND00393,regular,2713.21,5916.58,23,3532.025,21
CLTIND00394,dormant,3646.56,6154.02,6,2316.726666666667,30
CLTIND00395,regular,503.52,796.05,11,1034.305,68
CLTIND00396,dormant,1244.29,1926.69,18,2756.0699999999997,100
CLTIND00397,priority,6294.09,14863.58,13,3104.5466666666666,26
CLTIND00398,regular,2054.59,3684.3,11,1450.074,38
CLTIND00399,dormant,4787.35,11452.98,12,3501.74,93
CLTIND00400,dormant,23629.97,42716.56,3,2369.79,8
CLTIND00401,regular,4651.56,5439.86,15,2093.91,20
CLTIND00402,dormant,231.79,294.16,4,1725.985,82
CLTIND00403,dormant,11251.86,25328.01,8,2203.5379999999996,7
CLTIND00405,regular,6938.83,10997.14,9,1333.2775,87
CLTIND00406,dormant,1610.81,2668.35,5,3960.86,64
CLTIND00407,priority,20573.93,42056.4,24,2742.0628571428574,22
CLTIND00408,dormant,8651.98,21115.85,7,526.65,86
CLTIND00411,dormant,2187.11,4132.37,6,2636.965,34
CLTIND00412,dormant,909.58,1884.34,15,4525.346666666667,94
CLTIND00413,dormant,969.09,1840.51,4,1514.6149999999998,251
CLTIND00414,regular,642.74,1286.38,12,4176.975,51
CLTIND00415,dormant,2764.23,6394.89,16,6010.0,120
CLTIND00416,regular,645.16,1503.52,22,3286.3125,13
CLTIND00417,regular,3784.59,8908.36,9,3058.3633333333332,87
CLTIND00418,regular,602.8,1225.7,9,3157.556666666667,40
CLTIND00419,regular,8956.44,18318.53,11,2233.6,7
CLTIND00420,dormant,776.71,1691.44,1,3736.4900000000002,27
CLTIND00421,regular,3222.55,4125.79,20,3321.2216666666664,10
CLTIND00423,regular,6198.92,8061.11,12,2214.735,11
CLTIND00424,dormant,2024.91,3497.4,6,1912.56,240
CLTIND00425,regular,5322.21,9957.71,11,1690.9166666666667,42
CLTIND00426,regular,403.21,737.14,10,3347.1072727272726,22
CLTIND00427,regular,294.09,324.59,20,5119.055,30
CLTIND00428,dormant,1940.56,2765.17,4,4461.01375,32
CLTIND00429,regular,4492.79,10005.01,11,2284.74625,9
CLTIND00430,dormant,1923.25,3356.66,10,1041.9950000000001,113
CLTIND00431,regular,4137.84,7252.21,24,1400.81,70
CLTIND00432,regular,4294.93,8423.38,14,3028.76,39
CLTIND00434,dormant,1798.71,4177.21,11,1943.4399999999998,97
CLTIND00435,dormant,1769.19,2680.3,9,3338.975,119
CLTIND00436,regular,17978.81,26659.94,11,7937.6,27
CLTIND00437,dormant,601.46,911.68,11,697.36,133
CLTIND00438,regular,3267.63,4877.4,16,3164.7766666666666,5
CLTIND00439,regular,1215.45,2162.89,13,3939.7700000000004,43
CLTIND00440,regular,540.89,1041.65,15,2923.873333333333,74
CLTIND00441,regular,11755.93,13326.73,25,2110.72,40
CLTIND00442,dormant,1940.17,4538.82,4,2841.848,38
CLTIND00443,dormant,2932.94,3826.68,8,1146.635,3
CLTIND00444,dormant,212.03,446.18,7,2864.8033333333333,1
CLTIND00445,regular,3717.81,6271.24,13,1275.95,24
CLTIND00446,dormant,1738.83,2838.15,4,2289.34,11
CLTIND00447,regular,5603.48,6167.23,18,3510.0442857142857,7
CLTIND00448,regular,3522.01,4039.35,18,759.28,6
CLTIND00449,regular,3398.51,6926.25,10,3056.772,67
CLTIND00450,dormant,2215.82,2755.08,6,2646.6525,7
CLTIND00452,dormant,344.27,555.27,5,3514.3160000000003,64
CLTIND00455,regular,2803.09,6615.98,10,6173.986666666667,2
CLTIND00456,regular,1488.53,3202.86,14,4018.71,9
CLTIND00457,dormant,1623.85,2167.83,4,2811.3933333333334,4
CLTIND00458,regular,1290.74,1836.33,16,3022.9800000000005,40
CLTIND00459,regular,1129.46,1405.76,16,2498.3199999999997,1
CLTIND00460,dormant,4519.26,7076.2,8,2652.7428571428572,16
CLTIND00461,regular,6838.73,10862.42,11,4247.175555555556,35
CLTIND00462,regular,4614.59,6576.52,13,1807.48,36
CLTIND00463,dormant,555.5,926.24,8,2634.11875,6
CLTIND00464,regular,5089.49,8709.26,11,2376.266666666667,4
CLTIND00466,regular,556.43,1309.72,12,3763.7599999999998,7
CLTIND00467,regular,4130.39,9802.09,10,4483.663333333333,37
CLTIND00468,dormant,2459.94,5354.15,8,6504.360000000001,2
CLTIND00469,regular,1826.18,3491.44,10,2123.284,5
CLTIND00470,regular,3538.39,4411.48,13,4599.78,55
CLTIND00473,regular,3101.99,4588.88,9,2065.3925,56
CLTIND00475,regular,668.91,1214.15,10,1712.2366666666667,76
CLTIND00476,regular,1277.11,2498.48,10,4490.945,39
CLTIND00477,dormant,2864.68,6817.76,5,6360.096666666667,24
CLTIND00478,regular,1917.85,4675.3,9,2201.825,2
CLTIND00479,dormant,9405.67,16470.19,8,2769.822,14
CLTIND00480,regular,554.07,1379.91,10,2415.71,33
CLTIND00481,dormant,3805.66,9023.5,8,1731.87,2
CLTIND00483,regular,2511.85,2880.04,15,2816.64875,55
CLTIND00484,regular,1016.83,1373.5,14,2970.1775,25
CLTIND00485,regular,491.58,861.84,9,5507.451666666667,84
CLTIND00486,dormant,505.43,976.26,2,1764.3233333333335,124
CLTIND00487,regular,6682.61,15526.16,11,2005.465,21
CLTIND00488,priority,29653.96,59700.58,17,3517.782,17
CLTIND00489,regular,2907.03,4275.95,11,2208.7975,39
CLTIND00490,regular,6623.79,12404.0,9,3372.543,27
CLTIND00491,regular,2794.96,4227.72,10,2848.3849999999998,12
CLTIND00493,priority,9874.91,15296.55,13,2276.508,1
CLTIND00495,regular,960.26,1389.71,13,4205.863333333334,2
CLTIND00496,dormant,1858.57,2948.92,7,2761.7233333333334,4
CLTIND00497,dormant,1877.04,3562.75,6,2040.7366666666667,26
CLTIND00498,dormant,5574.41,11495.93,5,2551.187142857143,112
CLTIND00499,regular,2391.83,5836.54,10,4038.0433333333335,17
CLTIND00500,regular,1007.72,1930.79,10,1490.6966666666667,19
CLTIND00502,regular,734.8,1756.86,13,5907.905000000001,45
CLTIND00503,regular,3191.12,4535.75,15,5073.27,12
CLTIND00505,regular,6689.62,16035.48,9,4217.715,57
CLTIND00506,dormant,1096.77,1890.15,6,3416.66,70
CLTIND00507,priority,5084.78,10863.16,19,1354.4199999999998,15
CLTIND00508,regular,8517.72,12121.87,10,4624.66,21
CLTIND00510,regular,3539.47,5152.5,16,1951.9900000000002,3
CLTIND00511,dormant,5769.3,14333.44,8,197.57,41
CLTIND00512,dormant,33075.68,70821.15,13,3091.4075000000003,207
CLTIND00513,dormant,2741.25,4137.77,5,3423.7333333333336,40
CLTIND00514,dormant,3062.15,5354.32,16,1650.7549999999999,128
CLTIND00515,dormant,1056.59,1314.33,4,4050.1525,97
CLTIND00517,dormant,33770.74,68953.11,7,3115.935,134
CLTIND00520,dormant,14372.9,35201.17,9,2883.535,120
CLTIND00521,regular,7528.15,10186.38,13,1903.4242857142856,47
CLTIND00522,dormant,2479.26,3021.19,5,6819.18,56
CLTIND00523,regular,2190.39,2507.61,17,18754.21,13
CLTIND00524,regular,24443.39,51666.48,11,3559.5415384615385,2
CLTIND00525,dormant,961.64,2271.3,7,4037.93,50
CLTIND00526,priority,16585.08,39566.74,19,2453.9733333333334,7
CLTIND00528,dormant,5849.42,8097.47,3,2582.2462499999997,75
CLTIND00529,dormant,6566.11,10584.61,4,1069.65,6
CLTIND00532,regular,1157.69,1327.22,12,2685.37,23
CLTIND00533,dormant,4438.66,7460.94,5,4478.678333333333,98
CLTIND00534,regular,6130.56,8041.34,10,1737.86,40
CLTIND00535,regular,1382.67,1586.89,14,3039.726666666667,30
CLTIND00536,dormant,3252.43,5054.34,8,4018.6544444444444,25
CLTIND00537,regular,1873.8,2767.6,18,2640.8725,42
CLTIND00538,dormant,437.46,1001.33,5,1723.7566666666664,18
CLTIND00539,dormant,21891.4,46211.88,5,1382.855,156
CLTIND00540,regular,5958.29,6782.17,20,2316.265,23
CLTIND00541,dormant,3413.32,7351.35,9,779.48,113
CLTIND00544,regular,9695.65,18146.03,10,3352.263333333334,27
CLTIND00545,regular,2403.71,3654.45,9,3622.89875,26
CLTIND00546,dormant,3065.78,4385.52,6,3100.3450000000003,18
CLTIND00547,regular,5643.21,12902.77,16,3805.3050000000003,58
CLTIND00548,dormant,2669.68,3544.76,6,1823.9,8
CLTIND00550,regular,3094.62,7451.34,20,2826.44,30
CLTIND00551,dormant,2665.26,3866.32,4,1488.9033333333334,39
CLTIND00553,regular,555.63,1135.34,14,3284.235,15
CLTIND00554,regular,4115.69,7762.0,13,3925.515,10
CLTIND00555,regular,4317.69,5973.94,15,3143.6949999999997,79
CLTIND00557,regular,1445.87,3314.04,12,5152.06,4
CLTIND00558,dormant,5065.02,9630.26,7,2064.72,114
CLTIND00559,dormant,2317.73,3872.5,8,3298.29,98
CLTIND00560,regular,983.23,1317.22,16,2397.294,1
CLTIND00561,dormant,2713.17,6112.23,5,4219.13,133
CLTIND00562,regular,1988.73,4422.8,15,2597.0474999999997,25
CLTIND00563,dormant,4260.26,4687.11,16,1508.758,156
CLTIND00564,regular,5612.35,7578.35,12,1167.8033333333333,7
CLTIND00565,regular,12810.96,20354.77,11,1377.495,46
CLTIND00566,dormant,973.92,1371.65,5,3132.165833333333,91
CLTIND00567,priority,22394.38,25121.08,22,874.495,2
CLTIND00568,regular,6877.48,16299.08,11,3315.5533333333333,30
CLTIND00569,regular,1481.17,1986.81,14,6055.853333333333,72
CLTIND00571,dormant,9613.93,14919.9,9,3204.44,145
CLTIND00572,dormant,9077.12,11673.3,6,3086.875,21
CLTIND00573,dormant,5582.49,12374.7,8,1637.742,32
CLTIND00574,regular,834.52,1134.66,9,1720.23,17
CLTIND00575,dormant,555.53,659.69,15,3187.9600000000005,91
CLTIND00576,regular,5873.9,9427.31,24,962.03,37
CLTIND00577,regular,4443.17,7117.17,15,5078.855,3
CLTIND00578,dormant,2628.65,6232.13,7,3574.511428571429,24
CLTIND00579,dormant,417.34,473.44,2,2465.6885714285713,147
CLTIND00580,dormant,502.55,1044.62,8,4534.835,17
CLTIND00581,regular,422.2,972.5,13,2159.8233333333333,83
CLTIND00582,regular,17396.02,32393.25,12,3384.3940000000002,16
CLTIND00583,regular,1708.76,2779.11,9,2718.14,7
CLTIND00586,dormant,4132.31,9300.26,7,2912.908888888889,163
CLTIND00589,regular,1745.85,2076.14,12,3868.85,13
CLTIND00590,dormant,858.8,1318.73,6,3465.2650000000003,73
CLTIND00591,dormant,16276.48,18628.58,23,2503.8175,90
CLTIND00592,regular,990.24,1276.23,13,3664.9375,18
CLTIND00595,regular,4150.27,6208.6,10,3322.906666666667,40
CLTIND00596,regular,1043.8,1443.35,13,4262.421666666666,14
CLTIND00597,regular,4129.88,6245.89,11,2986.72625,50
CLTIND00598,dormant,2774.68,4681.75,5,2798.22,76
CLTIND00599,dormant,2368.15,3583.51,6,3368.23,47
CLTIND00600,regular,238.74,425.21,10,2186.26,14
CLTIND00601,regular,13863.17,27869.24,9,4500.5599999999995,35
CLTIND00602,dormant,2176.47,2720.27,5,4886.67,79
CLTIND00603,regular,602.12,828.87,19,1311.275,11
CLTIND00604,dormant,1160.65,2786.76,5,3401.4208333333336,62
CLTIND00605,regular,2994.03,3807.78,13,4139.3533333333335,5
CLTIND00606,regular,1587.01,3257.52,17,3176.89,7
CLTIND00607,regular,8056.17,10429.9,11,2714.1311111111113,39
CLTIND00608,regular,2647.74,3473.13,12,3009.9,17
CLTIND00609,regular,1076.76,1726.52,9,1611.96,48
CLTIND00610,regular,8568.59,15642.88,9,1184.26,78
CLTIND00611,dormant,3555.11,7368.57,8,2288.915,225
CLTIND00612,regular,920.13,1669.36,14,4705.768,4
CLTIND00613,regular,3082.62,6055.83,14,2365.184285714286,47
CLTIND00614,dormant,902.52,1077.03,13,1350.925,127
CLTIND00615,regular,2002.71,2304.25,9,3086.8571428571427,1
CLTIND00617,regular,4767.08,6840.16,10,1987.67,12
CLTIND00619,regular,696.76,910.77,17,1728.6533333333334,52
CLTIND00621,priority,14168.73,23783.08,20,3787.4500000000003,19
CLTIND00622,priority,8449.1,19874.6,16,1218.06,1
CLTIND00623,dormant,5990.33,13229.07,4,2174.7533333333336,5
CLTIND00624,dormant,2189.53,4451.03,4,3303.201333333333,92
CLTIND00625,dormant,2130.37,3933.04,4,3286.7833333333333,14
CLTIND00626,dormant,7079.35,15302.16,3,3397.5424999999996,37
CLTIND00628,regular,1328.59,2283.36,13,2882.302857142857,46
CLTIND00629,regular,60513.34,123890.46,9,3092.846666666667,29
CLTIND00630,dormant,508.37,671.96,8,4134.16,34
CLTIND00631,regular,4806.96,5822.38,17,1467.91,38
CLTIND00632,dormant,1675.11,2930.05,14,3184.320833333333,103
CLTIND00634,regular,3079.77,7184.27,9,4065.73625,5
CLTIND00635,dormant,1996.82,4486.89,8,2120.09,30
CLTIND00639,regular,24089.27,59236.07,10,3017.864,16
CLTIND00640,regular,1056.12,1165.28,15,3329.3,24
CLTIND00642,dormant,3190.34,6254.56,8,1724.8850000000002,67
CLTIND00643,dormant,3129.06,6769.37,3,1897.84,28
CLTIND00646,regular,3724.59,6008.28,9,2090.5766666666664,20
CLTIND00647,dormant,2217.87,4318.61,13,4254.635,106
CLTIND00648,dormant,1588.39,3234.2,8,3436.3000000000006,117
CLTIND00650,regular,2327.0,3629.57,10,6288.43,74
CLTIND00651,regular,6506.77,11525.11,10,4687.37,19
CLTIND00653,regular,3215.25,5605.94,13,2674.3225,16
CLTIND00654,regular,3003.34,4684.25,14,213.34,12
CLTIND00655,dormant,13882.45,28883.25,5,3805.7249999999995,3
CLTIND00656,dormant,6013.34,8560.02,6,2978.7825,52
CLTIND00657,regular,1170.8,2240.96,13,2988.9484615384617,43
CLTIND00658,regular,2790.82,5525.4,19,5053.8675,9
CLTIND00659,dormant,2244.57,3781.57,8,2791.5533333333333,16
CLTIND00660,regular,136.05,201.28,12,9292.025,41
CLTIND00661,dormant,4499.66,8117.06,3,2700.165,37
CLTIND00662,dormant,7216.49,12531.59,12,2890.623333333333,141
CLTIND00663,dormant,4953.24,10000.97,13,3558.5066666666667,235
CLTIND00664,regular,933.72,1443.14,11,4329.29,70
CLTIND00665,dormant,1482.49,2661.45,7,1372.2060000000001,0
CLTIND00666,dormant,3767.65,5100.49,3,2782.9,221
CLTIND00667,dormant,1494.18,2664.13,7,3191.963333333333,1
CLTIND00668,dormant,11227.35,22342.27,3,3641.3119999999994,21
CLTIND00669,regular,5885.01,13727.28,19,2149.5657142857144,40
CLTIND00670,dormant,7117.62,8052.47,8,3605.55,36
CLTIND00671,dormant,4568.13,6607.11,7,2735.52,16
CLTIND00673,regular,6217.35,10415.84,10,2052.36,14
CLTIND00674,dormant,5037.0,11044.17,6,5395.336666666667,6
CLTIND00675,regular,11053.95,12434.36,12,2547.49,5
CLTIND00676,dormant,5881.79,14249.05,8,2621.795,1
CLTIND00677,dormant,4677.97,10524.46,10,2898.8777777777777,110
CLTIND00678,regular,17337.35,42314.82,20,2967.54,52
CLTIND00679,regular,4222.84,8358.33,14,3182.9890909090905,72
CLTIND00682,regular,12890.0,30648.73,12,2084.18,32
CLTIND00683,dormant,3670.55,8468.41,3,4195.51,57
CLTIND00684,regular,22126.14,36664.02,9,3053.096666666667,29
CLTIND00685,regular,4982.37,6257.66,13,2925.125,5
CLTIND00687,dormant,477.2,978.81,8,3210.842857142857,38
CLTIND00688,dormant,4085.04,8502.95,4,501.41,111
CLTIND00689,dormant,5942.61,8348.48,4,6171.0199999999995,78
CLTIND00690,regular,298.16,727.35,11,3292.2749999999996,10
CLTIND00691,regular,479.65,1085.41,11,2003.81,44
CLTIND00693,regular,2230.21,3402.62,11,3093.6636363636367,16
CLTIND00694,dormant,6593.68,8784.88,6,2253.76,113
CLTIND00695,regular,2546.58,3875.87,12,4263.945,44
CLTIND00696,dormant,1141.96,2125.93,8,2466.79,15
CLTIND00697,regular,3384.05,4447.09,28,1705.2925,35
CLTIND00698,regular,3064.4,5882.22,11,3018.755,87
CLTIND00699,dormant,3798.54,4401.29,6,1477.9575,33
CLTIND00700,regular,5471.01,7415.28,14,2807.13,36
CLTIND00701,regular,2035.98,2497.46,9,2310.064,85
CLTIND00702,dormant,6610.45,11800.93,5,1817.8125,71
CLTIND00703,dormant,2685.03,5960.2,6,2831.4799999999996,29
CLTIND00704,dormant,3261.51,7528.64,5,1503.8249999999998,56
CLTIND00705,regular,22292.91,49431.93,23,3718.1,31
CLTIND00707,regular,2599.59,5285.39,15,2467.954,27
CLTIND00709,regular,2037.05,3167.01,10,2468.400909090909,15
CLTIND00710,regular,2908.49,3500.86,13,2097.554,9
CLTIND00711,regular,1639.26,2608.04,9,1345.775,78
CLTIND00712,dormant,3679.48,7839.43,7,3699.4566666666665,8
CLTIND00713,regular,15587.89,20568.32,16,3412.779090909091,59
CLTIND00714,dormant,474.99,1084.16,4,3435.67,24
CLTIND00715,dormant,2881.61,4294.91,10,2573.141111111111,141
CLTIND00716,regular,4030.18,5029.78,9,3645.87,59
CLTIND00717,dormant,2352.72,2761.62,8,1275.53,52
CLTIND00718,regular,4064.37,7471.93,15,4231.96,63
CLTIND00719,dormant,1965.39,4301.97,7,2033.4399999999998,60
CLTIND00720,dormant,13893.22,17938.37,13,1780.9950000000001,139
CLTIND00721,dormant,3231.11,8022.7,15,2195.875,132
CLTIND00722,dormant,2640.4,5784.75,8,2965.61875,0
CLTIND00723,regular,23444.6,40790.18,10,2187.705,46
CLTIND00724,regular,6438.07,11818.7,18,2676.5975,43
CLTIND00725,dormant,271.73,467.84,8,4904.51,0
CLTIND00726,priority,8792.79,17476.97,23,3888.32,8
CLTIND00727,regular,5892.7,7789.2,9,4920.4475,11
CLTIND00728,regular,1484.54,3346.1,11,200.26,25
CLTIND00729,dormant,984.65,1719.55,2,1906.665,2
CLTIND00732,dormant,6559.65,13264.68,7,2068.456,126
CLTIND00733,dormant,4174.67,9819.16,5,1116.65,51
CLTIND00734,dormant,1447.74,3571.58,6,2415.6724999999997,34
CLTIND00735,regular,1912.03,2695.88,12,2721.5175,16
CLTIND00736,dormant,1539.57,2226.64,4,2737.7900000000004,18
CLTIND00737,regular,2108.84,4317.27,9,4885.0975,22
CLTIND00738,dormant,4830.88,8153.65,5,3137.1200000000003,25
CLTIND00739,dormant,1788.34,3778.88,16,3486.29,117
CLTIND00740,dormant,2736.59,6346.17,5,2405.64,25
CLTIND00742,regular,4957.71,8206.96,14,3431.1766666666663,85
CLTIND00743,regular,4923.16,8068.79,16,4837.283333333334,8
CLTIND00744,dormant,4517.85,6991.19,16,2386.4125000000004,228
CLTIND00745,regular,776.02,1596.0,9,2705.8075,58
CLTIND00746,priority,6932.7,15738.8,17,2446.565,11
CLTIND00747,regular,13518.34,21102.58,9,1780.2133333333331,2
CLTIND00748,dormant,4612.76,9336.62,3,1859.7399999999998,42
CLTIND00749,dormant,1516.54,2161.73,8,2425.8900000000003,52
CLTIND00751,regular,843.4,1546.79,10,3384.815,44
CLTIND00752,dormant,492.99,678.36,7,2756.3239999999996,16
CLTIND00753,dormant,7086.18,14301.99,5,2774.6499999999996,5
CLTIND00754,regular,1308.78,2925.23,18,9692.34,7
CLTIND00755,dormant,802.44,1535.5,1,3750.57,29
CLTIND00756,dormant,6908.45,12888.98,7,2520.5116666666668,72
CLTIND00757,priority,18062.5,35028.76,20,5289.533333333334,13
CLTIND00758,dormant,2009.59,3820.62,4,1982.47,56
CLTIND00760,dormant,10238.71,23469.51,20,3906.472857142857,101
CLTIND00761,priority,57696.3,66553.09,18,1759.75,22
CLTIND00762,regular,726.64,814.33,12,4463.66,25
CLTIND00764,regular,5140.62,6692.19,12,2245.6425,9
CLTIND00765,dormant,324.4,632.55,8,2031.65,144
CLTIND00766,regular,2444.32,4826.66,10,1860.4966666666667,39
CLTIND00767,dormant,3147.57,7771.05,6,1293.49,16
CLTIND00768,dormant,3117.54,3953.78,5,3251.64,183
CLTIND00769,regular,7145.91,12767.32,24,3497.75,45
CLTIND00770,regular,1744.69,3664.98,19,2344.195,19
CLTIND00771,dormant,2216.4,2823.07,21,3303.4533333333334,90
CLTIND00772,dormant,1725.16,2316.6,10,2337.88,0
CLTIND00773,dormant,1652.93,2730.5,7,4287.725,73
CLTIND00774,regular,9993.42,21810.3,12,2617.314,32
CLTIND00775,regular,21886.43,34935.36,12,1836.755,21
CLTIND00776,dormant,8559.37,20710.42,6,3450.91,28
CLTIND00777,dormant,1934.96,3723.51,6,3232.436666666667,30
CLTIND00778,priority,10264.76,12571.21,15,2726.0559999999996,19
CLTIND00779,dormant,1169.38,2681.72,2,2425.4566666666665,155
CLTIND00780,regular,3514.19,4086.16,13,3149.298888888889,2
CLTIND00781,priority,14409.2,33791.8,20,1897.8499999999997,9
CLTIND00782,regular,9080.96,11524.92,11,3102.145,5
CLTIND00783,regular,2186.55,3880.93,13,2215.68,74
CLTIND00784,regular,4018.33,6856.39,13,2824.786666666667,39
CLTIND00785,regular,2098.98,3026.18,27,2277.1800000000003,29
CLTIND00787,regular,12474.45,17487.5,15,3063.5066666666667,58
CLTIND00788,dormant,2208.27,2562.86,14,2626.0833333333335,133
CLTIND00789,regular,5665.79,13806.11,9,4922.824285714286,29
CLTIND00790,regular,3312.68,6765.91,23,869.54,28
CLTIND00791,regular,9963.77,11294.26,12,2849.29,59
CLTIND00793,regular,26635.33,40202.53,11,3727.03,7
CLTIND00794,regular,8407.53,17396.78,11,1904.5,19
CLTIND00795,dormant,355.85,526.16,8,2065.3559999999998,21
CLTIND00796,regular,2707.83,5835.67,12,2545.29,39
CLTIND00797,regular,3415.82,6824.82,16,3546.73,86
CLTIND00799,dormant,8078.08,10607.71,2,3432.7450000000003,1
CLTIND00800,regular,3236.21,5927.39,13,2323.0125,6
CLTIND00801,regular,2015.36,4193.14,19,1826.5639999999999,6
CLTIND00802,dormant,5409.7,6149.99,9,3504.82,113
CLTIND00803,dormant,2279.69,5309.68,8,2690.003076923077,66
CLTIND00804,priority,5741.96,9940.07,15,1614.98,16
CLTIND00805,dormant,2462.58,2966.31,8,1638.905,6
CLTIND00806,dormant,417.24,828.05,10,1952.125,143
CLTIND00807,regular,3468.47,6802.64,21,2919.54,34
CLTIND00808,dormant,3614.5,4796.24,6,4086.9733333333334,110
CLTIND00809,dormant,5507.16,9958.01,5,1859.7642857142857,73
CLTIND00810,regular,3811.57,5288.55,11,4973.035,18
CLTIND00811,regular,644.72,1053.06,11,3132.4300000000003,53
CLTIND00814,dormant,3969.26,5899.63,7,2930.435,10
CLTIND00815,dormant,1234.12,1370.17,9,573.355,91
CLTIND00816,regular,2391.79,3030.37,14,3126.0533333333337,51
CLTIND00817,regular,3678.01,8505.93,18,3881.0166666666664,26
CLTIND00818,regular,1086.96,1504.21,11,3467.315714285714,1
CLTIND00819,regular,2240.48,5237.65,17,1832.2475,29
CLTIND00820,dormant,1894.55,2769.18,5,4170.756666666667,71
CLTIND00821,dormant,1108.25,2299.74,6,3106.605,14
CLTIND00822,priority,13131.2,32065.02,17,2444.4,12
CLTIND00823,regular,1701.17,3907.64,10,2741.64,6
CLTIND00825,regular,2906.73,6206.84,12,4190.635714285714,53
CLTIND00826,regular,2009.78,3950.46,18,2346.916,4
CLTIND00827,dormant,39638.52,92195.0,5,3308.5299999999997,22
CLTIND00828,dormant,1550.78,2894.29,3,3251.33,11
CLTIND00829,regular,5049.14,11197.6,13,2517.943333333333,50
CLTIND00830,regular,2021.53,4472.05,15,3418.034285714286,19
CLTIND00831,regular,1971.67,3756.75,10,2762.072,13
CLTIND00832,dormant,1592.73,2760.61,4,3814.5225,13
CLTIND00834,regular,363.73,705.9,9,877.94,35
CLTIND00835,priority,7733.16,17157.93,16,5081.03,2
CLTIND00836,dormant,3343.96,6763.45,5,6237.17,24
CLTIND00837,regular,4763.24,6207.8,13,2246.278,14
CLTIND00838,dormant,5467.43,11437.62,10,4547.389999999999,101
CLTIND00839,priority,23615.86,38737.88,28,1819.155,9
CLTIND00841,regular,1282.19,3179.01,11,2058.272,67
CLTIND00843,dormant,10175.33,22122.07,8,1933.1916666666666,8
CLTIND00844,dormant,11206.58,15898.93,7,2533.077142857143,13
CLTIND00845,priority,10568.24,19064.18,29,4670.594285714285,8
CLTIND00847,dormant,12865.32,20930.61,8,1392.265,179
CLTIND00848,regular,4337.48,6600.48,20,2461.274,3
CLTIND00849,regular,1973.66,4128.8,11,3304.1133333333332,37
CLTIND00850,regular,13630.59,27064.53,14,2306.24,48
CLTIND00851,regular,4332.66,8672.3,11,1417.505,19
CLTIND00852,regular,468.25,971.28,10,2988.6366666666668,57
CLTIND00853,priority,6180.65,11050.98,15,2857.2799999999997,30
CLTIND00854,dormant,34428.7,55200.44,12,2199.1940000000004,103
CLTIND00855,regular,3565.87,7357.08,10,2563.8,18
CLTIND00857,priority,6042.32,13142.55,14,4701.666666666667,22
CLTIND00859,dormant,1779.86,3216.36,8,2137.67,4
CLTIND00862,dormant,1155.41,2008.62,21,2632.3,329
CLTIND00863,regular,3661.83,6888.56,14,2030.6114285714284,9
CLTIND00864,regular,4652.87,7959.81,10,4801.638,14
CLTIND00865,regular,483.52,741.35,11,1582.0049999999999,57
CLTIND00866,regular,643.39,1170.01,18,3014.58,20
CLTIND00867,priority,43032.65,89165.44,17,3114.344,22
CLTIND00869,regular,1772.95,2929.66,23,2972.9516666666664,7
CLTIND00871,regular,3084.86,7373.54,15,3293.3275,20
CLTIND00872,regular,4874.46,7095.62,13,3309.428,1
CLTIND00875,regular,7041.54,12437.07,9,818.0266666666666,19
CLTIND00876,regular,591.34,686.0,9,595.83,81
CLTIND00878,regular,3043.11,6941.23,13,3858.7480000000005,37
CLTIND00879,regular,6170.22,11900.28,13,4951.693333333334,71
CLTIND00880,regular,82561.08,198943.47,10,3799.12,66
CLTIND00883,dormant,3951.08,8401.35,8,3110.64,63
CLTIND00884,regular,3710.02,6377.24,13,3585.6133333333332,13
CLTIND00885,regular,19285.38,42491.56,11,4134.330714285714,52
CLTIND00886,regular,1346.62,2167.03,10,2727.095714285714,13
CLTIND00888,regular,9440.04,13348.42,18,4202.496,83
CLTIND00891,dormant,5092.6,10772.27,8,2928.9275,59
CLTIND00892,regular,2290.86,5645.25,10,7373.52,50
CLTIND00893,regular,6703.72,12165.38,11,7087.65,46
CLTIND00894,regular,2374.12,3628.3,10,2484.685,44
CLTIND00895,dormant,1807.49,4248.39,1,3398.355,27
CLTIND00896,regular,4898.68,7832.7,14,3947.175,31
CLTIND00897,dormant,3536.35,7056.65,8,1201.82,27
CLTIND00898,dormant,1429.53,3373.42,6,1885.7450000000001,14
CLTIND00899,regular,3560.23,7905.7,10,2386.8957142857143,25
CLTIND00900,priority,9188.63,18549.97,28,2934.63,7
CLTIND00901,regular,8384.91,20358.76,9,2033.8675,17
CLTIND00902,dormant,4004.27,7641.02,4,6810.22,20
CLTIND00903,regular,7267.01,12323.87,12,2610.9975,81
CLTIND00904,regular,11392.16,25496.54,10,2387.9285714285716,14
CLTIND00905,dormant,4204.66,8125.41,8,1273.3966666666668,32
CLTIND00907,regular,58536.24,93116.19,12,3064.334,3
CLTIND00909,regular,2217.65,2851.32,12,4055.89,25
CLTIND00910,regular,1578.44,3462.55,9,2774.1535714285715,19
CLTIND00911,regular,2033.52,4878.76,12,2041.8799999999999,35
CLTIND00912,dormant,4939.85,6512.06,7,3541.6975,22
CLTIND00913,regular,13887.3,24471.07,17,3139.911,70
CLTIND00914,priority,8977.47,12276.16,13,3466.9325000000003,20
CLTIND00915,regular,2044.16,4184.45,20,3760.183333333333,6
CLTIND00916,regular,1822.16,4343.86,13,4281.177142857143,51
CLTIND00917,regular,4421.59,10531.78,16,791.5675,33
CLTIND00918,regular,25992.0,61784.52,10,3167.9,16
CLTIND00919,dormant,2971.4,7300.51,13,2227.390909090909,0
CLTIND00920,regular,271.12,477.14,9,1818.89,58
CLTIND00921,regular,7913.48,11521.67,11,2714.195,27
CLTIND00922,regular,19122.42,23199.79,12,2918.07,4
CLTIND00924,dormant,16308.35,40714.01,7,2944.012142857143,112
CLTIND00925,regular,3964.5,9130.56,10,2450.16,32
CLTIND00926,dormant,2517.37,5583.11,6,4657.115,171
CLTIND00927,dormant,3306.69,8178.18,16,6639.325,95
CLTIND00928,dormant,4196.55,6078.32,5,3262.325,14
CLTIND00929,dormant,974.22,1118.24,2,2769.22,184
CLTIND00930,dormant,1983.04,3026.65,7,3009.7536363636364,47
CLTIND00931,regular,467.94,641.22,10,1006.49,7
CLTIND00932,dormant,1663.8,3866.33,2,3094.678,52
CLTIND00933,priority,12019.79,13937.47,16,3978.8536363636363,13
CLTIND00934,priority,8793.49,13001.81,18,1746.0533333333333,16
CLTIND00936,regular,2873.23,3857.19,10,2261.7233333333334,55
CLTIND00937,dormant,1297.85,3120.94,7,1878.3249999999998,61
CLTIND00938,regular,4423.38,7683.36,19,3291.286666666667,85
CLTIND00939,priority,10133.86,12855.68,14,3098.574285714286,5
CLTIND00940,regular,3251.46,6133.32,18,2495.4449999999997,4
CLTIND00941,regular,5510.27,9288.92,27,363.3,16
CLTIND00942,dormant,495.46,882.14,9,2702.8333333333335,113
CLTIND00943,dormant,31665.74,78442.31,6,2253.639,125
CLTIND00945,dormant,730.45,1078.52,3,1796.9850000000001,70
CLTIND00946,priority,8503.43,17132.76,29,4572.564,5
CLTIND00947,regular,1458.21,3600.27,9,1999.0166666666667,66
CLTIND00951,dormant,4003.05,6375.51,6,9341.91,59
CLTIND00952,priority,6319.01,15564.53,14,2685.26,2
CLTIND00954,regular,842.43,1998.18,10,1748.295,83
CLTIND00956,dormant,5557.66,8399.56,7,4626.415,189
CLTIND00959,regular,4179.18,7505.83,16,1968.298,64
CLTIND00960,regular,971.82,1820.59,10,2831.82,66
CLTIND00961,regular,9340.81,16730.21,11,3506.2722222222224,61
CLTIND00963,dormant,2613.75,5171.62,8,3530.77,52
CLTIND00964,dormant,3400.03,5723.7,8,2991.62,65
CLTIND00966,dormant,2608.72,4975.93,7,3187.04,3
CLTIND00967,dormant,1081.37,1726.84,4,1888.8899999999999,9
CLTIND00968,regular,1703.17,2911.43,16,3732.796,73
CLTIND00969,dormant,11654.95,27138.9,8,761.4449999999999,3
CLTIND00972,dormant,2744.37,3545.71,4,3800.81,17
CLTIND00973,regular,338.8,693.02,11,3583.112,5
CLTIND00974,regular,2683.11,5499.44,16,3370.9300000000003,15
CLTIND00975,dormant,606.4,956.13,4,4084.63,215
CLTIND00976,dormant,1957.03,2998.84,11,4227.595,91
CLTIND00977,dormant,830.59,1018.74,7,659.38,73
CLTIND00978,regular,3301.84,6361.54,15,3345.9666666666667,38
CLTIND00979,regular,2683.2,3916.58,17,5127.03,63
CLTIND00980,regular,17746.44,36952.61,15,4716.26,76
CLTIND00981,regular,40744.5,94436.45,11,3708.82,12
CLTIND00982,regular,983.46,1741.09,21,2555.976666666667,27
CLTIND00984,regular,1506.43,3624.44,14,3587.2833333333333,2
CLTIND00985,regular,2788.01,5927.53,22,3341.7799999999997,56
CLTIND00987,regular,946.86,1803.6,9,2825.45,29
CLTIND00988,dormant,3162.13,4073.98,5,3294.312857142857,43
CLTIND00989,dormant,2017.38,2940.1,4,2274.8025,52
CLTIND00990,dormant,16485.07,40005.01,14,3005.91,175
CLTIND00991,priority,22292.06,48768.13,19,1185.868,3
CLTIND00993,dormant,1834.53,3221.81,8,1781.09,200
CLTIND00994,dormant,6019.41,14379.8,8,8015.966666666666,74
CLTIND00995,dormant,7193.76,13440.34,7,3110.1349999999998,9
CLTIND00996,regular,15490.72,31113.59,11,4529.043333333333,30
CLTIND00997,regular,1209.42,2970.05,12,3259.411,28
CLTIND00998,dormant,852.8,2089.83,4,2246.59,23
CLTIND00999,regular,4989.08,7600.27,9,2293.0299999999997,23
CLTIND01000,regular,2815.41,4371.86,11,1950.51,19
CLTIND01001,dormant,1466.05,2896.89,13,3904.545,191
CLTIND01002,dormant,7254.87,14841.13,10,2074.75,98
CLTIND01004,regular,5174.81,12150.99,20,6700.58,39
CLTIND01006,regular,2062.95,3048.08,15,2990.63,57
CLTIND01007,dormant,39255.19,62232.03,4,5787.3,32
CLTIND01008,dormant,1225.27,1726.35,4,1998.22,48
CLTIND01009,dormant,7023.52,11690.05,5,4978.64,37
CLTIND01010,regular,6065.33,8657.42,23,4341.74,27
CLTIND01011,dormant,1347.51,2571.67,12,2436.4871428571428,147
CLTIND01013,dormant,56875.09,124880.52,7,2349.69,66
CLTIND01015,regular,1109.05,1678.83,16,3831.718,10
CLTIND01016,dormant,1579.72,2120.21,6,2441.2066666666665,16
CLTIND01018,dormant,1621.63,2363.03,8,2327.255,11
CLTIND01019,priority,9908.5,19519.16,13,2875.3722222222223,29
CLTIND01020,dormant,1798.67,2732.05,8,1624.28,88
CLTIND01021,dormant,4391.64,7855.54,7,2535.555,8
CLTIND01023,regular,3431.98,4601.11,17,827.56,58
CLTIND01024,regular,45266.85,102296.99,10,2715.9880000000003,34
CLTIND01025,dormant,4085.22,9115.68,6,6010.42,80
CLTIND01027,dormant,1810.7,4131.81,10,3267.117142857143,112
CLTIND01028,regular,1881.72,2820.92,13,2835.765,8
CLTIND01029,regular,1626.24,3737.44,12,2012.538,30
CLTIND01030,regular,12605.72,22250.42,12,2326.26,75
CLTIND01031,regular,464.8,537.72,10,3337.1966666666667,7
CLTIND01032,regular,2442.22,5742.6,10,5808.805,11
CLTIND01033,regular,8077.69,14030.18,11,4822.34,28
CLTIND01035,dormant,1300.43,3052.19,16,3002.556,102
CLTIND01036,regular,1543.11,3691.01,12,3043.08,19
CLTIND01038,priority,15188.18,32660.19,17,447.79,20
CLTIND01040,regular,3482.07,4698.84,12,3205.705,17
CLTIND01041,dormant,4234.47,8579.79,5,3174.865,50
CLTIND01042,regular,1148.57,2395.42,9,3924.4033333333336,23
CLTIND01043,dormant,3456.1,7709.5,8,1877.0700000000002,28
CLTIND01044,dormant,14720.91,17780.83,4,3242.634285714286,85
CLTIND01046,dormant,6076.38,12067.74,16,3197.7200000000003,0
CLTIND01047,dormant,26028.57,46061.97,1,6144.826666666667,16
CLTIND01048,regular,5011.9,7129.49,12,2634.205,61
CLTIND01049,regular,5004.93,6083.04,13,2866.14,27
CLTIND01050,dormant,185.27,453.18,5,2601.76875,44
CLTIND01051,regular,1970.5,2730.5,12,4084.115,14
CLTIND01052,dormant,18178.51,20047.96,6,4486.75,11
CLTIND01054,regular,4129.43,5147.36,12,2155.75,30
CLTIND01056,dormant,1621.43,3601.49,4,2264.1,50
CLTIND01058,dormant,827.1,1660.51,8,2505.295,16
CLTIND01059,regular,2361.6,2607.62,21,2752.9300000000003,48
CLTIND01062,regular,1742.28,3253.37,18,3179.9939999999997,17
CLTIND01064,regular,284.37,349.63,10,2042.5485714285714,62
CLTIND01065,priority,28653.92,38393.51,13,3077.653,13
CLTIND01067,priority,10290.23,18025.25,13,2061.2466666666664,17
CLTIND01069,priority,18762.72,29413.93,14,1594.025,25
CLTIND01072,dormant,1325.83,2501.64,7,2194.16,10
CLTIND01073,regular,1328.14,3242.21,20,1303.65,14
CLTIND01074,dormant,1796.76,4020.13,14,2015.71,130
CLTIND01075,dormant,3449.28,4221.58,5,1814.7350000000001,17
CLTIND01076,dormant,414.02,922.32,8,5186.23,28
CLTIND01077,regular,1167.6,1336.25,10,1372.71,76
CLTIND01078,regular,2791.28,4470.31,14,2990.6899999999996,15
CLTIND01079,regular,2133.28,2725.28,9,3787.8425,29
CLTIND01080,dormant,6813.36,15141.54,23,3222.13,112
CLTIND01081,regular,1254.48,2232.76,12,2384.94,31
CLTIND01084,dormant,3385.94,6494.48,8,2192.7025000000003,18
CLTIND01087,priority,8549.9,16006.67,19,3620.0724999999998,8
CLTIND01089,dormant,1611.36,3710.45,6,2796.4275,45
CLTIND01090,regular,2569.85,2919.67,13,2832.435,18
CLTIND01092,regular,2088.92,4240.38,18,2239.0766666666664,1
CLTIND01093,regular,5780.11,7028.71,9,3605.4700000000003,23
CLTIND01094,regular,2922.95,3891.93,11,2614.16,9
CLTIND01095,regular,2597.54,3707.81,12,3086.03125,35
CLTIND01096,priority,11187.35,15757.2,16,2221.97,7
CLTIND01097,dormant,9425.14,22318.59,8,1381.18,1
CLTIND01098,regular,23328.99,26816.36,21,2664.35,54
CLTIND01099,dormant,2308.88,2969.85,6,2899.6299999999997,87
CLTIND01100,regular,3929.46,4412.56,11,3046.1633333333334,27
CLTIND01101,dormant,5731.43,9035.56,7,5145.746666666667,115
CLTIND01102,priority,31088.21,60967.35,30,2914.838333333333,4
CLTIND01103,regular,616.5,1010.04,11,2433.39,49
CLTIND01104,dormant,1187.64,1974.69,6,2707.71,50
CLTIND01105,regular,2731.83,3939.31,11,2898.268,30
CLTIND01106,regular,743.04,927.16,15,2125.74,27
CLTIND01109,regular,3374.48,3755.88,18,1354.6366666666665,71
CLTIND01111,dormant,731.91,1142.89,8,2653.78,1
CLTIND01112,priority,6600.47,11353.75,21,6402.6849999999995,19
CLTIND01114,regular,6006.3,8388.3,11,4509.7080000000005,50
CLTIND01115,dormant,357.13,843.81,6,2535.7633333333333,6
CLTIND01117,regular,6822.21,16762.11,17,1451.2433333333336,62
CLTIND01118,dormant,3233.43,5754.21,8,3366.246666666667,177
CLTIND01120,priority,5954.49,13903.52,15,4339.22,9
CLTIND01122,regular,1977.36,2219.56,14,2506.12,12
CLTIND01124,dormant,1440.15,1711.15,8,3013.0299999999997,56
CLTIND01125,dormant,6573.21,8645.64,7,3486.7675,28
CLTIND01130,dormant,6537.95,10441.65,7,1313.45,99
CLTIND01131,dormant,7394.39,13206.65,7,1875.08,44
CLTIND01132,regular,11057.46,23379.03,11,855.23,21
CLTIND01134,dormant,6541.16,8348.03,8,5052.16,170
CLTIND01135,dormant,2342.02,3744.78,11,4036.775,174
CLTIND01137,dormant,34762.4,40111.18,8,1230.1960000000001,45
CLTIND01139,regular,770.87,1538.23,12,2668.005,30
CLTIND01143,regular,1202.45,2404.78,18,3631.146666666667,29
CLTIND01144,regular,5131.61,10012.75,16,2990.115,69
CLTIND01145,regular,1166.89,1496.62,13,3354.29,24
CLTIND01146,regular,1260.25,2816.94,10,830.25,29
CLTIND01147,dormant,2594.2,5625.74,6,595.13,116
CLTIND01148,dormant,1959.25,3199.01,7,1774.08,1
CLTIND01149,dormant,2355.07,5732.81,3,5733.835,33
CLTIND01151,regular,947.51,2003.83,21,2487.4566666666665,24
CLTIND01152,dormant,2423.53,5621.92,6,2677.205,15
CLTIND01153,dormant,2150.84,4775.45,5,2497.250833333333,6
CLTIND01154,regular,859.07,1069.98,12,4327.873333333333,7
CLTIND01155,regular,5389.63,9623.84,12,404.99,28
CLTIND01156,dormant,180.79,382.07,7,5315.4175000000005,101
CLTIND01157,dormant,6220.25,12215.67,7,5628.69,7
CLTIND01158,dormant,1632.61,3169.32,17,2666.39,94
CLTIND01159,dormant,1105.98,1578.07,7,1495.48,74
CLTIND01161,regular,4314.16,7767.54,16,2695.4133333333334,11
CLTIND01162,priority,9912.98,12020.55,15,2397.72,7
CLTIND01164,regular,2934.18,4412.69,19,3223.201,64
CLTIND01165,dormant,1153.23,1606.57,5,4125.65,19
CLTIND01166,dormant,43430.16,54631.59,8,2467.915,28
CLTIND01167,dormant,2001.14,4820.74,8,2682.07,6
CLTIND01168,regular,3889.29,8528.31,22,3086.47,37
CLTIND01170,priority,11933.3,27705.95,16,1800.7,16
CLTIND01171,dormant,1651.53,3036.2,8,1918.83,38
CLTIND01172,dormant,1421.4,1970.22,7,2254.77625,72
CLTIND01174,dormant,1335.51,2636.11,9,1528.7966666666669,155
CLTIND01175,regular,6329.71,14144.45,9,4292.9366666666665,28
CLTIND01176,priority,15159.91,25485.76,19,2082.96,23
CLTIND01177,regular,2704.5,3640.1,15,1612.71,1
CLTIND01178,regular,4139.1,7862.5,15,3210.0600000000004,11
CLTIND01179,priority,5686.39,11698.94,20,2569.7325,20
CLTIND01180,dormant,1572.76,2854.79,9,2515.2799999999997,340
CLTIND01181,regular,9744.04,15081.76,10,1631.428,2
CLTIND01182,regular,3264.5,7741.17,18,3019.4933333333333,73
CLTIND01183,regular,939.94,2203.02,14,3343.806666666667,2
CLTIND01184,dormant,3765.82,6810.24,8,1687.51,67
CLTIND01185,regular,1124.69,2278.55,12,3769.54,17
CLTIND01186,regular,5322.05,7565.79,9,2866.638333333333,57
CLTIND01187,regular,3151.17,6611.41,15,3132.4300000000003,28
CLTIND01188,dormant,14192.03,29555.68,5,4628.463333333334,62
CLTIND01189,regular,5364.78,8237.36,19,1409.14,37
CLTIND01190,regular,5141.38,5829.78,12,1535.25,55
CLTIND01191,dormant,6195.6,10046.62,8,3557.55,50
CLTIND01192,priority,15801.8,38487.33,29,2868.24,6
CLTIND01193,regular,13141.37,15873.75,13,3628.275,38
CLTIND01194,dormant,7820.37,17991.97,17,3837.7657142857142,93
CLTIND01197,dormant,17577.38,40118.66,10,3208.1025,103
CLTIND01198,regular,7087.81,12455.02,10,4358.572727272727,21
CLTIND01199,regular,4413.16,10497.71,10,2207.1133333333332,52
CLTIND01200,regular,3730.74,5727.41,23,2524.035,40
CLTIND01201,regular,969.04,2409.82,11,2714.335,16
CLTIND01202,regular,1687.21,2550.82,9,1895.6633333333332,30
CLTIND01203,regular,943.84,2324.15,11,3428.61,3
CLTIND01204,dormant,20895.46,46595.24,8,836.93,31
CLTIND01205,dormant,1938.91,2330.03,8,3288.7883333333334,13
CLTIND01206,priority,4893.38,11742.71,20,3714.9624999999996,28
CLTIND01207,regular,2229.23,2525.25,12,1990.6685714285716,14
CLTIND01208,dormant,3035.38,4217.44,7,2337.84,18
CLTIND01209,regular,2799.77,6972.96,13,1757.5049999999999,29
CLTIND01210,dormant,695.09,984.0,7,2814.283333333333,46
CLTIND01211,dormant,42922.86,104941.66,7,2369.375,4
CLTIND01212,regular,5281.48,9640.81,9,1392.53,11
CLTIND01214,regular,13434.66,26360.37,16,465.63,51
CLTIND01216,dormant,707.6,1179.33,4,3888.84,23
CLTIND01217,regular,1965.42,4706.4,26,5599.305,33
CLTIND01218,priority,15169.31,25301.87,13,1617.7,7
CLTIND01219,dormant,282.41,447.15,6,1955.32,1
CLTIND01221,dormant,627.31,1092.92,5,3459.97,33
CLTIND01222,dormant,3791.57,4700.29,5,1566.07,39
CLTIND01223,regular,245.21,334.07,13,4400.6,50
CLTIND01224,regular,3113.43,6267.01,11,6276.85,5
CLTIND01225,dormant,2376.66,4149.43,6,9384.19,38
CLTIND01226,regular,883.42,2202.57,17,1570.22,2
CLTIND01227,regular,16549.85,37340.68,12,2443.86,14
CLTIND01229,dormant,445.24,945.31,8,4403.443333333334,23
CLTIND01230,dormant,11493.03,21669.5,3,2226.6209090909088,29
CLTIND01231,priority,7234.5,16877.72,14,4006.815,11
CLTIND01233,dormant,4659.13,9667.42,8,1944.02,38
CLTIND01234,regular,28737.63,36078.14,9,2807.8044444444445,61
CLTIND01235,regular,6009.81,9351.75,23,2211.853333333333,35
CLTIND01236,dormant,1478.26,2369.37,8,2272.102,6
CLTIND01237,priority,17628.84,38113.68,17,4555.305,3
CLTIND01238,regular,3351.41,5399.02,15,2191.815,33
CLTIND01239,dormant,13756.41,21693.93,3,2742.5933333333337,39
CLTIND01240,dormant,5521.23,12584.91,6,4807.490000000001,26
CLTIND01241,dormant,445.65,629.12,7,4515.11,89
CLTIND01242,dormant,5084.88,10761.74,7,1370.315,22
CLTIND01243,regular,22463.11,32809.41,18,3264.9919999999997,32
CLTIND01244,regular,6130.18,8098.47,16,4358.63375,66
CLTIND01245,dormant,7727.63,13259.33,8,2861.5299999999997,90
CLTIND01246,regular,1118.29,2155.96,19,4515.652,77
CLTIND01247,priority,8105.95,16658.04,19,3296.04,8
CLTIND01249,dormant,2875.56,4858.9,6,583.52,11
CLTIND01250,regular,4653.62,7121.27,21,4041.14,3
CLTIND01251,regular,7865.77,14522.35,13,2006.87,71
CLTIND01253,dormant,10226.62,20937.63,8,4383.5633333333335,32
CLTIND01254,priority,21873.59,38463.41,22,679.61,16
CLTIND01255,priority,5474.52,11569.71,17,3449.697142857143,12
CLTIND01256,priority,10254.81,14105.08,17,3082.032857142857,10
CLTIND01257,priority,8725.36,20572.65,20,5142.048333333333,12
CLTIND01258,regular,973.71,1409.89,12,2010.96,46
CLTIND01260,dormant,5648.53,13654.3,10,3373.1377777777775,95
CLTIND01261,dormant,11747.83,23784.86,20,3641.98,98
CLTIND01265,regular,26025.05,56631.21,29,1319.98,47
CLTIND01266,regular,2704.93,3976.71,9,3520.85,30
CLTIND01267,regular,5077.44,8639.63,15,1980.8533333333332,22
CLTIND01269,dormant,650.94,1340.25,8,2331.5628571428574,131
CLTIND01270,regular,659.21,1616.13,18,1667.57,5
CLTIND01271,regular,1247.52,2368.03,11,1556.615,14
CLTIND01272,regular,3223.94,7039.86,10,3512.0275,34
CLTIND01273,regular,1589.69,2459.77,10,2902.168333333333,24
CLTIND01274,dormant,1495.09,1787.09,5,3436.5586666666663,85
CLTIND01276,regular,2263.76,4332.0,18,2710.6,7
CLTIND01278,dormant,3366.46,7186.58,6,1902.0149999999999,32
CLTIND01280,regular,2230.74,3878.62,9,2257.185,28
CLTIND01281,priority,18395.67,20663.48,15,2833.633333333333,12
CLTIND01282,regular,2250.03,5119.36,13,4743.126666666667,24
CLTIND01283,regular,16189.2,24440.11,11,2470.3775,20
CLTIND01284,regular,3634.93,7496.8,17,7296.695,60
CLTIND01285,regular,3176.95,6411.77,16,2965.755,21
CLTIND01286,regular,5830.61,13435.35,14,975.0,88
CLTIND01287,dormant,5036.94,12195.26,7,4460.995,34
CLTIND01288,regular,5585.35,6506.81,20,2304.165,2
CLTIND01289,dormant,11260.34,24409.67,13,6172.5075,113
CLTIND01290,regular,1041.08,1287.32,17,3222.2666666666664,26
CLTIND01291,regular,1937.64,3846.79,15,4026.066666666667,62
CLTIND01292,dormant,1846.53,4013.85,11,3147.9133333333334,137
CLTIND01294,dormant,4450.84,10073.35,7,2946.693333333333,130
CLTIND01295,dormant,1368.79,2986.22,6,2112.545,147
CLTIND01296,dormant,1648.07,2789.08,12,3562.8540000000003,119
CLTIND01297,regular,3060.81,4329.49,10,3614.9,6
CLTIND01298,dormant,5221.1,8722.69,8,2943.878,50
CLTIND01299,regular,1540.76,3357.96,14,3258.67,6
CLTIND01300,regular,2141.75,5129.96,13,2590.885,9
CLTIND01301,regular,2473.13,3325.1,12,3077.9739999999997,7
CLTIND01302,regular,19610.66,33024.2,12,3350.9100000000003,58
CLTIND01303,regular,2560.38,4127.17,13,1449.32,2
CLTIND01304,regular,11350.09,15931.31,12,517.59,9
CLTIND01305,regular,2058.56,3624.11,15,2838.834,16
CLTIND01306,regular,8301.75,14493.9,13,1912.9550000000002,46
CLTIND01308,dormant,649.74,720.35,6,1138.06,122
CLTIND01310,dormant,3002.93,6663.45,8,1719.81,63
CLTIND01311,regular,18111.92,34308.56,11,3384.3783333333336,19
CLTIND01312,regular,17132.41,41852.89,11,1491.685,9
CLTIND01313,dormant,2738.38,3505.24,6,2963.4375,94
CLTIND01315,regular,1078.58,2557.06,12,2709.94,9
CLTIND01316,priority,37462.97,86438.06,15,2440.4500000000003,13
CLTIND01317,regular,2888.17,3230.2,15,4684.82,5
CLTIND01318,dormant,3909.97,6115.62,4,495.1,41
CLTIND01319,regular,7099.48,17444.35,18,3085.2833333333333,32
CLTIND01320,regular,1000.32,2036.01,18,1333.9075,50
CLTIND01322,priority,10613.77,18693.27,15,5084.315,4
CLTIND01323,priority,15614.32,37150.15,13,4217.5875,10
CLTIND01324,dormant,2552.42,5572.58,3,3054.2244444444445,23
CLTIND01325,dormant,701.83,1320.45,3,723.08,18
CLTIND01326,regular,3145.96,6317.68,9,2572.4533333333334,77
CLTIND01327,priority,8431.89,21007.13,18,632.2,9
CLTIND01329,dormant,2166.08,4556.92,7,1308.92,22
CLTIND01330,dormant,3264.53,4293.14,8,2023.415,80
CLTIND01331,dormant,10786.67,12903.62,7,2679.85,22
CLTIND01334,regular,2269.83,3413.52,10,3609.9275000000002,69
CLTIND01336,dormant,1456.35,2515.75,6,1937.1,12
CLTIND01338,dormant,6016.91,9640.5,6,4070.27,52
CLTIND01339,regular,1927.67,3702.79,20,3609.4775,40
CLTIND01340,regular,3241.17,6452.38,11,3790.644285714286,12
CLTIND01341,regular,9901.61,22872.24,13,2155.05,59
CLTIND01343,dormant,4063.73,8780.33,16,2902.442,111
CLTIND01344,regular,3521.62,5938.33,9,2452.514,18
CLTIND01345,dormant,315.24,460.2,3,2128.88,56
CLTIND01346,regular,4104.56,9584.57,10,1236.6799999999998,23
CLTIND01348,regular,24000.02,31331.31,10,3574.59,11
CLTIND01349,regular,1840.79,4071.87,11,3066.9275,13
CLTIND01350,dormant,343.25,568.29,4,2698.901,3
CLTIND01351,dormant,9410.61,23324.94,5,3942.23,15
CLTIND01352,dormant,1582.54,2362.66,7,3705.0354545454543,32
CLTIND01353,regular,12529.67,16526.27,13,4793.314,66
CLTIND01354,priority,13063.17,22918.85,14,3543.7599999999998,29
CLTIND01355,priority,6520.5,10506.96,15,3727.27,16
CLTIND01356,dormant,5567.78,12739.23,5,3521.8450000000003,29
CLTIND01357,dormant,1885.74,4391.73,6,2335.635,39
CLTIND01358,dormant,30281.24,57988.84,15,3113.94,103
CLTIND01360,priority,20374.25,46205.39,16,3218.5800000000004,1
CLTIND01362,dormant,10101.13,19287.59,8,2674.0833333333335,198
CLTIND01363,dormant,4270.23,10551.97,6,3257.16,12
CLTIND01364,priority,6479.43,13026.72,19,3351.1428571428573,10
CLTIND01365,dormant,1578.76,2973.26,6,3126.9983333333334,15
CLTIND01366,regular,4036.93,5952.44,10,3266.013333333334,47
CLTIND01367,dormant,5830.48,10630.17,3,4084.0338461538463,76
CLTIND01368,dormant,817.5,1041.39,8,4415.4825,27
CLTIND01370,regular,3423.61,4694.57,21,891.4,88
CLTIND01371,regular,6416.46,11262.13,16,2049.95,46
CLTIND01372,regular,4775.65,9037.79,10,3280.47,71
CLTIND01374,dormant,2791.18,5753.03,18,2787.0525,0
CLTIND01375,regular,1476.23,3564.7,10,2183.5414285714287,3
CLTIND01376,dormant,6376.54,7041.33,7,2107.6000000000004,22
CLTIND01379,dormant,639.59,804.42,5,3260.1875000000005,14
CLTIND01380,dormant,5552.53,7010.0,7,3816.68,12
CLTIND01381,regular,5374.14,7090.41,14,2585.62,22
CLTIND01382,dormant,4463.55,5675.86,5,8320.17,13
CLTIND01383,dormant,29585.65,59840.68,4,2964.49,4
CLTIND01384,regular,6940.86,13952.02,12,3633.2033333333334,11
CLTIND01385,priority,35673.87,83285.93,15,2626.16,5
CLTIND01386,dormant,1661.67,3984.23,9,3496.6633333333334,132
CLTIND01387,dormant,1653.76,2185.47,8,3339.758333333333,45
CLTIND01388,dormant,10718.93,15255.1,7,2072.9855555555555,68
CLTIND01389,regular,2425.21,2856.27,10,4348.99,65
CLTIND01390,regular,4590.34,5624.48,13,2501.665,9
CLTIND01391,regular,1861.74,4120.47,17,427.89,76
CLTIND01392,dormant,3223.12,6477.01,8,3542.4533333333334,2
CLTIND01393,regular,15117.44,27055.76,15,1137.1833333333334,32
CLTIND01394,regular,3669.14,8418.76,17,3773.25,4
CLTIND01395,regular,5085.09,9090.36,31,3114.19125,2
CLTIND01397,regular,933.61,1114.67,11,3845.92,40
CLTIND01398,regular,23398.07,41763.79,21,1404.91,44
CLTIND01399,dormant,5218.64,9402.54,7,3437.183333333333,285
CLTIND01400,regular,9088.37,10355.07,11,4858.715,87
CLTIND01401,dormant,2986.37,6152.39,24,2745.9445454545453,132
CLTIND01402,regular,17609.43,30727.31,12,832.332,8
CLTIND01403,regular,5448.57,8211.98,9,3046.834444444444,22
CLTIND01405,regular,2082.06,5051.88,11,1746.6866666666665,22
CLTIND01406,regular,14867.92,23477.1,11,2904.556666666667,67
CLTIND01407,dormant,4983.24,10641.82,7,3047.5725,1
CLTIND01409,regular,2184.79,4957.04,12,3497.524,80
CLTIND01410,regular,3464.38,5451.66,20,4167.465,6
CLTIND01411,regular,2649.53,6235.47,11,2543.7833333333333,10
CLTIND01412,regular,2182.86,4899.31,11,3348.9900000000002,42
CLTIND01414,regular,1796.03,2083.9,19,1703.68,27
CLTIND01415,regular,61555.75,96408.57,13,4679.15,47
CLTIND01417,dormant,1233.44,2181.24,7,2691.89,4
CLTIND01418,priority,8893.84,9969.23,27,1467.13,19
CLTIND01419,regular,733.76,1369.92,21,760.56,17
CLTIND01420,dormant,1221.47,2847.09,10,3278.3255555555556,96
CLTIND01421,priority,6298.95,10246.56,15,3120.13,3
CLTIND01422,regular,12385.64,24024.77,17,1788.88,68
CLTIND01424,priority,38215.46,95190.19,18,2122.37,22
CLTIND01425,regular,36680.58,89312.26,9,2364.93,20
CLTIND01426,regular,12943.69,26671.59,17,1572.875,89
CLTIND01428,regular,1286.08,2429.5,19,6943.015,30
CLTIND01430,dormant,1458.13,2447.51,8,4121.805,52
CLTIND01431,regular,8696.63,18285.12,11,7158.15,28
CLTIND01433,dormant,15865.0,34248.42,5,2133.28,21
CLTIND01434,regular,12210.79,23853.85,11,2997.292,88
CLTIND01435,regular,12779.47,30231.83,9,1775.7,14
CLTIND01436,dormant,6701.9,12388.76,8,2080.366666666667,39
CLTIND01437,dormant,802.97,1982.63,8,2912.1639999999998,96
CLTIND01439,regular,16225.58,22271.22,15,3182.7364285714284,76
CLTIND01440,regular,669.77,1371.69,10,3249.1049999999996,5
CLTIND01441,dormant,15763.96,23443.54,6,1659.1145454545456,62
CLTIND01442,regular,1376.07,1686.67,11,2828.5525,16
CLTIND01443,dormant,1054.58,2071.49,5,3869.21,89
CLTIND01444,regular,20654.54,34709.57,12,2536.945,4
CLTIND01447,regular,3691.57,8214.3,17,1876.3249999999998,41
CLTIND01448,dormant,1010.84,1515.99,9,3256.55,104
CLTIND01449,regular,3583.47,5250.69,10,1941.4533333333336,10
CLTIND01451,dormant,5618.68,8190.55,11,2172.6875,119
CLTIND01452,dormant,1729.56,3488.88,12,2985.01,214
CLTIND01453,dormant,2092.62,2398.97,11,3575.1925,121
CLTIND01454,dormant,2946.88,4040.29,8,2339.23,2
CLTIND01456,dormant,19571.42,42724.48,5,2702.3599999999997,17
CLTIND01457,regular,2949.25,3708.1,10,2074.55,3
CLTIND01458,dormant,2726.71,3827.32,2,2826.734,56
CLTIND01459,dormant,1687.61,3751.25,12,1742.14,108
CLTIND01460,dormant,949.72,2060.31,7,2184.7375,15
CLTIND01461,regular,5248.65,10803.85,10,2725.325,43
CLTIND01462,regular,769.81,1631.0,10,2560.81,81
CLTIND01463,regular,27951.22,39277.49,11,4346.062,15
CLTIND01464,dormant,2289.68,3855.62,17,4849.46,0
CLTIND01465,dormant,1320.31,1934.52,6,7655.243333333333,67
CLTIND01466,regular,32594.17,39792.13,19,2810.9,31
CLTIND01467,dormant,2010.92,4271.02,4,2627.261,19
CLTIND01468,regular,12183.29,16726.72,10,2267.8366666666666,48
CLTIND01469,dormant,2359.62,4297.67,6,2464.68,19
CLTIND01470,dormant,169.39,210.88,6,4188.79,232
CLTIND01471,regular,3398.24,4881.84,11,6239.406666666667,29
CLTIND01473,regular,1569.58,3285.93,18,1444.16,89
CLTIND01474,regular,7352.64,9889.45,9,3027.8574999999996,4
CLTIND01476,dormant,1257.11,2391.03,7,2906.7144444444443,17
CLTIND01477,regular,7977.8,17569.65,12,2414.942222222222,1
CLTIND01478,dormant,11047.58,16166.63,13,2550.983333333333,219
CLTIND01479,dormant,1449.58,1788.99,1,2661.965,19
CLTIND01480,dormant,833.79,1203.57,6,4707.965,28
CLTIND01482,dormant,2861.78,5446.16,5,2872.975,44
CLTIND01483,dormant,15083.8,24056.04,22,4032.2257142857147,144
CLTIND01484,regular,815.37,1918.21,18,864.08,9
CLTIND01485,regular,3014.67,4928.98,13,8987.83,19
CLTIND01487,priority,4967.01,12054.43,21,3319.463333333333,7
CLTIND01489,regular,6803.77,8316.64,14,3069.08,77
CLTIND01491,dormant,1615.28,3179.86,8,3225.382,145
CLTIND01492,regular,1800.37,3408.11,16,3231.68,13
CLTIND01496,dormant,2362.67,4279.05,5,2834.0466666666666,58
CLTIND01497,regular,3152.86,7783.17,11,1504.836,4
CLTIND01498,regular,1594.3,3752.61,10,3498.395,74
CLTIND01499,regular,1734.54,2009.0,19,866.17,36
CLTIND01500,regular,468.45,704.95,12,5745.42,71
CLTIND01501,regular,1835.32,3086.31,11,343.845,32
CLTIND01502,regular,14531.67,30340.94,10,3153.572,12
CLTIND01503,dormant,7783.65,17762.1,8,4134.916,1
CLTIND01504,regular,868.85,1341.69,10,5099.05,1
CLTIND01505,dormant,1222.58,1612.87,7,6558.678,66
CLTIND01506,regular,1028.02,1551.88,9,3506.29,52
CLTIND01507,dormant,664.4,752.94,5,4739.0,77
CLTIND01508,regular,9778.07,17135.93,20,2398.48,51
CLTIND01509,regular,5896.21,9306.14,18,2155.3045454545454,16
CLTIND01510,dormant,1026.77,1130.25,6,4199.735000000001,70
CLTIND01512,dormant,1392.74,3269.3,7,3723.5775000000003,57
CLTIND01513,dormant,390.73,480.09,5,2905.8366666666666,4
CLTIND01514,dormant,2400.82,5848.67,3,6018.49,1
CLTIND01515,regular,3299.76,7946.09,9,1658.58,41
CLTIND01516,dormant,2791.54,6129.15,7,3328.9700000000003,16
CLTIND01517,regular,3343.31,7372.21,12,1508.974,19
CLTIND01518,dormant,4451.43,10102.06,9,4745.02,134
CLTIND01519,dormant,11167.68,27775.24,8,3737.2999999999997,30
CLTIND01520,regular,1057.36,2584.78,11,2113.05,41
CLTIND01521,dormant,1907.31,3419.55,6,2560.2722222222224,39
CLTIND01522,regular,1427.38,1964.33,17,3392.135,78
CLTIND01523,dormant,6546.14,8123.89,6,2488.93,134
CLTIND01524,regular,569.47,1001.06,12,919.41,10
CLTIND01525,regular,686.9,1580.28,9,3532.7799999999997,1
CLTIND01526,dormant,5262.54,9913.55,8,2473.915,128
CLTIND01527,dormant,2318.83,2837.89,9,2376.7133333333336,113
CLTIND01528,dormant,1681.39,3162.09,5,2486.14,79
CLTIND01529,dormant,1161.67,2739.78,7,7842.22,131
CLTIND01530,regular,8275.73,15959.1,12,4678.99,38
CLTIND01531,regular,1842.62,4019.04,11,2683.234,30
CLTIND01533,regular,638.66,1254.64,9,2174.66,18
CLTIND01535,regular,32270.05,77974.18,21,625.19,31
CLTIND01537,regular,3886.47,6865.58,12,4094.238571428571,73
CLTIND01538,dormant,1402.91,1747.23,7,2541.7966666666666,123
CLTIND01539,regular,2362.43,2856.1,10,2266.0,44
CLTIND01540,regular,1049.59,1329.1,24,1864.4366666666667,9
CLTIND01541,regular,2485.78,3281.81,16,685.62,23
CLTIND01542,dormant,2820.47,6088.39,5,9161.68,32
CLTIND01543,regular,1059.45,1555.55,10,4462.925,31
CLTIND01544,dormant,3255.82,4351.25,7,1522.48,57
CLTIND01545,dormant,2533.85,5824.26,7,967.4899999999999,18
CLTIND01547,dormant,907.29,1515.13,8,2195.69,55
CLTIND01548,regular,214.69,390.57,16,2725.805,10
CLTIND01549,dormant,6942.9,11424.11,5,3200.9674999999997,24
CLTIND01550,dormant,1389.11,1863.83,4,1867.2654545454548,186
CLTIND01552,regular,1556.73,3879.48,11,4127.26,10
CLTIND01554,regular,2686.64,6449.08,9,3487.905,61
CLTIND01555,regular,2120.82,5008.49,22,3340.13,14
CLTIND01556,dormant,4842.88,7133.21,8,2017.165,4
CLTIND01557,regular,2067.99,2302.01,17,695.78,66
CLTIND01558,dormant,12898.18,19262.46,2,3293.0950000000003,9
CLTIND01559,dormant,7521.82,18611.51,3,3327.196363636364,23
CLTIND01562,dormant,2730.52,3281.46,12,3557.365,132
CLTIND01564,dormant,1865.9,4497.01,6,1561.63,220
CLTIND01565,dormant,2600.83,5025.8,5,1809.5233333333333,17
CLTIND01566,dormant,3531.3,6582.51,10,2416.725,134
CLTIND01567,dormant,371.34,768.85,7,2899.53,90
CLTIND01569,dormant,3797.41,7364.15,5,4698.613333333334,109
CLTIND01571,dormant,198.69,230.07,4,3437.9449999999997,6
CLTIND01572,regular,5899.99,7950.19,14,3224.0383333333334,22
CLTIND01573,dormant,3379.23,6864.96,6,3801.98,11
CLTIND01575,dormant,2630.84,6035.97,4,2398.5533333333333,32
CLTIND01576,dormant,2379.42,5356.74,8,3481.8050000000003,53
CLTIND01577,priority,9418.11,12417.15,16,3416.5409999999997,3
CLTIND01579,dormant,4790.14,9106.07,11,3855.32,114
CLTIND01580,dormant,1505.53,2578.61,10,6590.67,0
CLTIND01581,regular,1415.25,2290.99,14,3268.2566666666667,21
CLTIND01582,regular,1644.55,3393.78,11,3256.432857142857,27
CLTIND01583,priority,5262.07,11458.06,17,2680.2633333333333,18
CLTIND01584,dormant,665.33,1378.73,8,3912.6,80
CLTIND01585,dormant,1045.74,1876.19,7,3125.9674999999997,26
CLTIND01586,dormant,3286.53,4174.24,8,3252.9733333333334,85
CLTIND01587,dormant,419.74,472.89,6,1796.37,54
CLTIND01588,regular,7113.05,8272.32,15,2322.846,28
CLTIND01589,regular,493.0,856.1,18,2353.435,9
CLTIND01590,regular,5718.22,9408.67,10,788.72,53
CLTIND01592,regular,1305.75,1505.17,10,2368.745,43
CLTIND01593,regular,56322.16,106153.06,11,2014.0133333333333,38
CLTIND01595,regular,2916.86,6230.7,11,1731.97,1
CLTIND01596,dormant,1151.09,1751.77,6,10226.56,6
CLTIND01597,dormant,1793.75,3272.94,8,2799.18,36
CLTIND01598,regular,7000.54,15286.54,15,3183.3192307692307,78
CLTIND01599,dormant,1934.26,2721.32,6,3967.7124999999996,124
CLTIND01601,dormant,2816.06,4200.06,4,4451.022,25
CLTIND01603,dormant,14509.12,26576.03,6,2112.0550000000003,57
CLTIND01604,dormant,379.08,925.49,3,3450.752105263158,7
CLTIND01607,dormant,7847.24,13545.09,7,4179.713333333333,43
CLTIND01608,dormant,9466.36,22466.18,3,3500.9224999999997,7
CLTIND01609,dormant,318.92,428.33,8,3475.5488888888885,28
CLTIND01610,dormant,6389.82,12650.39,8,3296.111,52
CLTIND01611,regular,2344.51,3939.86,12,1913.435,16
CLTIND01612,regular,16164.45,32235.15,12,1431.155,34
CLTIND01613,regular,8674.81,17690.28,10,3423.656666666667,56
CLTIND01615,dormant,5648.2,9175.08,6,2519.518,75
CLTIND01616,priority,9616.43,17520.59,15,2386.563333333333,10
CLTIND01617,regular,5178.74,9186.51,9,2502.8033333333333,1
CLTIND01618,regular,6555.65,14135.49,12,2884.5633333333335,5
CLTIND01619,dormant,10905.12,13770.45,11,1054.38,240
CLTIND01620,priority,40582.44,86803.77,18,3889.5499999999997,26
CLTIND01621,regular,3355.15,4603.84,15,3239.91375,6
CLTIND01622,regular,456.82,1005.33,16,2914.435,29
CLTIND01623,regular,1466.65,3244.47,14,1696.5459999999998,1
CLTIND01624,regular,1240.47,2338.46,14,3620.726666666667,9
CLTIND01626,dormant,678.82,1615.91,7,3173.286666666667,103
CLTIND01627,regular,1957.09,2339.46,16,3611.405,31
CLTIND01628,regular,1171.6,2732.08,10,2064.668,27
CLTIND01630,regular,2369.36,2758.45,12,3627.853333333333,10
CLTIND01631,regular,3736.81,7937.51,15,2944.3333333333335,31
CLTIND01632,dormant,592.84,1480.05,6,3131.9,2
CLTIND01633,dormant,9947.93,20968.69,3,4148.42,14
CLTIND01634,regular,11266.93,25649.49,11,2824.338,25
CLTIND01636,dormant,3763.05,5086.18,4,6489.629999999999,28
CLTIND01637,dormant,4497.04,5115.2,17,3462.6366666666668,0
CLTIND01638,dormant,3462.82,6452.41,6,4074.34,30
CLTIND01639,dormant,252.23,483.78,6,2673.02,74
CLTIND01640,regular,6426.67,9170.84,23,5751.16,43
CLTIND01641,regular,4124.96,8435.19,12,3222.2075,24
CLTIND01642,dormant,2033.76,4943.08,6,2170.9066666666668,17
CLTIND01643,regular,807.52,1746.25,16,2028.571,21
CLTIND01644,regular,2269.83,3033.55,13,2216.7633333333333,41
CLTIND01646,regular,21171.29,42817.74,10,2663.425,70
CLTIND01648,regular,18907.77,44194.23,10,5635.018571428571,6
CLTIND01650,regular,7135.62,12485.81,9,1491.41,9
CLTIND01651,dormant,3245.3,4056.81,4,3505.2149999999997,41
CLTIND01653,regular,4619.18,5114.23,11,3069.9666666666667,3
CLTIND01654,dormant,397.16,779.95,8,2312.63,84
CLTIND01655,regular,4152.72,6539.22,13,2855.4525,13
CLTIND01656,regular,2240.76,5167.41,14,2421.96375,38
CLTIND01658,dormant,2957.62,4820.77,7,7908.02,18
CLTIND01659,regular,1504.7,2035.24,10,3559.215,3
CLTIND01660,dormant,5417.33,11152.99,6,2613.36,65
CLTIND01663,dormant,2188.7,4657.5,8,2035.99,1
CLTIND01664,regular,1851.12,3383.93,12,954.29,5
CLTIND01665,regular,4607.45,10411.38,10,2535.993333333334,50
CLTIND01667,priority,10544.81,23589.96,14,4009.955,16
CLTIND01668,dormant,33317.35,71982.43,8,2947.1542857142854,22
CLTIND01669,regular,10166.35,22184.17,16,3843.1549999999997,55
CLTIND01670,regular,4140.3,8058.38,24,1885.5133333333335,43
CLTIND01672,priority,4433.42,9785.28,20,3052.475,4
CLTIND01673,dormant,22656.03,26179.0,8,2152.97,20
CLTIND01674,dormant,21798.26,33539.42,5,2637.1,17
CLTIND01675,dormant,783.89,867.96,7,5054.286666666667,15
CLTIND01676,dormant,1093.82,2000.07,9,3959.1746666666663,91
CLTIND01677,regular,2466.05,4507.74,13,2970.725,43
CLTIND01678,dormant,7073.1,15784.32,15,3081.745,232
CLTIND01679,regular,2460.34,5717.75,12,3178.79,35
CLTIND01680,dormant,1197.51,2590.67,4,1930.65,25
CLTIND01681,regular,5078.32,11581.12,19,3268.8,74
CLTIND01683,dormant,3373.4,3785.55,6,8087.65,109
CLTIND01684,regular,14719.98,29400.86,13,2082.748,38
CLTIND01685,dormant,762.73,1716.47,6,4238.2300000000005,16
CLTIND01686,regular,2746.31,6008.4,21,3351.6575000000003,60
CLTIND01687,regular,2398.58,5489.58,13,3721.388,47
CLTIND01688,dormant,3875.62,6801.62,4,3233.763333333333,27
CLTIND01689,regular,4835.22,11721.4,11,5937.12,14
CLTIND01690,dormant,3785.23,4345.82,8,2627.77,41
CLTIND01692,regular,3011.08,5047.17,9,2594.0591666666664,59
CLTIND01693,dormant,2164.12,2544.0,8,1992.915,24
CLTIND01694,dormant,4226.72,6165.05,6,3502.96,32
CLTIND01695,dormant,1472.67,3450.82,4,1726.3425000000002,194
CLTIND01697,regular,10595.77,21615.25,9,1902.54,50
CLTIND01698,dormant,5951.58,9990.97,7,3839.9674999999997,53
CLTIND01700,dormant,3930.93,4750.28,8,4129.285,13
CLTIND01701,regular,1224.61,2973.52,13,2034.82,7
CLTIND01703,dormant,6606.67,10683.11,8,1743.9333333333334,35
CLTIND01704,regular,13447.91,31510.38,10,3678.418333333333,40
CLTIND01705,regular,2459.32,5091.3,15,4412.39,1
CLTIND01706,regular,14149.82,29135.42,16,2936.81,50
CLTIND01707,regular,1408.44,3200.07,15,2572.76,70
CLTIND01708,regular,1915.37,3396.38,12,2341.83,23
CLTIND01709,regular,5316.85,8718.21,10,3303.601176470588,65
CLTIND01710,regular,3672.22,7711.59,14,2541.41,6
CLTIND01711,regular,811.59,1470.98,23,3866.5733333333337,65
CLTIND01712,regular,12002.59,27936.39,11,2645.7854545454543,17
CLTIND01713,regular,11526.48,18911.68,10,3597.1366666666668,12
CLTIND01715,dormant,2265.04,4757.93,4,2782.115,117
CLTIND01716,dormant,5491.76,9242.18,7,3069.8333333333335,28
CLTIND01717,regular,2976.27,5388.49,14,7724.29,7
CLTIND01718,priority,37365.52,67089.06,14,504.13,26
CLTIND01719,regular,3502.39,7964.56,13,3169.475,40
CLTIND01720,regular,1237.95,1898.76,20,4733.055,56
CLTIND01722,priority,12115.83,20630.22,20,1134.59,5
CLTIND01723,regular,206.81,376.77,9,1216.07,11
CLTIND01725,dormant,3193.98,7552.94,8,3693.1725,22
CLTIND01727,dormant,263.67,460.83,7,3530.85,65
CLTIND01728,regular,7707.1,18354.35,9,2613.457,9
CLTIND01729,regular,2548.57,6061.69,9,2250.255,24
CLTIND01730,dormant,3844.16,4383.25,8,6474.285,5
CLTIND01731,dormant,3039.5,5066.63,6,1530.5,92
CLTIND01733,regular,1610.69,3711.37,14,1168.51,2
CLTIND01734,dormant,12632.99,14739.08,5,1990.718,61
CLTIND01735,dormant,1436.8,1996.58,6,2742.072,15
CLTIND01736,regular,1324.31,1509.07,24,1968.3833333333332,30
CLTIND01738,priority,31722.96,70797.28,19,2458.18,23
CLTIND01739,dormant,337.11,705.89,3,1577.3033333333333,1
CLTIND01741,dormant,1457.86,3110.89,6,3377.9725,34
CLTIND01742,regular,4815.58,9944.95,12,2815.7400000000002,40
CLTIND01743,regular,2954.08,6401.61,11,2745.6533333333336,3
CLTIND01744,regular,4033.33,9964.61,9,2010.305,2
CLTIND01745,regular,8595.08,18744.49,10,2097.132222222222,3
CLTIND01746,regular,257.87,348.51,10,2708.32,34
CLTIND01748,regular,4212.93,9306.49,9,3214.2,27
CLTIND01750,priority,18807.9,24729.77,13,6699.084999999999,30
CLTIND01751,dormant,15626.12,25527.66,9,633.99,92
CLTIND01752,priority,12579.95,22347.7,14,2808.752,1
CLTIND01753,dormant,4409.77,10415.98,3,4085.428888888889,3
CLTIND01754,regular,2425.23,4318.65,14,2140.828,19
CLTIND01755,dormant,553.28,1168.36,5,2861.0399999999995,11
CLTIND01756,regular,3654.69,6258.3,17,2144.03,76
CLTIND01757,regular,5046.64,7803.26,20,1591.62,17
CLTIND01758,dormant,3595.99,4855.91,6,1670.8514285714286,131
CLTIND01759,regular,6735.75,14835.21,12,3023.6245454545456,10
CLTIND01760,dormant,2549.09,5930.26,6,3480.4080000000004,19
CLTIND01761,regular,4481.25,11015.79,10,2888.344,65
CLTIND01762,dormant,2385.14,5286.7,2,1542.61,44
CLTIND01763,priority,20354.47,42661.09,21,3135.745,6
CLTIND01764,regular,22799.59,34200.2,15,1962.8799999999999,72
CLTIND01765,regular,4081.66,8759.81,10,2715.105,22
CLTIND01766,regular,1303.61,1510.01,12,2113.7257142857143,14
CLTIND01768,dormant,4330.41,5251.6,10,3212.805714285714,95
CLTIND01770,dormant,835.62,1855.53,4,6340.35,101
CLTIND01771,regular,5401.64,8431.36,15,1060.75,25
CLTIND01772,regular,3341.16,5931.49,11,2772.0275,16
CLTIND01773,regular,2238.95,4530.54,9,3345.918,58
CLTIND01774,regular,593.11,662.2,17,2669.6200000000003,2
CLTIND01775,regular,1079.24,2605.05,13,3469.9080000000004,43
CLTIND01776,regular,32696.8,59489.69,11,2995.32125,58
CLTIND01777,regular,1823.45,3810.9,9,2107.135,8
CLTIND01778,dormant,5947.57,12073.27,5,3460.05,21
CLTIND01779,dormant,1171.43,2503.86,5,1688.405,26
CLTIND01780,regular,3556.91,8160.3,13,3133.6675,56
CLTIND01781,regular,3882.89,8681.92,13,4599.532,23
CLTIND01782,regular,3953.88,6231.3,21,1481.51,24
CLTIND01784,regular,2562.67,3618.46,12,4701.106666666667,17
CLTIND01785,dormant,6326.96,15636.94,8,4280.251666666666,20
CLTIND01786,regular,337.36,773.62,12,2172.79,72
CLTIND01787,dormant,710.18,797.65,7,5692.35,65
CLTIND01789,regular,1251.39,2046.56,9,3231.35625,87
CLTIND01790,dormant,2359.69,3711.81,3,11878.35,155
CLTIND01791,dormant,4216.47,6296.86,8,1174.6699999999998,10
CLTIND01792,dormant,6306.63,9560.61,5,2726.5975,13
CLTIND01793,regular,5853.37,14305.26,12,326.53,28
CLTIND01794,dormant,8457.82,11822.18,6,7469.2,64
CLTIND01796,regular,29769.05,54605.06,13,2045.46,49
CLTIND01797,dormant,978.2,1254.95,2,2954.7740000000003,8
CLTIND01799,regular,4419.8,7838.11,9,1802.22,13
CLTIND01800,dormant,1706.53,2486.94,6,3798.0442857142857,53
CLTIND01801,dormant,456.75,765.21,8,3303.1580000000004,0
CLTIND01802,dormant,3636.5,6447.95,4,3494.556666666667,6
CLTIND01803,regular,4830.73,8443.1,13,1634.07,21
CLTIND01805,dormant,2366.26,5685.69,8,3881.167,16
CLTIND01806,regular,6416.47,9229.73,15,4272.755,42
CLTIND01808,priority,21184.09,31143.03,16,1830.88,6
CLTIND01809,regular,1211.68,1548.58,20,1222.34,21
CLTIND01811,dormant,841.35,978.73,5,1168.975,12
CLTIND01812,dormant,2664.04,4791.94,8,1486.955,85
CLTIND01814,regular,1107.74,2199.13,15,1361.205,77
CLTIND01815,dormant,1595.37,2574.91,7,4913.6849999999995,46
CLTIND01816,dormant,505.43,1247.81,5,1867.69,64
CLTIND01817,dormant,5403.41,8908.17,7,1773.2240000000002,24
CLTIND01818,dormant,4760.57,6422.57,7,3616.31,55
CLTIND01819,dormant,1872.08,2107.49,11,4111.96,94
CLTIND01820,regular,2826.71,4962.57,12,3163.431666666667,16
CLTIND01821,regular,345.48,765.4,11,1278.53,11
CLTIND01823,regular,2314.79,3484.12,12,1356.3600000000001,22
CLTIND01824,priority,24166.1,44279.52,24,3526.0766666666664,25
CLTIND01825,dormant,1208.9,2416.22,4,3428.485,18
CLTIND01826,dormant,1639.25,3255.21,8,4005.971,9
CLTIND01827,regular,12289.92,26513.03,12,2093.4875,35
CLTIND01828,dormant,6965.03,13831.83,6,2095.9566666666665,125
CLTIND01832,regular,1242.4,1472.48,24,3503.3811111111113,19
CLTIND01833,dormant,9749.66,19314.57,6,9056.2,44
CLTIND01834,dormant,593.07,652.42,2,6023.095,47
CLTIND01835,regular,1491.92,2473.74,16,4262.69,15
CLTIND01836,regular,7452.95,16063.7,13,5456.2522222222215,59
CLTIND01837,regular,5395.02,6085.72,9,3038.985,16
CLTIND01838,dormant,1178.96,1629.79,4,1783.47,25
CLTIND01839,regular,1841.42,4373.26,14,3143.9700000000003,9
CLTIND01840,regular,4436.3,6992.37,9,1734.79,36
CLTIND01841,dormant,6227.37,10858.83,14,2446.665,217
CLTIND01843,dormant,2018.21,3606.6,4,2278.84,116
CLTIND01844,regular,10257.53,19372.07,11,3180.685,55
CLTIND01846,dormant,1349.95,3180.91,8,1255.065,86
CLTIND01847,dormant,1968.96,3647.58,2,5196.09,155
CLTIND01848,dormant,6951.11,11166.69,5,4632.3225,82
CLTIND01849,dormant,5952.15,13567.34,2,3591.0499999999997,68
CLTIND01851,regular,1496.28,2876.42,18,4036.38,41
CLTIND01852,dormant,2952.58,5368.08,9,1895.13,149
CLTIND01853,regular,3014.6,5308.41,18,3920.07,85
CLTIND01854,regular,3428.93,7267.94,11,3298.899,43
CLTIND01855,regular,6226.57,11995.55,19,1770.73,42
CLTIND01856,regular,3982.96,6896.48,19,3063.5085714285715,29
CLTIND01858,dormant,3560.63,7352.82,6,2265.24,36
CLTIND01859,regular,1022.85,2166.56,19,1834.875,28
CLTIND01860,regular,3912.07,5734.37,17,4146.427142857143,19
CLTIND01861,dormant,2931.63,6811.41,6,3972.18,23
CLTIND01862,dormant,2853.34,6325.98,5,5104.23,58
CLTIND01863,regular,3579.53,7465.53,14,3578.1339999999996,45
CLTIND01864,dormant,571.75,1060.93,8,4199.936666666667,61
CLTIND01865,dormant,2057.22,4548.43,3,3533.74,50
CLTIND01867,regular,4744.85,8800.54,9,2371.4775,61
CLTIND01868,priority,9694.75,13391.35,17,1182.29,12
CLTIND01869,regular,8029.1,19931.44,15,3986.1440000000002,70
CLTIND01870,dormant,21268.75,23886.52,4,2356.924285714286,2
CLTIND01871,regular,8447.35,18128.95,11,5005.0,4
CLTIND01872,dormant,12377.69,18255.32,6,4039.464285714286,10
CLTIND01873,dormant,9550.65,15769.7,12,4456.805,95
CLTIND01874,dormant,2018.89,2443.56,6,3332.2474999999995,33
CLTIND01875,dormant,6556.69,15380.45,20,3790.373333333333,116
CLTIND01878,regular,20175.39,50313.21,11,2022.055,27
CLTIND01880,regular,3301.81,6643.12,20,3084.0066666666667,4
CLTIND01882,dormant,543.0,759.17,5,3071.64,6
CLTIND01883,priority,13876.67,28195.02,18,3035.1018181818185,26
CLTIND01884,dormant,2146.25,4816.59,11,3804.943333333333,221
CLTIND01885,dormant,6966.39,16633.05,4,3041.66,46
CLTIND01886,priority,16539.99,40454.49,13,981.28,8
CLTIND01887,regular,64800.13,137926.2,11,1293.3,6
CLTIND01888,dormant,7482.1,14682.81,8,2911.894,16
CLTIND01890,dormant,9455.34,11506.25,3,3567.075,17
CLTIND01891,dormant,9816.37,16431.91,16,2787.355,135
CLTIND01892,dormant,5087.38,7987.26,7,3905.61,99
CLTIND01893,regular,740.78,1602.77,19,3871.3075,9
CLTIND01894,dormant,1537.79,3025.92,7,4431.57,95
CLTIND01895,dormant,7848.74,12389.47,8,1564.1350000000002,17
CLTIND01896,regular,4139.0,5409.8,20,4121.6466666666665,14
CLTIND01897,dormant,588.01,1156.84,18,3186.282,120
CLTIND01898,regular,4036.93,9114.69,17,2505.5099999999998,24
CLTIND01900,dormant,1702.3,2049.16,11,2834.486666666666,92
CLTIND01901,priority,5246.92,10757.92,17,2047.61,30
CLTIND01902,regular,703.15,894.27,18,12054.24,64
CLTIND01903,regular,1080.19,1438.2,13,4272.203333333334,9
CLTIND01904,priority,11412.97,20697.34,23,2853.76,21
CLTIND01905,regular,1741.11,2035.3,11,2604.6459999999997,58
CLTIND01906,dormant,618.77,1407.16,5,4229.47,78
CLTIND01908,dormant,2934.68,5029.44,4,1700.3700000000001,39
CLTIND01909,regular,593.57,956.89,9,2571.89,13
CLTIND01910,dormant,11388.56,23858.58,7,4926.900000000001,8
CLTIND01911,regular,3714.0,6249.31,13,5094.493333333333,24
CLTIND01912,dormant,42425.15,72909.19,5,3426.0866666666666,13
CLTIND01915,dormant,1872.09,2412.08,7,3445.0766666666664,189
CLTIND01916,priority,17100.17,38537.28,17,2294.4533333333334,24
CLTIND01917,regular,8665.73,12876.22,17,2347.9325,32
CLTIND01919,dormant,4635.67,6336.33,5,2740.69125,41
CLTIND01921,regular,17746.22,21501.01,10,3543.1800000000003,23
CLTIND01922,priority,12994.18,21112.09,13,3311.6775,17
CLTIND01923,dormant,1736.95,4241.76,15,1341.3600000000001,93
CLTIND01924,regular,10829.01,19044.44,9,2047.0957142857144,14
CLTIND01925,regular,1700.53,2150.1,16,2097.13,9
CLTIND01926,dormant,35299.82,40969.68,25,2872.045,154
CLTIND01927,dormant,1935.12,3645.3,4,2493.45,28
CLTIND01928,regular,3831.39,7467.34,10,3575.35,39
CLTIND01929,dormant,1449.19,1609.46,6,3002.1733333333336,131
CLTIND01930,regular,3840.23,7247.5,10,2914.6749999999997,38
CLTIND01931,regular,461.8,667.89,13,2909.035,32
CLTIND01932,priority,7719.53,15467.93,21,2571.1185714285716,3
CLTIND01933,regular,2658.4,4177.28,9,6355.5,28
CLTIND01934,dormant,926.96,1722.22,8,2959.192,87
CLTIND01935,regular,875.11,2174.07,9,3626.362857142857,39
CLTIND01936,dormant,1550.55,2166.14,4,4183.89,55
CLTIND01938,regular,6885.76,7673.28,28,3152.7466666666664,18
CLTIND01939,regular,1403.32,2749.55,11,979.865,67
CLTIND01940,regular,14725.2,30302.73,12,2388.3366666666666,57
CLTIND01941,dormant,17474.53,42133.56,11,2248.1116666666667,162
CLTIND01942,dormant,1221.98,1546.04,24,2341.16,131
CLTIND01944,regular,23097.44,37789.1,14,3146.09,49
CLTIND01946,dormant,2128.2,4724.35,8,2579.52,105
CLTIND01947,regular,4069.8,6460.85,12,3805.6724999999997,4
CLTIND01948,regular,993.35,1297.11,9,4650.465,54
CLTIND01949,regular,1720.31,2666.05,9,4547.523999999999,4
CLTIND01950,dormant,1006.14,1310.76,17,3710.215,112
CLTIND01951,regular,2648.31,5170.3,10,2168.3419999999996,18
CLTIND01952,regular,8056.57,9055.04,26,4508.3533333333335,26
CLTIND01953,regular,5427.9,10554.37,17,2454.25,53
CLTIND01954,dormant,3015.94,5244.52,5,3776.6160000000004,146
CLTIND01955,dormant,34228.43,67212.97,8,3909.54,18
CLTIND01957,regular,22264.84,43236.76,11,8184.95,61
CLTIND01958,regular,774.49,1734.32,9,3773.022,19
CLTIND01959,dormant,2343.91,4008.53,5,2104.755,9
CLTIND01961,regular,860.26,1656.76,9,6125.44,14
CLTIND01962,regular,6709.75,9131.67,10,3323.955,20
CLTIND01963,regular,3917.47,8948.26,16,3978.4133333333334,25
CLTIND01964,regular,4789.49,8620.99,13,2584.1566666666663,5
CLTIND01965,dormant,476.72,758.49,7,4187.925,178
CLTIND01966,regular,1376.92,3097.76,11,1843.0825,85
CLTIND01967,regular,13603.43,15415.74,10,3810.4849999999997,60
CLTIND01968,regular,2767.16,6384.45,15,5708.07,38
CLTIND01969,regular,8561.56,9988.63,12,1465.0666666666668,21
CLTIND01970,dormant,873.15,1799.27,6,4448.13,14
CLTIND01972,dormant,15155.13,37791.02,11,3802.595714285714,182
CLTIND01973,dormant,6547.61,7332.16,12,2132.365,92
CLTIND01974,dormant,691.89,970.86,22,3345.9900000000002,129
CLTIND01975,regular,3067.22,6942.9,18,3330.69,2
CLTIND01977,dormant,6745.12,11455.29,6,1029.37,53
CLTIND01978,regular,5247.47,7611.39,9,1087.97,8
CLTIND01979,regular,5231.77,12583.01,11,2308.054285714286,46
CLTIND01980,priority,12333.79,15439.32,25,1594.28,6
CLTIND01981,dormant,947.31,1901.73,3,1730.36,1
CLTIND01983,dormant,1035.14,1807.45,3,1513.51,37
CLTIND01984,priority,8496.95,18004.66,14,5456.16,30
CLTIND01985,dormant,2923.63,3357.77,9,3453.85,93
CLTIND01986,regular,827.46,1723.85,12,2743.9533333333334,37
CLTIND01987,dormant,3920.17,6664.2,5,3408.5116666666668,50
CLTIND01988,priority,13887.8,25788.3,15,3138.04,7
CLTIND01989,dormant,4247.19,8150.68,3,2611.2842857142855,45
CLTIND01990,dormant,2946.34,6962.01,5,3305.906666666667,54
CLTIND01992,dormant,2344.75,3605.27,6,5527.264,58
CLTIND01993,regular,4390.14,8445.42,9,3394.7955555555554,52
CLTIND01994,dormant,9092.35,21584.61,7,4421.2699999999995,9
CLTIND01995,dormant,9848.44,21743.03,7,4407.91,128
CLTIND01997,dormant,2126.26,3048.56,3,7683.63,11
CLTIND01998,regular,5254.21,9881.41,10,1769.9059999999997,7
CLTIND02000,dormant,4257.18,6792.6,7,2109.385,44
CLTIND02004,regular,4075.45,6089.05,22,3577.2233333333334,9
CLTIND02005,regular,8452.43,10173.05,9,7351.905000000001,60
CLTIND02008,dormant,257.16,434.68,8,2827.98,150
CLTIND02010,dormant,2282.66,5446.44,7,2433.238888888889,114
CLTIND02011,regular,1135.81,1349.36,10,4715.883333333333,22
CLTIND02012,dormant,42248.12,65150.52,8,6186.95,11
CLTIND02014,priority,6562.47,14570.21,14,3070.0299999999997,14
CLTIND02015,dormant,1173.44,2140.8,7,2464.675,59
CLTIND02016,dormant,1712.48,3610.29,4,4555.09,6
CLTIND02017,regular,4672.76,9017.01,22,2899.29,8
CLTIND02019,regular,20127.33,41065.74,14,2917.165,68
CLTIND02020,regular,10282.39,14396.92,9,5316.76,17
CLTIND02021,regular,4646.17,7976.43,16,1906.8644444444444,81
CLTIND02023,dormant,400.46,730.93,5,1703.5733333333335,28
CLTIND02024,regular,4158.37,9062.49,13,4499.525000000001,76
CLTIND02026,dormant,3061.02,6452.53,20,2113.943333333333,94
CLTIND02027,dormant,5950.31,7220.58,7,3437.7025,32
CLTIND02028,dormant,2657.47,5462.31,15,2675.495,158
CLTIND02029,regular,3185.78,4064.57,19,2521.695,19
CLTIND02032,dormant,7182.01,15557.36,6,2321.2975,91
CLTIND02034,dormant,5011.32,6167.29,5,1441.24,11
CLTIND02036,dormant,8863.81,9820.73,5,6920.9574999999995,20
CLTIND02037,regular,10768.31,17641.19,10,1756.998,22
CLTIND02038,dormant,7977.99,15648.01,4,2195.21,20
CLTIND02039,dormant,1175.0,2932.96,3,3052.325,12
CLTIND02042,dormant,1622.01,2730.77,4,4352.88,55
CLTIND02043,regular,9857.92,17244.33,11,4394.03,24
CLTIND02044,regular,9178.44,22091.66,12,3078.0249999999996,57
CLTIND02045,regular,2644.69,5547.65,25,1190.3319999999999,4
CLTIND02046,dormant,13236.39,15976.17,8,2463.9175,88
CLTIND02047,regular,9229.82,11639.38,15,1907.425,58
CLTIND02048,priority,6925.17,15839.18,17,1094.81,15
CLTIND02049,dormant,1272.15,1587.03,6,2911.477142857143,87
CLTIND02051,regular,3031.19,5176.23,19,1169.855,34
CLTIND02052,dormant,5595.43,8374.47,7,3305.9475,3
CLTIND02053,dormant,1290.07,2100.39,12,2566.4666666666667,95
CLTIND02054,regular,1500.8,3541.9,18,3743.76,41
CLTIND02055,regular,8721.2,12183.33,11,2058.76,48
CLTIND02056,dormant,10983.23,26538.0,7,1760.39,131
CLTIND02057,dormant,6136.2,12142.42,5,3848.89,37
CLTIND02058,regular,1450.29,3605.41,10,1767.7,36
CLTIND02060,regular,7779.19,15026.85,9,1317.76,28
CLTIND02061,regular,9141.92,11328.34,15,2777.49,67
CLTIND02062,dormant,14859.95,23006.62,22,2346.3875000000003,125
CLTIND02064,dormant,1960.87,3404.61,6,3360.085,8
CLTIND02066,dormant,785.61,1898.92,11,5420.165,146
CLTIND02067,dormant,7431.81,9716.74,7,1601.9675,88
CLTIND02068,dormant,3612.19,4849.38,8,2183.108333333333,126
CLTIND02069,dormant,698.97,1593.72,7,3177.53,37
CLTIND02070,regular,17690.74,35247.44,14,2433.503333333333,42
CLTIND02071,dormant,2535.4,4513.8,3,1969.562,173
CLTIND02072,dormant,495.16,593.88,7,1654.71,29
CLTIND02073,dormant,1001.05,2388.42,6,3064.24,33
CLTIND02074,regular,1970.15,4830.42,17,2645.5716666666667,19
CLTIND02075,dormant,2550.24,5147.24,4,2269.4,66
CLTIND02076,regular,3724.39,8054.98,10,3564.722,76
CLTIND02077,regular,7047.78,11778.47,10,3393.47,27
CLTIND02078,regular,4372.3,6023.28,12,3320.6099999999997,3
CLTIND02079,priority,38821.25,66513.73,20,3180.2560000000003,9
CLTIND02080,regular,3831.32,7749.67,22,3846.34,15
CLTIND02081,regular,10372.16,12339.96,11,4241.820000000001,7
CLTIND02083,regular,395.98,546.09,9,2027.0417647058823,15
CLTIND02084,dormant,5439.82,7858.78,8,2942.4449999999997,41
CLTIND02085,dormant,33504.81,51055.94,9,3847.76875,144
CLTIND02086,regular,2613.36,3916.82,10,3292.88,67
CLTIND02089,dormant,1072.77,1859.25,2,4806.256666666667,62
CLTIND02090,regular,554.83,1170.84,20,2732.405,47
CLTIND02091,regular,3186.71,3976.74,13,3034.54375,17
CLTIND02092,regular,1140.83,1350.26,13,2863.67,53
CLTIND02093,dormant,3158.76,5226.8,22,3576.8799999999997,131
CLTIND02095,dormant,1373.63,2153.25,10,3282.2316666666666,112
CLTIND02096,dormant,1030.69,1764.82,4,3204.5016666666666,60
CLTIND02099,regular,1082.25,2010.94,10,3588.2675,40
CLTIND02100,dormant,2633.34,3882.94,14,3065.565,0
CLTIND02101,priority,6861.98,11904.37,13,1816.3983333333333,2
CLTIND02102,regular,1738.77,3456.11,11,1959.646,51
CLTIND02103,dormant,3411.86,4749.06,11,3999.2666666666664,0
CLTIND02104,dormant,2615.91,4537.73,4,2352.342857142857,6
CLTIND02105,dormant,828.24,1300.87,8,3374.98,72
CLTIND02106,regular,12692.02,21688.68,12,4625.821666666667,16
CLTIND02107,dormant,2897.45,3475.07,6,1264.5566666666666,92
CLTIND02108,priority,5534.18,12590.16,13,3135.0919999999996,20
CLTIND02109,regular,884.31,1001.38,15,4153.75,19
CLTIND02111,dormant,12184.86,23563.64,4,2317.846666666667,18
CLTIND02113,dormant,2005.52,4525.85,4,3048.935,84
CLTIND02114,regular,11042.81,26253.25,16,4258.042222222222,40
CLTIND02115,regular,4804.95,6345.18,10,1178.0725,24
CLTIND02116,dormant,4641.46,5560.46,15,2035.903333333333,112
CLTIND02117,dormant,4314.59,6316.38,8,4076.65,25
CLTIND02118,dormant,2946.61,5252.34,6,3321.1225,3
CLTIND02119,priority,11501.9,24047.1,19,2640.5783333333334,20
CLTIND02120,dormant,35269.2,49304.17,8,1721.029,16
CLTIND02122,dormant,10453.13,11906.21,12,3580.25,113
CLTIND02124,dormant,5075.21,10767.31,24,1628.345,190
CLTIND02125,regular,5469.17,8770.95,12,3581.682,75
CLTIND02126,regular,2842.32,4246.29,12,3214.186666666667,5
CLTIND02127,dormant,27332.52,47439.56,14,4479.13,182
CLTIND02128,regular,6755.13,15745.1,10,4247.735,65
CLTIND02130,priority,5245.18,11160.64,27,4396.223333333332,15
CLTIND02131,dormant,1228.85,2233.49,7,2250.563,46
CLTIND02132,dormant,5170.53,7118.18,7,1932.96,20
CLTIND02134,dormant,15679.4,38865.8,4,2666.428,25
CLTIND02135,dormant,1786.99,4242.09,7,2300.64,32
CLTIND02136,dormant,1414.3,3031.95,3,6743.16,33
CLTIND02137,regular,2027.59,3385.39,15,3315.5866666666666,23
CLTIND02138,dormant,8145.23,13999.46,4,355.52,11
CLTIND02140,regular,557.14,1184.86,22,1125.46,1
CLTIND02141,regular,5378.23,6656.11,11,3720.1099999999997,23
CLTIND02142,regular,3689.22,9044.5,11,3004.34,35
CLTIND02143,regular,6542.77,11549.63,13,6547.04,36
CLTIND02144,dormant,1483.77,3184.64,5,3054.91,143
CLTIND02145,regular,596.07,1294.48,10,3552.61,75
CLTIND02147,regular,15784.79,22595.63,10,3198.5060000000003,31
CLTIND02149,priority,15630.96,28954.38,20,1018.64,27
CLTIND02150,dormant,4952.57,5479.36,17,1542.305,118
CLTIND02151,dormant,5886.33,13221.01,4,2561.0233333333335,33
CLTIND02153,priority,7383.19,10611.6,15,3921.7225,13
CLTIND02154,dormant,2264.85,3983.8,8,3934.0,82
CLTIND02155,dormant,8644.85,13955.09,7,2997.0,22
CLTIND02157,dormant,3568.59,7160.56,16,2020.982,107
CLTIND02158,dormant,1447.66,3122.07,18,1863.445,94
CLTIND02159,dormant,11908.95,21236.93,7,4312.01,14
CLTIND02161,dormant,7193.02,9886.72,3,1534.47,62
CLTIND02162,regular,16574.81,35304.31,11,2512.6733333333336,64
CLTIND02163,dormant,8072.38,14778.65,20,2711.945,124
CLTIND02165,dormant,640.09,1366.73,11,1730.2625,113
CLTIND02166,dormant,1754.34,3149.65,8,2371.4500000000003,66
CLTIND02167,regular,1463.1,3445.33,23,2391.78625,5
CLTIND02168,regular,12294.12,24720.75,9,879.0,49
CLTIND02169,dormant,7506.56,16243.11,12,2551.654285714286,127
CLTIND02170,regular,2764.58,4695.39,14,2226.7400000000002,22
CLTIND02172,dormant,1614.51,3162.22,8,3833.043636363637,6
CLTIND02173,regular,461.67,1050.05,12,2903.596666666667,62
CLTIND02174,regular,1917.25,2913.44,11,1479.99,5
CLTIND02175,dormant,2110.9,4956.91,6,3395.8720000000003,36
CLTIND02176,regular,580.1,858.42,15,2832.8463636363635,19
CLTIND02177,regular,2643.34,4433.99,20,7573.08,85
CLTIND02178,dormant,2368.48,3403.81,6,4295.44,55
CLTIND02179,regular,2028.85,3433.44,9,2105.9483333333333,22
CLTIND02181,dormant,9733.81,21636.94,8,2476.86,6
CLTIND02182,regular,806.42,1858.55,12,2616.4000000000005,9
CLTIND02183,dormant,2410.43,5451.36,8,3515.2599999999998,9
CLTIND02184,dormant,1249.5,2828.14,10,4468.485,182
CLTIND02185,regular,6005.57,8789.98,10,2829.6785714285716,2
CLTIND02186,regular,7905.85,13497.27,10,2174.0260000000003,34
CLTIND02187,dormant,2857.25,5948.63,5,3225.562857142857,78
CLTIND02188,dormant,6946.61,16087.73,9,4235.86625,125
CLTIND02189,regular,472.8,731.01,14,2079.1099999999997,27
CLTIND02190,regular,6841.32,10732.79,11,3971.59,7
CLTIND02191,priority,20126.85,26529.87,28,3950.0833333333335,13
CLTIND02192,dormant,17460.75,31403.56,11,5378.16,111
CLTIND02193,regular,5175.15,11078.94,11,6142.43,14
CLTIND02194,priority,6550.3,12702.61,13,5234.486666666667,15
CLTIND02195,regular,632.92,1274.86,10,3095.9474999999998,3
CLTIND02196,regular,2156.68,4042.56,12,4434.9325,30
CLTIND02197,dormant,5572.43,7421.39,6,1781.5260000000003,139
CLTIND02198,regular,6160.96,10897.96,29,1374.39,55
CLTIND02199,regular,2248.17,3976.87,10,2664.0133333333333,73
CLTIND02200,regular,334.61,396.83,18,745.03,17
CLTIND02201,regular,1121.05,2774.16,14,3381.165,25
CLTIND02202,dormant,347.46,547.11,12,2512.6625,129
CLTIND02204,dormant,2120.82,4882.97,4,2766.0099999999998,209
CLTIND02205,regular,2105.94,2479.68,12,3370.8325,15
CLTIND02206,regular,2676.79,5788.95,18,4245.175,14
CLTIND02207,dormant,2188.38,4540.19,17,2892.33,157
CLTIND02210,dormant,11274.42,14155.16,14,5510.14,155
CLTIND02211,regular,2243.45,2974.5,12,2266.635,10
CLTIND02212,regular,5425.71,6488.7,18,2767.658,45
CLTIND02213,regular,3218.99,4546.14,9,2932.4049999999997,44
CLTIND02214,regular,3049.02,6013.88,10,2594.236666666667,50
CLTIND02215,regular,4164.36,8104.38,14,745.82,5
CLTIND02216,priority,12250.24,24468.58,19,6183.775,6
CLTIND02217,regular,38534.58,45074.66,11,2272.52,31
CLTIND02218,dormant,1829.15,4494.54,8,3698.981111111111,22
CLTIND02219,regular,5372.7,6408.08,9,2310.13,56
CLTIND02220,regular,2746.17,4655.1,9,3040.6975,57
CLTIND02221,dormant,6579.32,12267.42,9,4469.666666666667,111
CLTIND02222,dormant,909.05,1608.0,8,3346.0399999999995,5
CLTIND02223,dormant,9239.42,19026.12,1,1829.32,22
CLTIND02225,regular,18830.3,30842.14,11,672.64,30
CLTIND02226,regular,2746.32,4635.55,16,2839.17,28
CLTIND02227,dormant,2151.19,2720.09,5,2692.51,37
CLTIND02228,dormant,2916.61,5259.74,6,3322.29,95
CLTIND02229,dormant,567.35,703.2,14,4381.995,0
CLTIND02230,regular,1472.25,2674.02,9,3372.5333333333333,40
CLTIND02231,regular,3951.8,5878.71,9,3939.365,22
CLTIND02233,regular,973.25,1295.16,9,4418.796666666666,8
CLTIND02234,regular,3310.84,4452.43,16,4665.315,12
CLTIND02235,dormant,1262.73,2499.64,3,3059.023333333333,80
CLTIND02236,regular,1961.74,2734.74,13,3276.222,25
CLTIND02237,dormant,1637.05,2823.05,5,4103.9,19
CLTIND02238,dormant,41011.48,63164.61,8,3125.7785714285715,46
CLTIND02239,regular,739.85,1379.64,13,1903.2949999999998,15
CLTIND02240,dormant,3978.92,8659.61,4,1869.19,19
CLTIND02242,regular,1199.24,2178.56,14,3593.8742857142856,79
CLTIND02243,regular,516.93,870.96,10,2179.445,88
CLTIND02244,regular,3054.01,6283.18,13,6704.505,3
CLTIND02245,regular,2089.64,5202.44,15,2983.22,58
CLTIND02246,priority,23468.42,33643.03,20,1927.64,27
CLTIND02247,regular,4799.53,6724.19,11,8691.67,4
CLTIND02248,dormant,8478.2,14335.66,7,2816.0325000000003,92
CLTIND02249,dormant,2733.66,6360.44,7,2604.90875,73
CLTIND02251,regular,1495.24,2658.33,9,3158.4216666666666,41
CLTIND02252,dormant,2620.56,6191.01,8,2412.614,8
CLTIND02254,regular,6418.35,14216.6,10,3166.6709090909094,83
CLTIND02255,dormant,10689.55,23315.6,7,3250.1259999999997,0
CLTIND02256,regular,1410.08,3444.06,13,1186.11,17
CLTIND02257,regular,1661.05,2272.28,15,685.17,25
CLTIND02258,regular,7053.1,15561.9,9,4114.363333333334,74
CLTIND02259,regular,6713.38,13570.38,12,2812.015,72
CLTIND02260,regular,972.9,1543.0,16,1658.39,7
CLTIND02263,regular,6517.78,9526.06,22,2619.9733333333334,78
CLTIND02267,dormant,2581.85,2923.11,6,2922.985,39
CLTIND02268,priority,7713.43,13864.8,17,1234.51,2
CLTIND02269,dormant,13878.7,31210.29,2,2808.8100000000004,29
CLTIND02270,dormant,6632.04,11968.69,8,2844.787142857143,173
CLTIND02271,regular,2535.83,5893.49,11,4136.58375,29
CLTIND02273,regular,410.03,716.3,12,3945.52,13
CLTIND02274,regular,564.24,1071.11,9,2001.8957142857143,13
CLTIND02275,regular,6197.98,8366.39,22,3571.5033333333336,11
CLTIND02278,priority,4932.3,12017.31,20,1947.7085714285713,2
CLTIND02279,dormant,7092.11,10729.61,7,4078.0988888888887,169
CLTIND02280,regular,1126.05,2759.04,12,2726.8599999999997,45
CLTIND02281,regular,6360.73,14099.95,22,2562.16,70
CLTIND02282,dormant,2780.38,3500.72,8,3138.21,69
CLTIND02283,priority,15296.77,30606.47,25,3328.355,15
CLTIND02284,dormant,9569.92,15871.83,5,4453.5233333333335,95
CLTIND02285,regular,2915.5,4382.51,10,1852.9025000000001,29
CLTIND02286,regular,1832.97,3122.48,15,2369.645,10
CLTIND02287,regular,2944.59,6920.53,11,1498.83,1
CLTIND02288,regular,2790.81,5894.57,9,3449.7300000000005,49
CLTIND02289,regular,1957.58,3987.92,16,1967.73,14
CLTIND02290,regular,17850.1,38659.81,11,3753.69,45
CLTIND02291,regular,2609.71,4127.53,9,6806.036666666667,2
CLTIND02292,dormant,791.67,910.17,4,2513.1233333333334,3
CLTIND02293,regular,2429.25,5066.1,12,3883.455,16
CLTIND02294,regular,1643.07,2621.87,21,2913.036666666667,18
CLTIND02295,regular,9364.4,14960.24,17,5710.85,47
CLTIND02297,priority,12054.63,13558.48,17,4262.093333333333,17
CLTIND02298,regular,6845.28,13422.8,10,3455.3599999999997,13
CLTIND02299,regular,6416.62,7148.76,11,2641.5333333333333,85
CLTIND02300,dormant,1191.32,2116.88,7,1590.34,11
CLTIND02301,dormant,460.09,790.76,3,2595.8,55
CLTIND02303,dormant,21568.69,50625.17,6,1305.8166666666668,1
CLTIND02304,dormant,7369.6,8471.87,8,4556.191428571428,25
CLTIND02305,regular,2003.95,4673.86,17,3568.53,28
CLTIND02306,dormant,5871.33,11683.01,8,3009.9325,5
CLTIND02307,regular,4554.34,8689.99,25,5819.48,5
CLTIND02309,regular,2017.93,4740.9,12,3819.8250000000003,28
CLTIND02310,dormant,3295.52,7800.29,8,2660.585,3
CLTIND02311,regular,27818.17,55927.14,16,2390.0099999999998,80
CLTIND02312,regular,6785.1,7794.68,9,5687.925,61
CLTIND02313,regular,5271.54,11095.39,13,1330.59,89
CLTIND02314,regular,4481.29,5018.03,20,3468.67375,11
CLTIND02316,regular,1554.76,3781.88,11,2072.53,46
CLTIND02317,dormant,3344.68,8234.38,10,995.24,92
CLTIND02318,dormant,1921.11,3927.54,5,2690.938333333333,23
CLTIND02319,regular,3497.27,4402.61,11,3184.56375,11
CLTIND02320,regular,1395.22,2305.69,11,1518.2250000000001,6
CLTIND02322,regular,2406.13,3474.37,9,1781.615,20
CLTIND02323,regular,5112.8,10696.99,10,2930.29,27
CLTIND02325,regular,5250.47,13125.86,12,5113.876666666666,1
CLTIND02326,priority,4622.89,11543.54,20,3216.75,9
CLTIND02327,dormant,6434.25,12786.49,6,988.24,12
CLTIND02328,dormant,2123.13,4477.72,5,4480.632,9
CLTIND02329,regular,15581.13,23947.32,16,1469.125,41
CLTIND02330,regular,1753.92,3917.63,11,3836.0699999999997,72
CLTIND02331,dormant,423.51,711.91,6,1291.44,8
CLTIND02333,regular,5108.19,10030.99,9,2868.4933333333333,47
CLTIND02334,regular,8091.87,9351.12,9,3609.202,57
CLTIND02335,dormant,2207.11,5030.86,4,4347.2925,16
CLTIND02336,dormant,8624.54,10650.35,7,3706.2699999999995,0
CLTIND02337,regular,3925.91,6586.55,22,2755.3925,2
CLTIND02338,dormant,6370.59,10679.12,8,3101.26,38
CLTIND02339,dormant,3544.37,3903.98,19,683.74,96
CLTIND02340,regular,2490.4,5040.69,13,4101.490000000001,11
CLTIND02341,regular,5722.76,11589.73,12,1375.395,41
CLTIND02342,regular,5717.3,8702.02,15,4074.95,1
CLTIND02343,regular,6632.13,8403.43,13,3270.075,41
CLTIND02344,regular,5733.13,8383.5,11,3900.906,59
CLTIND02345,dormant,7587.78,12063.73,6,2161.5299999999997,146
CLTIND02346,dormant,4614.47,11235.41,16,2821.7827272727272,0
CLTIND02347,priority,17179.92,36397.74,13,3148.4475,1
CLTIND02348,dormant,5692.49,8467.06,3,1886.83,46
CLTIND02349,dormant,2845.02,3730.03,12,3829.0299999999997,103
CLTIND02350,regular,1200.19,2495.07,13,2485.0299999999997,70
CLTIND02351,regular,5150.98,7014.66,16,2761.44375,80
CLTIND02353,regular,467.38,965.03,9,2632.23,39
CLTIND02354,dormant,2591.13,6320.31,6,2798.733333333333,5
CLTIND02355,regular,1207.75,2473.09,10,3393.4224999999997,44
CLTIND02356,regular,3539.89,6474.0,15,1671.208,24
CLTIND02357,regular,3664.88,6419.56,18,3051.12,18
CLTIND02358,dormant,364.56,560.67,6,3414.5914285714284,19
CLTIND02360,regular,8599.65,18805.42,9,2376.3508333333334,12
CLTIND02361,regular,3817.49,6505.64,10,8714.1,33
CLTIND02362,dormant,9211.21,17886.68,8,5181.47,49
CLTIND02363,dormant,3510.8,5484.47,4,4055.338571428572,48
CLTIND02364,dormant,1404.13,1902.56,8,2821.34,1
CLTIND02365,regular,1370.39,1740.85,12,2711.160714285714,18
CLTIND02367,regular,992.41,1091.84,14,2754.05,70
CLTIND02368,regular,6454.51,11381.75,10,2958.11,5
CLTIND02369,dormant,3006.66,5007.51,6,2055.96,8
CLTIND02370,regular,1882.28,2656.52,12,3430.4375,44
CLTIND02371,dormant,8325.58,17356.0,1,3509.29,5
CLTIND02372,dormant,9092.41,22226.7,8,3937.54,30
CLTIND02373,dormant,8717.66,20172.57,7,6811.77,27
CLTIND02374,regular,1604.54,1830.59,33,2887.16,30
CLTIND02375,regular,4296.23,10089.48,11,2448.96,51
CLTIND02376,dormant,262.22,477.94,4,609.43,177
CLTIND02377,dormant,8039.65,18447.67,15,1355.1,93
CLTIND02379,dormant,450.89,549.09,6,3298.022,44
CLTIND02380,dormant,1286.79,2105.68,6,3733.6783333333333,123
CLTIND02381,priority,4565.68,9417.26,14,3077.3199999999997,30
CLTIND02383,regular,5814.09,6723.77,14,3056.32,16
CLTIND02384,dormant,1908.57,3510.24,3,3392.863,13
CLTIND02387,dormant,1064.57,2612.41,5,1801.61,16
CLTIND02388,dormant,2948.58,5774.69,6,2389.214,1
CLTIND02389,regular,1027.36,2167.64,13,2427.54,9
CLTIND02390,regular,4801.82,5500.52,10,2976.65,78
CLTIND02391,priority,9244.62,14962.56,18,3121.788,19
CLTIND02392,regular,7936.82,14855.71,17,2829.556666666667,43
CLTIND02393,priority,6383.84,9846.89,26,2032.6225,21
CLTIND02396,dormant,1274.78,2799.71,5,2292.672,57
CLTIND02398,regular,13407.64,25116.65,10,2716.1099999999997,3
CLTIND02400,dormant,1263.8,2639.22,8,6556.58,34
CLTIND02403,dormant,868.91,1855.6,3,773.06,12
CLTIND02405,dormant,4261.63,9788.62,6,4285.653333333334,135
CLTIND02406,regular,3133.73,5965.09,14,2514.29,25
CLTIND02407,regular,1953.51,4451.85,17,2922.398,10
CLTIND02411,regular,9710.56,15537.81,10,3741.495,58
CLTIND02412,dormant,18855.29,41692.68,10,3447.31,188
CLTIND02413,regular,1913.63,4470.03,13,5638.725,14
CLTIND02414,priority,16265.06,30187.22,20,2681.836875,22
CLTIND02415,regular,3453.31,4450.06,12,4200.372,9
CLTIND02416,dormant,12212.87,25464.15,6,4170.22,44
CLTIND02417,regular,1812.67,2770.59,10,3092.6325,7
CLTIND02418,dormant,1706.41,3154.24,7,3484.585,6
CLTIND02419,priority,12113.26,20303.46,14,2949.108461538461,30
CLTIND02421,regular,12627.83,25089.05,17,4667.225,35
CLTIND02422,dormant,1868.9,3268.16,8,3140.05,221
CLTIND02423,regular,3007.31,6557.74,10,3476.51,25
CLTIND02424,regular,2201.94,2658.79,12,3720.1425,7
CLTIND02425,dormant,1331.74,1993.82,8,1376.81,6
CLTIND02426,dormant,23896.72,59415.39,2,2345.2366666666667,4
CLTIND02427,priority,18537.94,34375.41,14,4484.975,13
CLTIND02428,regular,1476.98,3434.09,12,4958.745,33
CLTIND02429,regular,2399.98,5104.68,16,4155.986666666667,74
CLTIND02430,regular,1265.68,1940.8,17,3150.986,4
CLTIND02431,regular,1614.53,2675.74,17,2461.585,3
CLTIND02433,dormant,999.3,1350.96,8,2780.54,1
CLTIND02436,regular,8480.08,9623.23,9,1539.3,15
CLTIND02437,dormant,4042.38,7683.74,9,3247.123333333333,130
CLTIND02438,priority,7051.67,16012.28,19,1189.46,15
CLTIND02439,regular,5497.28,6299.27,12,2393.4080000000004,52
CLTIND02440,regular,4884.62,5479.46,16,2897.74,3
CLTIND02441,regular,926.88,1291.5,13,4585.047142857143,45
CLTIND02442,regular,3235.38,4333.0,13,1329.65,53
CLTIND02443,regular,9158.3,20757.54,10,3333.1724999999997,89
CLTIND02444,regular,37747.09,48423.32,9,379.31,61
CLTIND02445,dormant,1798.55,2686.37,6,4643.365,22
CLTIND02446,regular,10336.38,23731.86,9,3803.4666666666662,75
CLTIND02447,regular,4327.44,4767.09,14,2308.5175,25
CLTIND02448,regular,3051.69,7395.53,9,2285.252,31
CLTIND02449,dormant,1176.17,2881.76,5,1217.7566666666667,88
CLTIND02450,dormant,1175.83,2233.67,6,3274.775,152
CLTIND02451,regular,333.93,444.25,10,2103.825,30
CLTIND02452,dormant,2100.58,3282.24,6,3158.1014285714286,82
CLTIND02453,regular,3833.03,4342.37,16,2903.33,11
CLTIND02454,dormant,1050.53,2588.29,4,1490.445,282
CLTIND02455,dormant,3141.76,3505.08,4,2723.441428571429,47
CLTIND02456,regular,6252.22,9890.2,9,890.04,7
CLTIND02459,dormant,683.41,789.06,8,2942.425,8
CLTIND02460,dormant,972.3,1142.2,8,1962.23,46
CLTIND02461,dormant,3374.12,4143.45,5,3220.5199999999995,17
CLTIND02463,dormant,981.92,1390.71,6,1595.0666666666666,115
CLTIND02464,dormant,804.09,1946.08,8,2914.4625,118
CLTIND02465,regular,5275.83,12819.83,32,987.06,31
CLTIND02467,dormant,992.86,2072.31,5,1735.38875,16
CLTIND02469,regular,599.81,1467.47,14,2650.055,28
CLTIND02470,regular,1983.75,3989.33,25,2964.6266666666666,48
CLTIND02471,regular,3676.08,4202.85,12,3353.20625,71
CLTIND02472,regular,2682.77,3582.99,9,1607.18,6
CLTIND02474,dormant,129163.58,199956.81,10,4191.9475,126
CLTIND02475,regular,5503.84,9410.97,9,1430.47,42
CLTIND02476,dormant,1361.44,2378.39,18,4394.928,108
CLTIND02477,dormant,430.1,726.97,9,3831.4824999999996,105
CLTIND02478,dormant,289.5,537.69,6,2094.01,10
CLTIND02479,regular,3468.7,5086.77,9,1431.65,54
CLTIND02480,regular,175.46,292.07,15,2671.0766666666664,54
CLTIND02482,regular,2398.66,5441.39,12,3972.99,13
CLTIND02483,priority,6430.96,14440.2,18,2322.8675,4
CLTIND02484,regular,4827.1,8131.87,17,1189.71,50
CLTIND02486,dormant,359.24,451.86,9,3406.636,117
CLTIND02488,dormant,2480.1,4023.56,7,2856.906,0
CLTIND02489,dormant,4380.48,7732.78,11,3533.665,105
CLTIND02490,regular,1800.04,3338.08,14,4276.225,9
CLTIND02491,dormant,322.81,359.96,7,4468.822,99
CLTIND02492,regular,4648.06,11419.96,11,2139.85,48
CLTIND02493,dormant,645.48,1166.22,5,1475.5549999999998,80
CLTIND02494,dormant,884.44,1513.16,9,1949.5033333333333,93
CLTIND02495,regular,1971.08,4533.86,11,1540.9099999999999,89
CLTIND02496,dormant,812.36,1808.33,8,5472.596666666667,63
CLTIND02497,dormant,11445.34,14637.4,7,1038.37,114
CLTIND02500,regular,1856.75,3285.02,12,2004.77,49
CLTIND02501,dormant,2049.23,3667.05,3,1464.9,9
CLTIND02502,dormant,2558.3,5449.42,13,4904.805,216
CLTIND02503,regular,10836.67,21634.79,11,5563.373333333333,85
CLTIND02504,priority,10632.82,16794.31,13,2997.345,15
CLTIND02507,regular,1901.92,3531.03,15,1546.7666666666667,5
CLTIND02508,dormant,9752.64,10858.01,6,3474.4533333333334,14
CLTIND02509,dormant,12192.05,16057.69,5,3137.165,138
CLTIND02510,regular,9283.43,19021.77,17,3375.315,33
CLTIND02511,priority,53657.48,98245.06,18,2998.12,22
CLTIND02512,regular,2393.2,5262.74,14,3229.602222222222,8
CLTIND02513,regular,17317.82,42512.94,17,3421.978333333333,70
CLTIND02514,regular,890.14,1446.66,20,3131.6042857142857,13
CLTIND02515,priority,17891.15,30139.54,15,4000.396666666666,15
CLTIND02516,dormant,4050.97,6080.56,5,3332.58,9
CLTIND02517,regular,4946.37,9781.28,12,3695.415,28
CLTIND02518,dormant,11319.01,23629.5,4,2901.7014285714286,2
CLTIND02521,regular,664.42,801.46,10,2996.151,7
CLTIND02522,regular,15016.13,24499.36,19,4091.39,40
CLTIND02523,priority,11060.99,20720.33,18,1926.34,29
CLTIND02524,dormant,4008.62,9989.08,13,3767.7333333333336,139
CLTIND02525,dormant,677.26,1489.4,8,3011.0,81
CLTIND02526,dormant,4734.08,5702.83,9,3498.38,0
CLTIND02527,regular,1408.81,2386.99,9,1562.03,10
CLTIND02528,dormant,511.78,579.5,2,2401.6975,23
CLTIND02530,dormant,8369.66,10720.89,6,4817.503333333333,3
CLTIND02531,dormant,10093.31,22866.3,16,4828.514999999999,103
CLTIND02532,dormant,3324.33,4489.35,5,3750.48,70
CLTIND02534,regular,5897.12,10388.88,11,3894.653333333333,30
CLTIND02535,dormant,2642.69,5715.77,2,11825.88,80
CLTIND02536,regular,1058.09,2344.13,12,3464.5825,43
CLTIND02537,dormant,6050.54,9989.93,8,3959.11,100
CLTIND02538,dormant,2953.35,4393.85,13,3538.0919999999996,153
CLTIND02539,dormant,3282.44,7634.18,4,1229.275,38
CLTIND02540,regular,1488.08,2870.59,9,1295.8466666666666,8
CLTIND02541,dormant,6583.75,10391.42,7,3264.043333333333,7
CLTIND02542,regular,3708.64,5459.04,16,2942.2599999999998,50
CLTIND02543,dormant,5351.27,11753.2,19,1870.51,138
CLTIND02544,regular,1336.4,2894.1,15,4352.7,17
CLTIND02545,priority,12238.18,20279.23,24,1742.08,20
CLTIND02546,regular,9356.85,14239.93,11,2977.7042857142856,3
CLTIND02547,dormant,1283.46,2871.04,6,4988.39,4
CLTIND02548,dormant,1995.8,2573.41,6,3952.582,46
CLTIND02549,regular,2684.04,5194.31,19,2969.9925000000003,85
CLTIND02550,dormant,3056.66,7087.88,7,1509.67,9
CLTIND02551,dormant,1555.39,2348.28,11,2891.866,189
CLTIND02552,priority,17299.82,39365.52,13,2718.898333333333,16
CLTIND02553,regular,10311.32,12484.11,11,5100.42,13
CLTIND02554,dormant,2075.22,5184.13,3,2582.008333333333,56
CLTIND02555,dormant,5205.31,6662.65,6,3284.71,105
CLTIND02556,dormant,679.99,874.26,4,4035.8,76
CLTIND02557,dormant,4539.94,7784.69,7,2137.21,14
CLTIND02558,regular,2205.03,3824.17,18,3613.443333333333,32
CLTIND02559,regular,1068.1,1632.36,12,3722.2340000000004,48
CLTIND02560,dormant,13594.89,21179.44,8,4022.943333333333,11
CLTIND02562,dormant,2134.84,2578.85,4,1965.4,24
CLTIND02563,regular,3361.48,5074.89,13,4125.995,4
CLTIND02564,regular,24114.92,54590.2,20,2165.08,85
CLTIND02566,regular,4002.83,8244.82,17,2527.386,3
CLTIND02567,dormant,2970.18,4815.59,9,3039.165,184
CLTIND02568,regular,36498.9,64135.38,10,3836.295,31
CLTIND02569,dormant,2564.51,4460.31,7,2888.6575000000003,28
CLTIND02570,regular,1380.35,1895.6,9,1214.5233333333333,33
CLTIND02571,regular,26620.0,41851.07,13,7520.72,80
CLTIND02572,dormant,429.65,768.99,6,2655.3275,42
CLTIND02573,regular,8001.93,14427.22,17,3710.83,50
CLTIND02574,dormant,961.82,1482.99,7,2830.33,35
CLTIND02575,regular,39777.34,68942.19,12,1893.025,3
CLTIND02576,dormant,1017.43,1135.61,7,3361.77,32
CLTIND02577,regular,321.09,520.0,14,2156.75,8
CLTIND02578,regular,617.4,1087.54,10,2027.9009090909092,2
CLTIND02579,dormant,5822.64,13878.24,7,2795.0879999999997,18
CLTIND02580,dormant,543.52,1274.61,7,1744.9266666666665,20
CLTIND02582,dormant,37679.43,65775.55,8,2007.2466666666667,72
CLTIND02583,regular,52164.91,130247.03,15,2956.7512500000003,36
CLTIND02584,dormant,890.42,1242.51,7,2395.52625,21
CLTIND02585,regular,14798.81,22971.32,10,2242.52,39
CLTIND02586,dormant,6320.5,10524.93,8,3390.9249999999997,13
CLTIND02587,regular,285.78,457.98,9,4459.18,4
CLTIND02588,regular,2850.05,6021.56,12,1959.2233333333334,14
CLTIND02589,regular,1516.07,2406.09,15,2408.7200000000003,8
CLTIND02590,regular,1711.94,3952.64,10,5580.15,8
CLTIND02591,regular,10903.71,25914.78,11,4585.015,50
CLTIND02594,dormant,9916.16,19609.29,5,4243.0314285714285,20
CLTIND02595,priority,11151.34,25795.07,15,3301.34,13
CLTIND02596,dormant,5433.58,11259.69,10,2165.2842857142855,99
CLTIND02597,regular,1952.82,3956.77,17,4820.2875,69
CLTIND02598,dormant,1465.07,3222.87,3,7659.84,14
CLTIND02599,priority,22033.45,35303.06,19,2964.8,2
CLTIND02600,dormant,2519.7,5188.03,3,3996.46,12
CLTIND02601,dormant,5715.29,13047.84,8,5082.42,0
CLTIND02602,regular,5563.06,7594.88,10,3386.6549999999997,41
CLTIND02603,regular,10197.89,12029.15,11,4107.274285714286,3
CLTIND02604,dormant,840.63,1438.69,8,4618.6075,111
CLTIND02605,regular,844.12,1476.01,13,3212.5550000000003,81
CLTIND02607,dormant,2467.64,3491.09,8,2483.2328571428575,16
CLTIND02608,dormant,3475.96,6888.75,12,337.6,119
CLTIND02609,regular,1378.83,1894.32,10,5775.55,1
CLTIND02611,regular,3556.85,7841.39,12,2384.34,15
CLTIND02612,regular,1766.16,3110.75,20,811.27,17
CLTIND02613,regular,85342.1,116510.45,13,3765.2436363636366,89
CLTIND02614,regular,3262.25,7635.06,15,360.35,86
CLTIND02615,dormant,1728.96,3935.47,7,2717.1075,65
CLTIND02617,dormant,4802.88,9872.43,5,4385.22,112
CLTIND02618,dormant,17222.65,35440.7,7,4020.7940000000003,66
CLTIND02619,regular,1659.71,2052.9,19,3803.1425,45
CLTIND02620,regular,3386.55,6593.49,14,977.94,9
CLTIND02624,regular,4131.08,9221.5,11,5412.0,71
CLTIND02625,regular,3321.06,6274.79,14,3720.193333333333,45
CLTIND02626,dormant,6482.59,7596.22,12,2193.6566666666663,103
CLTIND02627,regular,29099.92,65989.76,19,2928.385,32
CLTIND02628,dormant,1426.43,3493.06,4,3332.142,148
CLTIND02629,dormant,5486.89,12283.87,13,1874.85,153
CLTIND02632,dormant,2355.85,5253.37,4,3215.8125,24
CLTIND02633,regular,1483.67,2040.92,15,4735.5233333333335,55
CLTIND02634,dormant,9025.2,15510.52,4,3803.405714285714,25
CLTIND02635,regular,4718.92,5493.6,17,3473.015,11
CLTIND02636,regular,834.41,1752.38,14,3544.54,87
CLTIND02637,regular,6187.28,13163.35,12,3361.6462500000002,35
CLTIND02638,regular,16094.6,38488.95,9,3103.35,9
CLTIND02639,regular,8888.44,20646.6,10,3411.27875,44
CLTIND02640,dormant,5732.23,9692.6,8,884.03,41
CLTIND02641,dormant,6374.78,13679.77,6,1653.81,2
CLTIND02642,dormant,1751.95,2602.64,7,1635.74,30
CLTIND02643,regular,23360.69,30196.3,9,3296.47,59
CLTIND02644,dormant,5321.52,12349.53,8,3637.1516666666666,2
CLTIND02645,regular,1253.18,2761.01,10,3655.29,31
CLTIND02646,regular,1611.56,3961.81,15,1551.69,1
CLTIND02647,regular,4898.6,5754.53,17,2925.6766666666667,28
CLTIND02648,regular,7145.22,16883.22,10,2875.7683333333334,44
CLTIND02649,regular,2796.54,4014.99,18,2814.285,8
CLTIND02650,dormant,3931.88,9299.32,7,2421.3541666666665,9
CLTIND02651,regular,2211.37,4144.79,11,1839.04,40
CLTIND02652,regular,1940.55,3360.52,10,2933.5916666666667,55
CLTIND02653,regular,11632.6,26919.33,9,3104.76,23
CLTIND02654,dormant,593.5,768.17,6,4597.8,17
CLTIND02656,regular,7469.26,18672.21,9,2092.638571428571,52
CLTIND02657,dormant,2473.01,2721.31,8,2813.025,19
CLTIND02658,dormant,638.19,762.54,4,1801.71,80
CLTIND02659,regular,3772.08,4774.04,11,2255.0918181818183,23
CLTIND02660,regular,9851.0,14318.47,9,5754.075,75
CLTIND02661,regular,1726.78,3915.53,16,3448.2999999999997,68
CLTIND02662,regular,3519.25,8278.36,22,3151.35,26
CLTIND02663,dormant,18743.27,31039.77,4,2671.4900000000002,29
CLTIND02664,dormant,7835.17,19535.44,5,2414.4142857142856,73
CLTIND02665,regular,2918.61,7284.36,18,4591.820909090909,52
CLTIND02666,regular,5559.4,12043.26,9,3781.5533333333333,23
CLTIND02667,dormant,27926.39,42469.08,6,2589.2799999999997,80
CLTIND02668,dormant,2215.29,3013.82,4,2502.9933333333333,126
CLTIND02669,priority,11041.3,25581.71,14,1666.58,6
CLTIND02670,priority,9069.66,18832.59,21,2677.5849999999996,9
CLTIND02671,regular,2984.64,5167.94,15,3412.85,24
CLTIND02672,regular,663.55,1202.47,18,3782.316666666667,45
CLTIND02674,regular,1631.88,3293.73,10,2753.245,13
CLTIND02676,dormant,13419.48,18325.8,17,2063.9,97
CLTIND02677,priority,30838.52,49830.55,23,2741.44375,24
CLTIND02679,regular,18528.9,30444.63,21,2571.8,60
CLTIND02680,dormant,1771.65,3883.63,6,2101.155,125
CLTIND02681,priority,21735.2,40759.8,21,2316.875,3
CLTIND02685,dormant,13860.7,31340.04,13,4540.16,154
CLTIND02686,dormant,1109.59,2087.81,16,2580.8325,193
CLTIND02687,regular,11793.74,16225.97,21,3202.5099999999998,82
CLTIND02688,dormant,1780.57,2865.28,1,1445.43,27
CLTIND02689,dormant,5956.21,9746.0,6,2697.0733333333333,50
CLTIND02690,regular,3433.18,7897.97,9,1647.7425,55
CLTIND02691,regular,837.86,1573.95,13,2025.0249999999999,4
CLTIND02692,dormant,1558.38,2257.3,3,2035.3649999999998,6
CLTIND02693,priority,5558.07,11470.11,13,2111.2450000000003,1
CLTIND02694,dormant,8385.73,14864.32,7,2644.6107142857145,19
CLTIND02695,priority,5333.5,10275.33,18,2331.2466666666664,6
CLTIND02696,regular,6226.29,13066.76,13,2311.138571428571,32
CLTIND02697,regular,3664.29,7976.65,9,1846.9799999999998,3
CLTIND02698,dormant,7451.14,10597.95,7,2577.3725000000004,64
CLTIND02699,regular,1404.44,2841.18,9,1812.1999999999998,1
CLTIND02700,dormant,15579.61,34320.16,4,4559.123333333334,58
CLTIND02701,regular,605.5,1351.02,10,1406.355,3
CLTIND02703,dormant,11159.06,13286.28,6,1876.96,24
CLTIND02704,regular,1804.17,4497.62,10,3033.0623529411764,2
CLTIND02705,regular,9405.37,20831.04,10,2634.228,37
CLTIND02706,dormant,3757.75,8858.22,5,3690.16,3
CLTIND02707,regular,6204.03,10591.54,11,4473.723333333333,46
CLTIND02708,regular,4457.53,5850.22,10,2388.0025,44
CLTIND02709,dormant,3668.01,5202.21,2,3097.219285714286,89
CLTIND02712,regular,5382.78,8274.83,24,3223.938888888889,20
CLTIND02713,priority,20473.27,36337.91,20,6932.93,19
CLTIND02714,regular,4940.85,10553.67,9,2771.965,16
CLTIND02716,regular,13150.16,21371.35,11,5306.655,51
CLTIND02717,priority,5748.15,12524.48,17,2411.3075,4
CLTIND02718,dormant,12379.16,27577.31,2,3044.445,1
CLTIND02719,regular,889.91,1195.4,16,3261.61,35
CLTIND02720,dormant,1550.75,2989.09,8,1119.42,85
CLTIND02722,dormant,7001.43,15315.24,20,5915.045,95
CLTIND02723,priority,8134.26,9850.97,20,3040.133333333333,10
CLTIND02724,regular,10195.41,23246.24,14,2325.2775,62
CLTIND02725,priority,23698.67,36569.55,16,2272.585,29
CLTIND02726,priority,21519.75,47054.77,17,4014.23,4
CLTIND02727,regular,3547.19,7497.45,17,1730.82,33
CLTIND02729,dormant,3830.37,5624.34,13,1212.62,91
CLTIND02730,regular,10952.14,13950.83,9,3354.18,14
CLTIND02731,regular,418.28,843.78,12,2186.8175,64
CLTIND02734,regular,1608.97,3704.61,9,5230.24,20
CLTIND02736,dormant,12298.72,18659.66,8,3188.843636363636,70
CLTIND02737,regular,258.2,446.83,9,4726.95,24
CLTIND02740,regular,502.01,926.76,11,3154.48,55
CLTIND02742,dormant,3239.81,6534.99,6,1463.175,18
CLTIND02743,regular,9082.31,18151.58,12,2900.064,58
CLTIND02744,dormant,2178.07,3463.06,11,6208.388333333333,124
CLTIND02745,dormant,6098.14,8375.17,6,2245.9883333333332,107
CLTIND02746,regular,7590.45,9605.46,11,3258.677,36
CLTIND02747,priority,12698.66,25843.31,24,3907.25,24
CLTIND02748,priority,5932.02,12868.29,22,3847.9,22
CLTIND02749,dormant,4370.55,10324.12,13,3324.2425,180
CLTIND02750,regular,5113.14,5949.09,18,5298.741666666666,10
CLTIND02752,dormant,17373.35,37243.01,8,1827.4783333333335,42
CLTIND02753,regular,1494.94,2460.32,16,2722.62,6
CLTIND02754,dormant,996.78,1134.5,7,3538.26,20
CLTIND02755,regular,6956.0,8220.17,13,4452.02,38
CLTIND02756,dormant,22410.11,47678.14,11,3241.803636363636,0
CLTIND02757,dormant,1269.37,2466.22,6,4902.46,1
CLTIND02758,dormant,311.33,679.54,10,2430.74,146
CLTIND02759,dormant,634.07,908.2,2,3281.0,54
CLTIND02760,dormant,5180.28,12077.26,6,1907.3600000000001,23
CLTIND02761,regular,4206.16,4925.68,18,1367.76,45
CLTIND02762,regular,984.21,1796.58,14,1963.665,2
CLTIND02763,dormant,887.25,1838.62,6,2925.595,151
CLTIND02764,regular,1990.49,2233.97,11,4233.245,78
CLTIND02765,regular,2398.85,5969.43,13,2560.3250000000003,51
CLTIND02766,regular,11515.48,21492.02,17,3118.043333333333,48
CLTIND02767,dormant,302.36,646.18,2,2518.98,4
CLTIND02769,regular,1329.06,2627.99,10,3487.1433333333334,34
CLTIND02771,regular,8041.07,18570.11,9,1650.77,13
CLTIND02773,dormant,3287.69,7929.87,18,3252.8120000000004,100
CLTIND02774,regular,15924.01,35451.25,13,5541.44,59
CLTIND02775,dormant,4256.2,9399.1,7,3421.965384615384,33
CLTIND02777,regular,563.56,1164.81,15,4679.475,5
CLTIND02778,regular,513.92,617.88,12,2666.145,20
CLTIND02779,dormant,567.02,797.2,6,1729.4959999999999,37
CLTIND02780,dormant,25882.47,29273.31,17,2626.92,91
CLTIND02781,dormant,5688.61,9574.49,3,833.38,22
CLTIND02782,dormant,549.7,1138.11,8,1467.7728571428572,19
CLTIND02784,dormant,5634.78,13699.14,13,2156.6266666666666,124
CLTIND02785,dormant,7577.86,15535.55,5,3258.0620000000004,14
CLTIND02786,regular,1870.95,3637.66,14,3409.168888888889,46
CLTIND02787,dormant,2691.99,5464.77,2,3421.9683333333337,18
CLTIND02788,dormant,13722.97,27343.32,5,1663.075,13
CLTIND02790,regular,6209.5,14816.07,16,2178.52,60
CLTIND02791,regular,318.05,709.79,13,1778.1979999999999,12
CLTIND02792,regular,4750.46,6689.56,10,3364.715,89
CLTIND02794,regular,11706.17,25382.94,17,1787.875,36
CLTIND02795,dormant,750.82,1860.16,2,5992.705,59
CLTIND02796,regular,511.78,1017.73,13,3079.505,16
CLTIND02797,dormant,3148.34,5347.79,3,3709.4111111111106,18
CLTIND02798,dormant,1680.01,3250.85,6,2004.65,3
CLTIND02799,priority,33224.49,60843.35,22,2504.435,26
CLTIND02800,regular,2474.87,4378.64,12,4715.3,15
CLTIND02801,regular,1609.75,3550.4,10,867.52,25
CLTIND02802,regular,4673.71,10263.21,14,1096.95,47
CLTIND02803,regular,332.28,577.91,11,2986.346,23
CLTIND02804,dormant,2304.1,2984.38,7,3957.5099999999998,99
CLTIND02807,regular,3969.14,8327.94,11,7420.765,65
CLTIND02808,dormant,940.64,1428.21,12,5379.7,120
CLTIND02810,regular,3997.08,5938.1,9,1762.5933333333332,4
CLTIND02812,regular,2259.06,5546.18,9,2116.25,33
CLTIND02813,priority,12787.03,25520.88,14,3174.365,12
CLTIND02814,priority,9776.5,11424.65,27,2784.6800000000003,5
CLTIND02815,regular,789.5,1466.08,13,2390.68125,45
CLTIND02816,regular,2781.05,5965.11,10,2989.3666666666663,28
CLTIND02817,regular,1761.38,3181.0,13,4510.780000000001,39
CLTIND02818,regular,72644.32,86034.85,21,5694.17,49
CLTIND02819,regular,739.9,1487.47,12,4254.31,7
CLTIND02820,regular,5998.59,12472.12,14,3417.095,41
CLTIND02821,priority,5701.02,10855.96,17,2426.725,3
CLTIND02822,dormant,2517.37,3274.99,9,3142.6433333333334,96
CLTIND02823,dormant,2010.38,4748.35,8,3859.7099999999996,17
CLTIND02824,dormant,6804.84,12190.52,8,1966.7466666666667,17
CLTIND02825,regular,19414.77,31742.08,22,5128.93,36
CLTIND02826,regular,1991.95,4727.59,14,4033.119,8
CLTIND02827,regular,1538.77,3195.33,11,1987.0,23
CLTIND02828,regular,778.03,1689.88,13,5909.666666666667,59
CLTIND02829,dormant,2731.31,5589.93,5,2998.641111111111,31
CLTIND02831,regular,2905.01,4946.53,12,2831.2827272727272,48
CLTIND02832,dormant,644.25,1184.99,3,5254.93,153
CLTIND02834,priority,15578.74,37607.98,13,1669.8287500000001,17
CLTIND02835,regular,9107.36,16050.85,9,3739.1575000000003,23
CLTIND02836,dormant,1806.12,3287.31,8,3182.338333333333,6
CLTIND02837,dormant,3568.07,6331.23,2,3819.056666666667,64
CLTIND02838,dormant,13602.86,25432.84,4,5430.898,20
CLTIND02840,priority,5759.32,10380.28,18,2343.9055555555556,3
CLTIND02841,regular,14875.86,24825.05,11,2943.133333333333,9
CLTIND02842,priority,4464.94,11062.24,14,2050.4814285714283,27
CLTIND02843,dormant,499.26,864.93,8,2253.6627272727274,28
CLTIND02844,dormant,10359.87,25653.15,6,3420.9550000000004,71
CLTIND02846,dormant,1900.15,3134.65,5,3869.59,3
CLTIND02848,dormant,1711.38,2146.39,8,2741.226666666667,140
CLTIND02849,regular,727.21,1435.3,9,2902.4271428571424,2
CLTIND02850,dormant,456.22,816.82,13,2212.69,92
CLTIND02851,dormant,799.25,1887.52,3,379.2,6
CLTIND02852,priority,5129.77,9960.4,16,3116.2580000000003,4
CLTIND02853,priority,7736.1,9968.71,20,3031.0850000000005,14
CLTIND02854,regular,5136.05,11525.3,19,2050.856666666667,45
CLTIND02855,priority,31178.14,60999.49,20,3425.4,22
CLTIND02856,regular,846.53,2113.17,12,2861.006,56
CLTIND02857,regular,20935.26,33758.3,15,1821.1725,75
CLTIND02858,dormant,2430.03,2859.55,4,3848.578461538462,18
CLTIND02859,regular,4306.85,9109.59,14,1580.06,32
CLTIND02861,dormant,3816.58,7884.41,8,3198.9449999999997,14
CLTIND02862,regular,3637.7,7506.13,19,3600.385,41
CLTIND02863,dormant,3349.49,4099.73,7,2130.38,61
CLTIND02864,dormant,1924.47,4574.31,9,2561.8253333333337,159
CLTIND02866,dormant,2986.83,3802.12,7,2515.8700000000003,18
CLTIND02867,regular,1863.17,2493.37,12,2035.27,6
CLTIND02868,dormant,7260.95,16943.12,7,3309.7799999999997,108
CLTIND02869,regular,1599.39,3325.99,16,3343.8450000000003,10
CLTIND02870,regular,703.2,1589.14,22,1636.115,15
CLTIND02871,dormant,984.48,1766.86,9,2508.464,99
CLTIND02872,regular,3597.86,5150.66,17,12286.89,72
CLTIND02873,regular,1551.12,2169.01,10,2835.195,38
CLTIND02875,regular,6230.48,10418.68,13,3632.4139999999998,67
CLTIND02876,regular,8936.93,16280.47,11,1463.3166666666666,12
CLTIND02877,dormant,2537.4,5212.39,8,2729.4350000000004,11
CLTIND02879,regular,4006.55,5090.92,15,4098.6,35
CLTIND02880,regular,3277.64,6034.07,15,4640.9,7
CLTIND02881,dormant,1384.1,2571.54,5,3355.7366666666667,76
CLTIND02882,regular,1814.55,3415.03,18,1195.075,77
CLTIND02884,regular,943.64,2110.9,16,2426.36625,8
CLTIND02885,dormant,2865.1,4284.08,14,3877.1288888888894,240
CLTIND02886,dormant,225.38,429.81,11,3843.0685714285714,129
CLTIND02887,dormant,953.22,1986.22,12,5264.875,304
CLTIND02888,regular,1198.0,1901.67,17,2477.9014285714284,9
CLTIND02889,dormant,28645.64,57759.81,8,1141.7,10
CLTIND02890,dormant,1193.83,2701.85,3,3098.056666666667,47
CLTIND02891,regular,1266.62,2512.35,11,3432.245,34
CLTIND02894,dormant,1241.07,2748.86,4,3807.963333333333,25
CLTIND02896,regular,3657.31,7127.92,12,2175.78,84
CLTIND02899,priority,5935.57,10344.48,17,1091.93,10
CLTIND02900,dormant,3432.91,7140.88,7,3044.1216666666664,37
CLTIND02901,dormant,2757.54,3552.6,5,2136.2599999999998,20
CLTIND02902,regular,4007.74,8980.85,16,1836.78,66
CLTIND02903,dormant,710.92,825.78,8,1751.1733333333334,23
CLTIND02904,regular,528.5,1086.02,24,3166.9833333333336,4
CLTIND02905,regular,2925.74,5410.51,16,3528.65,49
CLTIND02906,dormant,919.7,1057.68,6,2906.136,17
CLTIND02907,priority,19091.61,34730.46,14,6332.285,8
CLTIND02908,dormant,1418.01,3105.2,1,2979.866842105263,38
CLTIND02910,priority,16497.74,32870.31,15,539.64,16
CLTIND02911,priority,13698.11,16173.22,21,5242.6825,18
CLTIND02912,regular,2158.31,3504.05,16,3990.4525000000003,4
CLTIND02913,dormant,3695.84,4914.38,0,516.12,12
CLTIND02914,dormant,510.13,821.63,16,2440.085,98
CLTIND02915,dormant,213.59,339.96,8,2022.84,45
CLTIND02916,dormant,2540.95,5492.94,6,3056.79,4
CLTIND02917,dormant,10523.84,20677.72,6,2109.6133333333332,34
CLTIND02918,regular,4645.77,5629.75,15,3283.38,13
CLTIND02919,priority,5758.78,12575.48,16,1141.81,22
CLTIND02920,dormant,14025.48,25567.12,8,2523.0466666666666,12
CLTIND02921,regular,2872.86,5916.24,28,3231.60875,49
CLTIND02923,regular,4155.86,5993.23,16,3941.745,10
CLTIND02924,dormant,930.12,2050.04,2,1618.99,4
CLTIND02926,regular,15893.27,33435.15,14,2642.01,47
CLTIND02927,dormant,14835.67,27421.04,7,2820.684,3
CLTIND02928,regular,7877.72,17666.71,15,2360.9466666666667,37
CLTIND02929,regular,3594.9,4447.77,12,3977.58,88
CLTIND02931,dormant,1087.62,2437.75,4,534.12,22
CLTIND02932,dormant,2403.17,4406.89,4,1906.21,83
CLTIND02933,regular,5196.3,8686.24,10,3176.1966666666667,71
CLTIND02934,dormant,1420.09,1860.05,11,3391.3033333333333,148
CLTIND02935,regular,3840.32,8690.02,16,4434.67,33
CLTIND02937,dormant,2886.86,4929.99,6,2997.025,43
CLTIND02938,dormant,4439.33,7992.99,3,1300.66,76
CLTIND02939,dormant,12745.59,26370.49,7,2395.1283333333336,48
CLTIND02940,regular,1969.35,3598.24,10,1484.0225,18
CLTIND02942,regular,476.9,1157.5,19,3377.3433333333337,57
CLTIND02947,regular,945.46,1678.99,11,3378.897,15
CLTIND02949,dormant,4845.44,9649.92,6,5420.97,88
CLTIND02950,dormant,8180.37,16801.97,17,2674.1825,150
CLTIND02951,regular,3083.32,7563.31,13,2089.6355555555556,57
CLTIND02952,dormant,3260.94,4504.88,6,1841.935,58
CLTIND02953,dormant,441.72,917.1,8,2877.16,27
CLTIND02954,dormant,8877.95,22095.08,9,2964.7725,223
CLTIND02955,dormant,48363.11,67918.72,17,1350.5149999999999,115
CLTIND02956,regular,2388.67,2661.29,15,1746.6257142857141,45
CLTIND02957,dormant,4636.38,9290.61,5,2763.9828571428575,196
CLTIND02959,regular,6778.45,10619.02,12,5180.296666666666,84
CLTIND02960,dormant,6498.94,8281.76,5,6339.17,1
CLTIND02961,regular,9385.21,11377.94,9,4884.6575,13
CLTIND02962,dormant,2546.22,5330.2,12,4303.64,93
CLTIND02963,regular,2703.53,3026.82,12,2726.12,21
CLTIND02964,dormant,20135.06,40156.6,28,3806.065,119
CLTIND02965,dormant,809.91,1968.84,2,2075.3900000000003,75
CLTIND02966,regular,2805.96,5916.37,13,2007.7157142857143,10
CLTIND02967,regular,36766.29,73099.61,11,3788.075,46
CLTIND02968,regular,208.5,279.77,18,3856.88,7
CLTIND02969,regular,28713.34,45370.22,11,2373.672,38
CLTIND02971,regular,16730.07,20983.5,9,7011.09,76
CLTIND02972,regular,3292.13,7956.38,13,5317.1675,20
CLTIND02973,regular,1249.52,1645.94,12,3105.785,60
CLTIND02974,dormant,3130.32,3909.55,7,3937.78,33
CLTIND02975,dormant,869.67,1035.74,5,1588.89,64
CLTIND02976,regular,3723.7,7003.87,9,3016.31,23
CLTIND02977,dormant,4127.72,8733.84,5,5299.266666666666,123
CLTIND02978,regular,5690.12,12173.18,15,2877.4575,36
CLTIND02979,regular,1260.68,2135.36,20,4008.76,14
CLTIND02980,priority,6783.9,14716.0,17,3898.255833333333,22
CLTIND02983,dormant,1427.22,2043.54,8,4547.333333333333,15
CLTIND02984,dormant,221.35,334.48,5,2751.84,191
CLTIND02985,regular,20212.15,42054.91,12,2651.3866666666668,5
CLTIND02986,dormant,4228.99,9968.57,5,5575.39,26
CLTIND02987,regular,471.41,672.82,13,2646.1814285714286,7
CLTIND02989,regular,2303.26,3004.8,9,3867.0335714285716,36
CLTIND02990,regular,2032.73,3105.29,15,1793.35,6
CLTIND02991,regular,2254.68,3578.23,16,4451.663333333333,36
CLTIND02992,regular,2865.93,5850.44,11,3231.205,30
CLTIND02993,priority,13288.67,23960.51,22,4941.506666666667,15
CLTIND02995,dormant,1185.31,2472.4,15,4207.1025,110
CLTIND02996,dormant,1150.05,2711.14,4,1633.475,19
CLTIND02997,dormant,5291.54,9511.63,5,4146.116666666667,70
CLTIND02999,regular,11268.28,16361.0,18,2856.0711111111113,57
CLTIND03000,dormant,2190.15,3894.9,7,2441.523333333333,152
CLTIND03001,dormant,4046.56,5273.19,4,4324.548333333333,100
CLTIND03002,dormant,429.02,635.75,3,4258.075,22
CLTIND03005,regular,1781.4,3418.4,11,2016.76,45
CLTIND03006,dormant,7792.46,18776.8,3,8627.83,13
CLTIND03007,regular,2567.75,4227.72,11,3004.41,33
CLTIND03008,dormant,5597.98,9327.34,6,2773.3716666666664,14
CLTIND03009,dormant,4249.72,9338.85,10,4915.450000000001,148
CLTIND03010,regular,29134.41,63685.61,11,3390.33,54
CLTIND03011,dormant,229.16,565.07,8,3266.5214285714287,22
CLTIND03012,regular,2303.69,5364.07,15,2587.1800000000003,9
CLTIND03013,regular,1030.87,2243.74,12,2101.495,13
CLTIND03014,regular,1779.98,2389.24,11,8613.83,46
CLTIND03017,regular,54991.75,110832.26,9,5066.26,3
CLTIND03018,regular,27264.4,60425.09,13,3107.1583333333333,43
CLTIND03019,regular,9008.26,11548.71,19,3478.2877777777776,65
CLTIND03020,regular,7306.52,12843.78,9,2138.6566666666668,13
CLTIND03021,regular,121.84,304.35,18,1672.5025,48
CLTIND03022,dormant,3324.26,5280.32,20,3887.7799999999997,0
CLTIND03024,regular,1347.89,1977.33,10,2474.1655555555553,52
CLTIND03027,dormant,878.37,1313.9,6,2981.375,7
CLTIND03028,dormant,953.9,2168.63,4,3801.5950000000003,2
CLTIND03029,priority,7224.7,15972.05,18,2640.6,6
CLTIND03030,regular,4470.07,8588.39,11,2104.4,4
CLTIND03031,regular,357.8,641.01,10,4638.99,77
CLTIND03032,regular,708.88,1303.28,9,1348.37,74
CLTIND03033,dormant,1304.78,2699.43,7,1935.3055555555557,147
CLTIND03034,regular,3154.85,7860.8,11,556.615,9
CLTIND03035,regular,12155.05,16653.13,24,3641.09,45
CLTIND03036,dormant,2783.89,5640.28,7,2019.9779999999998,53
CLTIND03038,regular,3352.79,7494.9,15,2100.05,31
CLTIND03039,regular,2832.85,6712.07,16,1453.67,48
CLTIND03040,regular,1010.1,1498.66,17,3728.66,28
CLTIND03041,regular,27016.39,36278.75,11,2724.9866666666667,67
CLTIND03042,dormant,233.56,331.85,7,3183.808,10
CLTIND03043,regular,3106.97,4424.11,22,2423.8675,1
CLTIND03045,regular,20437.09,27454.39,13,1654.8666666666668,84
CLTIND03046,dormant,712.76,804.73,7,3253.9275,9
CLTIND03047,regular,6282.06,15300.9,12,3418.7480000000005,52
CLTIND03049,dormant,2091.08,4455.45,7,2932.798,2
CLTIND03051,dormant,8307.46,13449.09,4,2664.085,106
CLTIND03053,regular,2122.98,5233.39,9,2500.6719999999996,4
CLTIND03054,regular,964.97,2289.08,9,4021.91,1
CLTIND03055,regular,2049.47,2920.79,13,3844.906666666667,7
CLTIND03057,regular,427.76,824.13,11,2892.6275,29
CLTIND03058,priority,8300.03,18897.64,20,2256.88,16
CLTIND03060,dormant,5764.32,12803.81,16,3721.4566666666665,140
CLTIND03061,dormant,3142.19,7156.22,4,2913.5499999999997,9
CLTIND03062,priority,17853.12,44531.41,15,2339.9333333333334,21
CLTIND03065,dormant,800.36,942.28,8,4059.25,95
CLTIND03066,dormant,19761.34,47418.32,2,2096.81,77
CLTIND03067,regular,9271.64,19118.41,11,2450.465,47
CLTIND03068,regular,920.67,1409.38,13,3016.638,9
CLTIND03070,regular,4061.73,5832.12,10,3324.91,60
CLTIND03071,regular,1412.32,2954.17,9,5063.9575,12
CLTIND03073,dormant,1770.6,3558.19,7,4235.625,94
CLTIND03077,regular,4203.84,9321.06,22,3443.6549999999997,23
CLTIND03078,regular,1335.42,2621.13,14,2652.316,63
CLTIND03079,regular,2762.99,4855.79,16,4665.886666666666,35
CLTIND03080,regular,4488.22,10554.41,13,4638.42,33
CLTIND03081,priority,20775.25,49933.78,24,2317.29,1
CLTIND03082,regular,2834.23,4833.84,13,3243.3985714285714,82
CLTIND03083,regular,1048.26,2234.38,13,2086.2725,15
CLTIND03084,dormant,2606.58,4184.05,6,1311.27,72
CLTIND03086,regular,12625.91,28054.99,9,787.6700000000001,80
CLTIND03087,dormant,5752.54,6988.11,4,3628.756,40
CLTIND03088,dormant,6412.08,11674.67,8,2188.56,18
CLTIND03089,dormant,4376.86,9125.14,6,2280.273333333333,69
CLTIND03090,regular,2418.02,5402.14,16,3432.515,43
CLTIND03091,regular,9513.66,11287.78,34,1915.935,60
CLTIND03092,dormant,1842.93,3771.79,2,1183.88,207
CLTIND03093,dormant,430.85,513.73,2,4828.92,3
CLTIND03094,priority,11157.53,13382.66,24,3253.205,2
CLTIND03095,regular,1408.5,2868.94,11,5006.125,21
CLTIND03096,regular,836.45,1412.04,12,3181.3016666666667,77
CLTIND03097,dormant,2250.82,4697.07,11,2194.7366666666667,99
CLTIND03099,priority,7714.78,14217.49,17,2259.844,7
CLTIND03100,regular,1953.51,4386.89,18,2565.471666666667,17
CLTIND03102,dormant,19057.59,21888.07,4,4465.009999999999,100
CLTIND03104,regular,3581.62,7152.61,14,2312.161111111111,61
CLTIND03105,regular,4464.73,7897.52,17,3350.6850000000004,11
CLTIND03106,dormant,1501.45,3506.57,8,1730.9270000000001,89
CLTIND03107,dormant,5631.54,7076.02,6,4070.705,137
CLTIND03108,dormant,4894.58,6551.32,7,3618.47,2
CLTIND03109,regular,353.58,602.07,16,2701.035,12
CLTIND03110,regular,8722.06,14140.03,17,3315.045,31
CLTIND03111,dormant,6410.92,10120.31,8,3076.596153846154,29
CLTIND03112,dormant,8855.25,19650.83,8,2973.962857142857,196
CLTIND03113,regular,1786.72,2260.78,9,1764.97,2
CLTIND03114,dormant,3096.05,5090.72,5,1392.65,88
CLTIND03117,priority,6220.65,9497.99,18,4236.780000000001,10
CLTIND03119,dormant,6033.93,13511.86,5,1920.8,9
CLTIND03120,priority,4719.08,10711.14,14,3674.6522222222216,19
CLTIND03121,dormant,3495.73,8545.87,4,2745.355555555556,180
CLTIND03122,dormant,3948.71,8861.9,9,3064.33,139
CLTIND03123,dormant,11059.47,25841.36,10,3466.115,122
CLTIND03124,dormant,7672.15,16352.83,3,3743.7124999999996,38
CLTIND03125,regular,4087.58,8578.13,9,1519.3649999999998,20
CLTIND03126,dormant,1025.26,1623.09,7,2854.325,26
CLTIND03127,regular,2507.09,3715.39,12,3955.4825,19
CLTIND03128,regular,2058.99,4008.01,13,1786.8249999999998,39
CLTIND03129,regular,5762.04,10712.5,11,2293.0699999999997,62
CLTIND03130,dormant,3068.69,4756.36,6,4005.5875,14
CLTIND03132,priority,10624.1,26402.76,13,4153.395,20
CLTIND03133,priority,7757.94,16933.43,15,3573.683333333333,1
CLTIND03134,priority,8422.42,11490.12,15,4951.2625,15
CLTIND03135,regular,624.18,1002.95,15,2791.64,21
CLTIND03136,dormant,4650.35,9071.27,13,2880.07,107
CLTIND03137,regular,6972.47,11781.72,10,4834.43,1
CLTIND03138,regular,1438.21,3270.65,11,3741.7575,43
CLTIND03139,regular,536.0,806.22,13,2844.9266666666663,53
CLTIND03140,regular,4599.57,5485.58,17,3205.3424999999997,78
CLTIND03141,regular,4448.15,10320.02,9,2346.94,24
CLTIND03142,dormant,769.68,1672.04,11,2227.181666666667,144
CLTIND03143,dormant,6652.9,8373.44,8,5858.28,15
CLTIND03145,regular,5133.55,7200.76,18,3495.87,46
CLTIND03146,dormant,520.71,1208.36,8,2466.22,40
CLTIND03147,regular,202.34,294.44,9,3155.33,26
CLTIND03149,priority,30982.08,37799.3,17,2226.4199999999996,9
CLTIND03151,regular,1464.29,3456.81,14,3021.5641666666666,1
CLTIND03152,priority,4497.0,11059.35,13,1613.55,29
CLTIND03153,regular,1036.3,1745.2,14,3377.65,70
CLTIND03154,regular,1925.85,3757.87,14,2998.12,83
CLTIND03155,regular,5731.4,8464.55,15,3900.746666666667,51
CLTIND03156,regular,1566.49,2115.15,15,3274.808333333334,2
CLTIND03157,priority,11291.18,16769.73,18,3978.48,4
CLTIND03158,regular,1529.64,2341.51,16,579.46,9
CLTIND03159,regular,2430.35,4362.49,9,4884.92,77
CLTIND03160,regular,54389.95,102718.37,13,1140.3666666666668,46
CLTIND03161,regular,1114.53,1640.63,24,5194.264999999999,7
CLTIND03163,dormant,4187.22,5740.16,11,2322.0445454545456,116
CLTIND03165,regular,2798.62,5916.09,14,3077.7599999999998,6
CLTIND03169,dormant,1611.02,2589.81,4,3571.4325,40
CLTIND03170,regular,35985.75,73144.6,12,4569.073333333334,11
CLTIND03172,dormant,1789.98,2782.54,6,4405.905,23
CLTIND03174,dormant,2424.71,4963.98,7,3048.69625,23
CLTIND03175,regular,2335.03,4422.77,14,3310.76,24
CLTIND03176,dormant,3985.35,7382.1,8,3561.996428571429,78
CLTIND03177,dormant,5582.44,9329.34,5,1749.262,60
CLTIND03178,dormant,986.53,2096.54,5,3208.83,30
CLTIND03180,regular,655.33,1458.67,10,3354.4125000000004,5
CLTIND03181,dormant,3750.19,6539.82,5,2368.48,23
CLTIND03182,regular,512.12,1136.07,15,669.88,79
CLTIND03184,regular,5446.34,6228.47,10,3225.55625,64
CLTIND03185,regular,22371.84,29643.93,16,3612.8,53
CLTIND03186,dormant,13517.65,22488.26,12,2029.9216666666664,141
CLTIND03187,dormant,2056.19,3680.94,5,2366.6533333333336,19
CLTIND03188,regular,2789.05,6249.48,13,3080.5919999999996,20
CLTIND03189,dormant,243.66,387.9,7,3982.88,78
CLTIND03190,regular,7141.2,14480.01,12,3554.096,32
CLTIND03191,dormant,57011.37,70143.34,5,3984.3585714285714,5
CLTIND03194,regular,22899.29,31674.57,10,2764.3050000000003,30
CLTIND03195,regular,653.8,806.91,19,1934.65,21
CLTIND03196,dormant,2849.83,3402.24,8,6774.55,66
CLTIND03197,dormant,9241.17,16888.16,7,3216.7318181818187,5
CLTIND03199,regular,19990.81,31793.49,15,1827.555,44
CLTIND03200,dormant,3534.12,5722.74,6,3119.04,77
CLTIND03202,dormant,1981.15,3220.6,12,5668.16,137
CLTIND03204,dormant,1979.68,2735.99,7,1865.09,11
CLTIND03205,regular,1281.59,1866.62,15,1620.91,9
CLTIND03206,regular,4424.37,7386.55,14,3482.5,6
CLTIND03207,regular,1910.21,2772.92,14,2856.486666666667,8
CLTIND03208,regular,2577.1,5600.47,14,5496.5,25
CLTIND03209,dormant,16792.11,30139.21,10,2446.6400000000003,106
CLTIND03210,regular,9520.75,17355.89,12,2796.5022222222224,30
CLTIND03211,dormant,7269.8,13715.73,8,4457.15,8
CLTIND03212,priority,12351.66,28732.85,22,1952.2428571428572,5
CLTIND03213,dormant,4567.23,9810.66,3,6553.53,120
CLTIND03214,dormant,2146.37,3999.15,6,3273.1275,3
CLTIND03215,regular,1141.9,1655.52,34,3035.91,8
CLTIND03216,priority,4908.61,11162.02,15,2049.103333333333,21
CLTIND03217,regular,6602.83,15192.33,11,2974.416,1
CLTIND03218,priority,6413.15,13822.03,13,1563.43,2
CLTIND03219,dormant,704.99,931.4,6,3245.066666666667,61
CLTIND03220,dormant,2037.87,4538.43,4,2471.478,48
CLTIND03221,dormant,8972.28,15552.08,7,3471.1316666666667,4
CLTIND03222,regular,3005.1,5480.11,15,3920.9150000000004,15
CLTIND03223,regular,903.39,1929.1,10,3443.39,88
CLTIND03224,regular,1692.75,1925.56,26,1369.8000000000002,33
CLTIND03225,priority,10058.94,19880.34,14,2995.4,13
CLTIND03227,dormant,4622.36,7696.98,6,3046.005,33
CLTIND03228,dormant,5173.78,12674.89,6,591.18,32
CLTIND03230,dormant,1177.88,2849.31,12,1510.65,0
CLTIND03231,priority,11866.94,20124.12,21,3575.7333333333336,18
CLTIND03233,regular,7616.85,11039.47,9,3585.179,29
CLTIND03234,regular,1273.36,2985.9,17,2744.265,20
CLTIND03235,regular,9209.02,22092.52,22,2155.14,41
CLTIND03236,regular,1255.08,2815.95,12,2540.2625,6
CLTIND03238,dormant,1208.58,2732.32,6,2899.0428571428574,27
CLTIND03239,regular,4850.71,7001.13,10,4482.175,14
CLTIND03240,regular,814.96,953.23,12,2302.253333333333,8
CLTIND03241,regular,7796.26,14974.34,9,2173.25,8
CLTIND03242,regular,1953.76,2551.69,15,3453.9950000000003,3
CLTIND03243,regular,3068.18,4682.71,15,1663.69,66
CLTIND03244,regular,2220.05,5047.54,20,3141.7250000000004,63
CLTIND03247,priority,15455.45,19792.11,17,1806.275,12
CLTIND03248,priority,6215.44,10302.83,16,2124.87,3
CLTIND03249,regular,4022.27,7053.88,9,2590.3933333333334,27
CLTIND03250,regular,10507.89,20644.49,11,485.17,4
CLTIND03251,regular,1740.72,3273.13,11,2302.785,4
CLTIND03252,regular,2530.6,6229.32,9,4290.785,42
CLTIND03253,regular,4764.17,7410.78,11,2766.475,16
CLTIND03254,regular,14470.42,28834.98,12,5966.945,15
CLTIND03255,dormant,1861.28,4239.45,3,3227.974,92
CLTIND03256,regular,3211.33,7442.76,16,3309.5125,21
CLTIND03257,regular,209.21,511.63,21,3217.0775,2
CLTIND03258,regular,23118.07,47268.23,15,268.87,71
CLTIND03260,regular,3291.42,6074.48,13,1646.5025,3
CLTIND03261,regular,3135.83,3512.63,12,4774.356666666667,60
CLTIND03262,regular,493.85,1187.78,15,4548.77,24
CLTIND03263,dormant,1718.96,4216.1,8,4234.08,47
CLTIND03264,regular,2283.78,3812.29,10,5688.4580000000005,6
CLTIND03265,regular,3410.12,6115.1,11,2447.891666666667,1
CLTIND03266,regular,4889.08,11122.26,12,1340.545,12
CLTIND03267,regular,389.77,656.1,17,3806.3599999999997,85
CLTIND03269,regular,2109.46,5151.34,11,2048.0455555555554,21
CLTIND03271,regular,14108.43,28139.01,10,2481.6575,47
CLTIND03272,priority,67846.34,108178.48,13,2283.72875,30
CLTIND03274,regular,5541.14,11137.52,10,3812.536,15
CLTIND03275,regular,1196.99,2498.0,12,2256.561,33
CLTIND03276,priority,5620.07,11493.64,13,2671.34375,8
CLTIND03277,dormant,1219.43,1783.01,8,4194.0425000000005,68
CLTIND03278,regular,2429.7,3038.84,14,2960.352,1
CLTIND03279,dormant,2487.35,3548.41,5,1366.0275000000001,22
CLTIND03281,regular,1386.01,1580.45,12,3305.98,36
CLTIND03282,dormant,5577.42,13763.93,8,2738.06,124
CLTIND03283,regular,6923.4,8125.17,21,1238.3700000000001,27
CLTIND03284,dormant,11192.99,23335.4,3,5822.075,35
CLTIND03285,regular,16293.13,28589.85,11,4478.992,32
CLTIND03287,regular,13202.94,19000.37,18,1937.15,33
CLTIND03290,regular,1599.31,1999.64,12,1459.0266666666666,51
CLTIND03291,dormant,3470.76,7011.11,10,2657.606,131
CLTIND03292,priority,5728.7,10971.07,15,3420.85,3
CLTIND03293,regular,4047.81,7751.0,11,3071.3700000000003,79
CLTIND03294,regular,739.68,1740.63,12,3063.92,84
CLTIND03295,regular,6955.72,12337.94,13,1241.07,39
CLTIND03296,regular,16879.52,38546.44,22,4243.09,49
CLTIND03297,dormant,1445.44,3328.09,7,5312.365,91
CLTIND03298,priority,34939.63,42736.7,17,2279.02,2
CLTIND03299,regular,5220.66,6049.98,9,2987.31,38
CLTIND03300,dormant,2526.76,4427.27,6,4887.85,98
CLTIND03301,regular,6607.17,14121.59,17,3102.1000000000004,37
CLTIND03302,dormant,4442.05,10265.64,7,3261.36,69
CLTIND03303,regular,3259.33,7392.56,13,3125.7533333333336,82
CLTIND03305,regular,5822.49,11101.05,19,1229.0,87
CLTIND03306,regular,213.74,509.18,12,4083.365,25
CLTIND03308,dormant,3637.63,8083.8,8,4724.2,2
CLTIND03309,regular,11559.68,17547.41,11,4608.48,5
CLTIND03310,dormant,3040.37,5055.88,4,1727.04,18
CLTIND03311,dormant,1523.37,3411.33,6,4258.485000000001,56
CLTIND03312,dormant,1210.85,2812.31,7,3208.365,45
CLTIND03313,dormant,168.9,255.04,8,2155.887142857143,44
CLTIND03314,dormant,1494.97,3420.99,7,3372.19,74
CLTIND03315,regular,2030.22,2484.35,16,3336.23,11
CLTIND03316,dormant,10307.42,12028.54,5,1412.872,9
CLTIND03317,priority,10728.68,25366.97,19,2591.6325,8
CLTIND03318,priority,8239.93,11540.56,13,3816.096,3
CLTIND03319,dormant,12343.76,22534.41,19,2866.1225,131
CLTIND03320,regular,1981.41,4175.39,11,1285.71,22
CLTIND03321,regular,3379.1,8367.47,14,1986.69,70
CLTIND03322,regular,1226.49,2204.66,10,2724.0266666666666,3
CLTIND03323,regular,25948.28,36406.56,9,2789.756,37
CLTIND03324,regular,6072.07,12679.5,12,1298.1975,6
CLTIND03325,dormant,13525.85,26967.41,8,3364.654,72
CLTIND03326,dormant,5050.31,12030.07,9,5011.89,230
CLTIND03327,dormant,2373.82,3809.28,1,1969.8400000000001,97
CLTIND03328,dormant,4398.6,5470.05,7,5382.508,37
CLTIND03330,dormant,15080.11,29154.43,11,5392.573333333333,101
CLTIND03331,regular,6007.41,11858.17,12,3558.7681818181813,8
CLTIND03332,regular,8374.92,14586.32,10,8821.12,31
CLTIND03333,regular,13664.32,24533.32,9,4951.155000000001,21
CLTIND03334,regular,4934.62,8553.23,18,2198.6575000000003,23
CLTIND03335,dormant,9420.83,19303.74,14,4695.738333333334,162
CLTIND03338,regular,1297.06,2085.48,12,4765.39,78
CLTIND03339,regular,3676.3,4861.63,11,2651.626,22
CLTIND03340,dormant,1966.73,3152.36,8,1021.8599999999999,18
CLTIND03341,regular,1957.17,3555.41,9,504.94,7
CLTIND03342,regular,6956.45,14664.05,9,2289.933636363636,22
CLTIND03343,regular,8841.44,13562.65,11,2507.103333333333,36
CLTIND03344,regular,1772.23,2119.89,24,4193.925,60
CLTIND03345,dormant,7641.9,11801.74,4,3356.5550000000003,22
CLTIND03346,dormant,280.41,503.45,7,3207.34,66
CLTIND03349,regular,1344.85,1958.48,10,2777.186666666667,9
CLTIND03350,regular,1597.38,3606.09,9,4461.64,13
CLTIND03351,dormant,1165.06,1991.44,7,3684.065,14
CLTIND03352,dormant,1126.65,1511.46,7,1788.7966666666669,3
CLTIND03353,regular,339.78,835.81,10,1258.2,20
CLTIND03354,dormant,1151.23,2373.87,6,878.9333333333334,49
CLTIND03355,regular,2422.94,3687.01,11,4655.0650000000005,27
CLTIND03356,regular,1659.78,2194.58,14,1664.035,11
CLTIND03357,regular,5588.18,7773.78,27,3470.8550000000005,51
CLTIND03360,regular,1711.75,2282.33,17,5968.16,24
CLTIND03363,regular,6379.53,14420.42,19,4829.255,49
CLTIND03364,dormant,2537.09,6041.26,7,1269.9533333333331,13
CLTIND03366,dormant,2638.83,5812.17,7,1105.45,60
CLTIND03367,regular,3695.6,8421.59,12,2602.04,25
CLTIND03368,priority,28770.12,67165.5,14,2246.47,3
CLTIND03369,priority,4973.01,11806.35,16,3561.115,1
CLTIND03370,dormant,1779.4,2252.61,4,2941.3374999999996,18
CLTIND03371,dormant,814.09,1083.62,17,2620.6499999999996,176
CLTIND03374,regular,1218.11,3039.47,10,2243.905,7
CLTIND03375,dormant,527.54,1032.98,11,4465.58,0
CLTIND03376,priority,36817.89,47042.18,22,7232.81,30
CLTIND03377,regular,9292.54,14615.98,12,2888.3540000000003,36
CLTIND03378,regular,930.38,1365.1,13,1847.645,59
CLTIND03379,regular,1439.02,2399.23,12,2062.0225,20
CLTIND03380,dormant,4491.63,10156.39,6,1323.6033333333332,56
CLTIND03381,regular,6428.94,11120.63,10,3569.612,37
CLTIND03382,regular,6553.91,8112.46,26,2894.8333333333335,30
CLTIND03383,dormant,4313.01,4876.85,8,2969.33,115
CLTIND03384,regular,266.34,501.71,12,2640.5299999999997,9
CLTIND03386,regular,2872.93,6953.24,15,3392.56,39
CLTIND03387,dormant,7815.22,12665.32,7,5054.5525,37
CLTIND03388,dormant,833.01,1833.82,8,3325.523846153846,9
CLTIND03389,regular,3098.5,5661.02,22,2558.606,45
CLTIND03390,regular,8342.27,18645.33,15,5168.87,53
CLTIND03392,dormant,3454.22,8044.77,2,3736.952857142857,30
CLTIND03393,priority,9731.87,23685.88,17,2778.6228571428574,14
CLTIND03394,dormant,7072.64,16659.23,8,2871.922,26
CLTIND03395,dormant,9187.76,15762.66,6,2792.215,99
CLTIND03396,dormant,286.63,679.78,8,3878.9300000000003,169
CLTIND03397,dormant,4137.25,9260.46,7,4066.4542857142856,21
CLTIND03398,regular,13232.98,32241.65,11,4283.5199999999995,21
CLTIND03399,dormant,1628.18,3757.8,6,2945.4925000000003,15
CLTIND03402,dormant,3981.2,9047.15,8,3180.76,54
CLTIND03403,dormant,1144.89,2751.43,4,2510.575,85
CLTIND03404,regular,5366.34,7372.45,17,2802.6266666666666,20
CLTIND03405,regular,7797.51,17506.09,14,3011.66,76
CLTIND03406,dormant,834.93,2045.21,6,4041.6800000000003,15
CLTIND03407,priority,40070.71,90961.45,13,3311.7584615384617,6
CLTIND03408,regular,943.16,1189.53,10,1874.8166666666666,49
CLTIND03409,regular,1571.55,2961.24,12,2388.976666666667,29
CLTIND03410,regular,4828.07,8725.1,11,3552.424166666666,1
CLTIND03411,regular,1288.08,2208.75,12,6271.575,1
CLTIND03412,regular,2458.69,5207.1,9,3623.4925,44
CLTIND03413,priority,10071.3,15744.44,15,5006.8966666666665,27
CLTIND03415,regular,24001.0,55125.8,16,3632.933333333333,40
CLTIND03417,regular,8533.07,19907.2,10,3334.315,71
CLTIND03418,dormant,985.7,1827.45,5,3519.545,4
CLTIND03419,dormant,4776.12,5918.42,6,2465.8475,110
CLTIND03420,priority,12616.75,17360.48,13,3320.46,21
CLTIND03421,regular,2005.16,4300.87,23,3325.5,15
CLTIND03422,regular,2872.58,5101.58,23,2478.368,31
CLTIND03423,regular,2784.45,5121.92,12,3138.63,2
CLTIND03424,dormant,3667.53,8560.19,8,3347.281111111111,5
CLTIND03425,regular,5285.07,9004.84,9,3729.815555555555,25
CLTIND03426,dormant,3828.19,5484.87,8,4524.233333333334,38
CLTIND03427,regular,3081.84,7226.26,14,1679.5433333333333,16
CLTIND03428,regular,1192.42,1340.4,11,1908.395,7
CLTIND03429,regular,587.9,877.23,14,2384.2066666666665,19
CLTIND03430,dormant,5967.9,9307.99,7,5470.655,2
CLTIND03432,dormant,804.7,1246.55,11,3282.8,109
CLTIND03433,regular,5930.73,13608.34,9,2320.2709999999997,19
CLTIND03434,priority,9256.22,17856.36,17,3020.8483333333334,2
CLTIND03437,regular,1777.7,3232.57,14,2085.1675,18
CLTIND03438,priority,7530.85,11037.46,20,1994.6299999999999,14
CLTIND03440,priority,28744.96,37022.77,15,645.95,15
CLTIND03441,priority,6152.36,14474.68,15,2287.71,18
CLTIND03442,dormant,6382.66,11080.47,7,2064.665,81
CLTIND03443,regular,9606.21,14536.59,10,3548.531666666667,2
CLTIND03444,priority,11901.85,18228.44,18,2324.9449999999997,7
CLTIND03445,priority,5452.79,9838.09,16,2293.58,8
CLTIND03447,regular,25396.54,53176.39,18,1823.42,47
CLTIND03448,dormant,811.96,1651.09,5,2703.8275,54
CLTIND03450,regular,2244.42,2522.96,15,4234.835,42
CLTIND03451,regular,1651.43,3966.93,11,2509.478,18
CLTIND03453,regular,759.12,1327.52,19,2553.665,17
CLTIND03454,dormant,2036.41,4144.95,6,1486.52,86
CLTIND03455,regular,54.47,77.84,9,2058.84,10
CLTIND03457,priority,11191.51,12519.27,24,3593.42875,2
CLTIND03458,regular,4496.7,9654.77,11,1767.985,9
CLTIND03459,regular,5496.34,6889.48,13,3747.906666666667,35
CLTIND03460,regular,6415.93,13670.07,18,1406.54,38
CLTIND03461,dormant,1821.41,3423.82,7,2744.5970588235296,18
CLTIND03462,regular,8778.47,21629.01,15,2839.045,33
CLTIND03463,dormant,3083.81,5157.53,7,2283.835,22
CLTIND03464,dormant,5259.5,12975.29,8,660.39,7
CLTIND03466,regular,3965.02,6083.09,20,5639.035,12
CLTIND03467,dormant,1301.12,3034.64,6,10519.19,374
CLTIND03469,regular,3617.68,7318.67,19,3319.5860000000002,40
CLTIND03470,regular,4642.48,8265.86,14,3180.395,4
CLTIND03471,dormant,7589.82,12423.68,6,2604.3,74
CLTIND03472,regular,5643.07,11369.89,17,1407.32,36
CLTIND03473,regular,1229.03,2953.45,9,2808.7072727272725,67
CLTIND03474,dormant,449.73,770.25,8,2658.6,3
CLTIND03475,regular,6052.15,9031.28,12,3221.23,25
CLTIND03476,dormant,3270.95,7213.2,5,4137.083333333333,136
CLTIND03477,dormant,10277.39,15381.69,8,3195.955,49
CLTIND03478,dormant,340.56,581.19,4,6755.89,81
CLTIND03479,regular,1441.54,2317.46,15,1916.65,70
CLTIND03480,regular,18375.19,32861.58,11,3877.9466666666667,18
CLTIND03481,dormant,554.42,982.98,6,2691.795,34
CLTIND03482,regular,2184.12,4733.74,18,2945.24,33
CLTIND03483,priority,6123.2,11529.11,28,2329.264,2
CLTIND03484,regular,4677.93,6326.42,18,1749.5133333333333,21
CLTIND03485,priority,6660.39,10414.23,13,4801.3949999999995,5
CLTIND03487,dormant,2791.61,6235.1,2,2222.3424999999997,104
CLTIND03488,dormant,903.71,1957.08,6,4207.71,77
CLTIND03489,regular,2813.27,5729.05,12,2213.133333333333,33
CLTIND03490,regular,10146.89,24402.48,10,1906.43,2
CLTIND03491,regular,1802.18,3948.88,20,6683.58,1
CLTIND03492,dormant,2122.67,2929.55,3,2694.9583333333335,39
CLTIND03493,regular,4251.78,10539.78,22,2937.606,32
CLTIND03494,regular,22433.84,40962.51,17,3531.714,83
CLTIND03495,priority,5669.15,11923.38,14,2262.5,16
CLTIND03496,regular,4454.38,6222.45,11,3443.9049999999997,15
CLTIND03497,regular,3852.98,9301.76,18,3395.482,30
CLTIND03498,dormant,1951.45,3150.09,3,2968.0641666666666,20
CLTIND03499,dormant,19302.33,43160.25,14,4159.572,92
CLTIND03500,regular,4081.07,6038.79,10,3734.2974999999997,66
CLTIND03501,regular,3187.9,4677.55,20,3699.2083333333335,3
CLTIND03502,regular,5342.21,9279.89,9,974.27,14
CLTIND03505,regular,965.77,1577.5,9,1258.3633333333335,70
CLTIND03507,dormant,2780.4,5612.84,12,3630.49,127
CLTIND03508,regular,2222.91,3305.95,10,3097.27,53
CLTIND03509,regular,3525.69,5046.32,13,3103.78,5
CLTIND03511,regular,1641.6,3433.17,13,2494.35,84
CLTIND03512,regular,1951.12,4610.81,11,2935.569285714286,24
CLTIND03513,dormant,4172.54,6026.8,6,1894.7599999999998,10
CLTIND03514,regular,2028.73,3105.93,20,4527.64,66
CLTIND03515,regular,1398.25,3253.16,9,2421.0,65
CLTIND03516,regular,11670.11,18907.57,14,4923.23,31
CLTIND03518,regular,933.14,1355.72,9,2919.78,37
CLTIND03519,regular,9932.14,13312.15,10,2450.31,10
CLTIND03520,regular,2371.73,5383.67,18,1689.0,59
CLTIND03521,priority,4528.12,10361.23,17,4045.4525000000003,9
CLTIND03523,dormant,3894.32,8332.93,5,2447.194,6
CLTIND03524,regular,104.86,174.65,10,3133.3566666666666,3
CLTIND03526,regular,4640.91,7962.3,13,3621.0725,2
CLTIND03527,dormant,4176.29,7127.96,10,1977.5244444444445,0
CLTIND03528,dormant,1874.6,2311.13,5,3394.5,52
CLTIND03529,regular,2209.3,2823.61,15,2001.9239999999998,3
CLTIND03530,regular,3667.39,8863.02,11,1519.518,3
CLTIND03531,dormant,419.32,676.09,8,3092.007692307692,100
CLTIND03532,dormant,1162.69,1754.77,3,3554.8233333333337,32
CLTIND03533,dormant,7474.65,14296.82,6,2053.236,28
CLTIND03534,dormant,8624.05,20052.89,15,3853.078,92
CLTIND03536,regular,3697.2,4456.01,18,2529.6344444444444,88
CLTIND03537,regular,23339.38,45282.6,9,3106.6040000000003,1
CLTIND03538,regular,28754.51,50564.68,14,1818.7133333333331,39
CLTIND03539,dormant,9319.83,13309.13,2,2690.045,47
CLTIND03540,dormant,3537.75,5688.53,6,2937.75,2
CLTIND03541,regular,38646.51,63630.13,11,2573.6949999999997,9
CLTIND03545,dormant,4757.45,11642.15,8,1323.15,6
CLTIND03546,regular,1718.3,3924.84,13,1003.825,11
CLTIND03547,dormant,4722.44,11577.13,5,2915.2949999999996,12
CLTIND03548,regular,5610.19,10697.5,10,2594.964,8
CLTIND03549,regular,575.2,859.77,15,3803.7825,10
CLTIND03550,regular,41137.39,86129.51,9,2978.07,41
CLTIND03551,priority,22980.79,26963.87,13,4429.4025,4
CLTIND03552,regular,1963.51,4313.52,13,3027.93,59
CLTIND03553,dormant,2806.41,5866.88,6,2106.35,31
CLTIND03555,regular,6857.52,14650.1,13,2363.79,36
CLTIND03556,regular,2013.39,3926.05,20,1241.73,52
CLTIND03558,regular,1444.26,2438.25,9,4147.29,31
CLTIND03559,dormant,1702.73,2257.51,7,2581.4575,85
CLTIND03560,regular,10455.07,17096.73,15,4539.833333333333,45
CLTIND03561,regular,5640.73,8289.21,10,3010.6485714285714,39
CLTIND03562,regular,2777.52,3443.16,11,3797.976,5
CLTIND03563,priority,15527.6,25669.25,19,1529.625,25
CLTIND03564,regular,113.33,140.88,9,1180.79,77
CLTIND03565,regular,7201.13,15623.66,14,4864.713333333333,31
CLTIND03568,regular,22379.39,27993.29,13,2069.265,32
CLTIND03569,regular,4108.85,4949.84,14,4236.528,27
CLTIND03570,regular,2079.74,4977.04,11,3347.4066666666663,21
CLTIND03571,dormant,1875.25,3128.89,7,2182.61,52
CLTIND03572,dormant,4517.37,5736.38,7,2202.095,48
CLTIND03574,dormant,3692.81,7218.88,6,1644.3875,158
CLTIND03575,regular,8375.02,11567.43,11,3014.3625,30
CLTIND03576,regular,8510.38,15859.75,10,1941.235,11
CLTIND03577,regular,1320.52,1957.15,9,3789.328571428571,4
CLTIND03579,regular,1914.78,2644.23,20,5375.56,2
CLTIND03580,priority,5204.21,10410.02,18,5134.0,1
CLTIND03581,regular,4388.88,6266.97,10,2826.33,6
CLTIND03582,dormant,1760.85,2815.31,6,1976.7366666666667,10
CLTIND03583,regular,27766.33,53996.93,10,3421.64625,21
CLTIND03584,priority,6643.69,13158.12,15,3996.29,13
CLTIND03585,dormant,1459.07,2921.46,11,3309.5699999999997,101
CLTIND03586,dormant,2645.13,6049.17,6,2053.4733333333334,215
CLTIND03587,dormant,431.28,630.54,8,3138.0499999999997,112
CLTIND03588,regular,2314.54,3162.18,10,3436.81,65
CLTIND03590,regular,6665.52,10184.7,9,3020.116666666667,43
CLTIND03591,dormant,1075.51,1813.77,7,4043.3825,58
CLTIND03592,regular,2286.54,3752.19,14,6301.835,7
CLTIND03593,dormant,1067.4,2580.2,3,5780.715,27
CLTIND03594,dormant,1764.57,3501.35,19,2673.0775000000003,178
CLTIND03595,dormant,2479.93,6068.51,8,3911.075,41
CLTIND03596,dormant,2281.72,3218.85,15,2879.05,99
CLTIND03598,dormant,2535.84,3741.05,6,1130.8633333333335,14
CLTIND03599,regular,1753.26,4308.65,14,2581.882,37
CLTIND03600,regular,2510.62,3161.31,9,2745.231818181818,41
CLTIND03601,dormant,1114.32,2377.52,8,6670.695,28
CLTIND03602,regular,1599.23,2176.58,11,2951.477142857143,35
CLTIND03603,regular,5770.23,6614.12,10,1425.35,21
CLTIND03604,dormant,1822.78,4273.8,5,2754.19,123
CLTIND03605,priority,17515.85,25154.88,14,4728.053333333333,15
CLTIND03606,regular,2270.53,5210.09,17,3360.685,6
CLTIND03607,dormant,5268.84,11037.37,13,1914.3,98
CLTIND03608,dormant,4441.45,9940.58,7,4478.47,17
CLTIND03610,regular,21587.28,37867.75,14,3500.5150000000003,58
CLTIND03611,dormant,1539.04,2168.53,15,1951.9875000000002,0
CLTIND03612,priority,34583.99,76746.12,30,2652.4883333333332,1
CLTIND03613,regular,6085.01,9860.15,9,1744.575,73
CLTIND03615,dormant,355.7,527.39,7,1970.95,19
CLTIND03617,dormant,5221.13,9671.3,3,2941.616666666667,51
CLTIND03619,dormant,2342.41,4546.56,3,780.26,26
CLTIND03620,regular,12467.13,24387.29,18,3643.54875,64
CLTIND03621,regular,5035.12,10851.6,17,2041.75,66
CLTIND03622,dormant,2407.43,5673.17,8,778.2,56
CLTIND03624,dormant,2429.15,3138.88,4,3304.99,49
CLTIND03625,regular,874.35,2044.66,9,1265.4133333333332,73
CLTIND03626,dormant,2527.21,5200.68,7,4593.403333333333,17
CLTIND03629,regular,4427.99,6099.9,17,3905.1666666666665,31
CLTIND03632,dormant,3934.08,4948.3,8,3659.0299999999997,86
CLTIND03633,dormant,579.83,747.65,4,4199.01,9
CLTIND03634,regular,3482.4,7306.36,10,4571.004444444445,17
CLTIND03635,regular,4011.37,6223.55,11,2212.02625,34
CLTIND03636,dormant,1863.95,3062.66,8,8196.69,11
CLTIND03637,dormant,9553.59,22431.41,2,1927.08,228
CLTIND03638,dormant,1798.88,3109.4,14,2749.5766666666664,150
CLTIND03639,regular,2789.99,3159.04,17,2105.7,70
CLTIND03640,dormant,2187.53,2693.96,6,1014.815,13
CLTIND03642,dormant,2049.6,3332.6,4,3287.5728571428567,103
CLTIND03643,regular,9474.59,17341.85,9,3202.5773684210526,62
CLTIND03644,regular,3541.46,5668.39,9,2228.566,46
CLTIND03645,dormant,1471.0,2882.03,6,1571.7333333333333,23
CLTIND03646,dormant,344.64,662.52,8,2301.342857142857,18
CLTIND03647,regular,685.69,826.39,10,4050.76,82
CLTIND03648,regular,584.15,771.56,9,2886.95,11
CLTIND03649,dormant,4938.04,11768.61,10,3805.39,143
CLTIND03650,regular,8171.33,17885.3,12,391.47,2
CLTIND03651,regular,412.3,508.87,11,2010.3,27
CLTIND03652,priority,8926.62,19026.7,13,2168.6566666666663,15
CLTIND03653,regular,7110.72,17189.51,14,2106.3683333333333,89
CLTIND03654,regular,669.55,872.06,12,1817.54,41
CLTIND03655,regular,3115.3,4439.67,9,720.17,23
CLTIND03656,dormant,6088.72,11596.16,9,2621.7726666666663,125
CLTIND03657,regular,1725.49,3171.05,22,3161.3881818181817,23
CLTIND03658,regular,1084.84,2153.02,19,3696.4133333333334,68
CLTIND03659,dormant,2122.68,2592.33,0,2637.568333333333,174
CLTIND03660,dormant,3583.59,7812.13,5,2002.84,15
CLTIND03661,regular,2607.76,3851.81,13,2521.67,4
CLTIND03662,dormant,4065.58,6225.82,5,3990.19,6
CLTIND03663,regular,702.46,1003.57,10,2745.25,51
CLTIND03664,dormant,1254.96,1613.08,4,5069.1,27
CLTIND03665,regular,4413.14,7092.22,9,4239.02,84
CLTIND03666,regular,5159.61,9729.31,9,1629.1499999999999,55
CLTIND03667,regular,2395.49,4203.12,19,5132.36,1
CLTIND03668,regular,27412.63,61437.57,10,3578.8199999999997,8
CLTIND03669,dormant,15250.36,24320.56,8,1587.53,14
CLTIND03671,regular,976.85,1937.68,9,5451.45,80
CLTIND03672,dormant,365.83,465.64,3,2091.23,7
CLTIND03673,regular,4287.56,5937.1,11,4540.91,49
CLTIND03675,dormant,8309.57,13555.43,12,3111.062222222222,0
CLTIND03676,dormant,994.82,1667.04,5,4100.51,223
CLTIND03677,dormant,233.15,263.56,7,6622.325,1
CLTIND03678,dormant,9887.21,13122.12,6,5155.935,91
CLTIND03679,regular,8919.39,9836.02,9,2116.68625,2
CLTIND03681,dormant,6932.35,14565.38,8,3555.603333333333,9
CLTIND03682,regular,724.73,1094.52,9,3702.1433333333334,38
CLTIND03683,regular,3246.0,5000.32,12,3424.1823529411763,58
CLTIND03685,regular,1720.37,3441.04,15,2794.1,44
CLTIND03686,dormant,578.23,641.68,7,2797.7714285714287,7
CLTIND03687,dormant,2721.78,6425.51,8,3948.7799999999997,49
CLTIND03688,regular,1121.55,1277.59,10,2915.8278571428573,75
CLTIND03689,regular,32106.6,35457.14,11,4195.3533333333335,28
CLTIND03691,priority,13779.06,22017.55,14,3950.4114285714286,21
CLTIND03692,dormant,411.48,754.92,12,2134.9233333333336,155
CLTIND03695,priority,5773.82,10570.91,18,2283.792,8
CLTIND03696,regular,4999.65,8638.27,15,1322.35,2
CLTIND03699,regular,17396.4,37341.79,16,3530.2642857142855,44
CLTIND03700,regular,1565.95,1916.54,16,2601.2799999999997,32
CLTIND03701,regular,1089.25,1881.2,22,2870.56,32
CLTIND03702,regular,50364.99,112338.59,18,1308.84,48
CLTIND03703,regular,17657.01,29081.64,11,833.35,17
CLTIND03705,regular,2985.5,7461.65,19,1245.155,41
CLTIND03708,dormant,4168.22,7655.11,6,2556.49,73
CLTIND03709,regular,10015.83,24314.35,9,2417.273333333333,10
CLTIND03710,dormant,7998.26,10875.75,6,4299.67,47
CLTIND03711,dormant,5936.95,6896.04,6,3878.381,10
CLTIND03712,dormant,2793.76,4315.34,6,2959.116666666667,65
CLTIND03713,regular,3727.62,8113.89,10,2284.612,40
CLTIND03716,dormant,1151.48,2517.33,8,2528.895714285714,7
CLTIND03718,regular,778.95,1521.37,11,3540.0699999999997,17
CLTIND03719,priority,10872.26,23985.65,13,5526.83,16
CLTIND03721,priority,68595.18,146968.6,13,2831.8900000000003,25
CLTIND03722,dormant,1058.16,1622.7,7,3006.4985714285713,9
CLTIND03724,dormant,700.05,923.55,8,812.1850000000001,5
CLTIND03725,dormant,8726.45,11758.91,17,3044.26,160
CLTIND03726,regular,1712.88,3747.1,9,2623.9049999999997,67
CLTIND03727,regular,904.96,2187.09,10,2325.3450000000003,11
CLTIND03728,regular,1451.83,2850.98,12,4288.153333333333,28
CLTIND03729,priority,8390.16,16130.16,18,1440.25,22
CLTIND03731,regular,554.59,1118.28,16,4156.68,39
CLTIND03733,regular,2717.05,5943.26,18,4695.96,15
CLTIND03734,dormant,5183.12,7540.34,7,4065.5,40
CLTIND03735,dormant,4585.05,7964.52,6,3035.6425,9
CLTIND03736,dormant,1174.58,2606.67,8,3940.066666666667,132
CLTIND03737,regular,2686.47,4079.66,18,3297.327142857143,57
CLTIND03738,regular,3827.8,5132.09,20,5508.91,17
CLTIND03739,regular,10274.15,11978.57,16,4901.27,65
CLTIND03741,dormant,92534.06,163029.33,30,3765.205,0
CLTIND03742,regular,3397.0,6335.78,12,5379.7675,32
CLTIND03743,priority,25921.53,40734.57,14,2242.2,27
CLTIND03744,dormant,7610.83,18475.26,2,4017.345,32
CLTIND03745,dormant,2649.31,5249.65,7,2908.2174999999997,48
CLTIND03746,regular,99.71,138.37,9,2239.73,11
CLTIND03749,dormant,26507.56,33012.32,15,2131.64,142
CLTIND03750,regular,1442.4,1844.4,16,6077.07,7
CLTIND03751,regular,446.71,930.54,13,2909.5499999999997,18
CLTIND03752,dormant,2924.62,5014.94,4,3320.0766666666664,3
CLTIND03755,regular,7453.36,15815.87,13,3583.903333333333,37
CLTIND03756,dormant,23202.04,26281.81,7,1609.5225,5
CLTIND03757,dormant,3170.2,5812.05,6,2253.8,227
CLTIND03758,regular,3274.4,5290.05,12,3553.2588888888886,50
CLTIND03759,priority,5164.93,11862.57,15,1934.4,7
CLTIND03760,dormant,6141.78,15112.31,7,2720.3050000000003,16
CLTIND03762,dormant,2463.57,3295.75,5,3196.5225,20
CLTIND03763,dormant,3492.88,8242.38,5,2250.35,21
CLTIND03764,dormant,4470.41,6242.98,6,3932.075,34
CLTIND03765,regular,11214.57,25812.51,12,4261.67,27
CLTIND03766,regular,2017.76,3908.12,11,3442.335,11
CLTIND03767,dormant,10305.13,13442.29,8,4305.59,85
CLTIND03768,regular,2119.07,2659.97,13,1074.3799999999999,6
CLTIND03769,dormant,5660.25,13760.32,8,3488.205,13
CLTIND03770,dormant,5820.75,14179.51,7,2812.1099999999997,20
CLTIND03772,priority,11028.84,25868.64,21,520.435,12
CLTIND03773,dormant,1130.81,2816.31,5,4142.345,58
CLTIND03774,dormant,2037.06,3951.02,6,1677.7549999999999,5
CLTIND03775,regular,68782.32,91115.05,16,3906.55,45
CLTIND03777,regular,808.93,1280.78,19,4103.400000000001,8
CLTIND03778,dormant,858.37,1512.67,8,3510.193333333333,147
CLTIND03779,regular,2205.35,2940.6,12,2479.055,12
CLTIND03780,regular,1183.02,1394.13,17,1779.9618181818184,48
CLTIND03781,dormant,1747.88,3715.07,7,3638.196,34
CLTIND03782,priority,7429.57,11632.46,15,285.61,16
CLTIND03784,dormant,9001.18,13688.58,13,3223.13,115
CLTIND03785,dormant,2988.97,7224.57,5,1573.64,105
CLTIND03786,priority,5420.69,10840.9,15,2888.12,19
CLTIND03787,dormant,1617.14,2068.99,1,5422.35,1
CLTIND03788,dormant,405.87,798.38,7,3316.7183333333337,77
CLTIND03789,dormant,1275.14,2061.79,7,3107.4599999999996,14
CLTIND03790,regular,15463.37,37129.72,14,1486.82,80
CLTIND03791,regular,6624.27,11444.62,13,1734.35,34
CLTIND03793,priority,29565.19,35077.77,17,1538.5966666666666,9
CLTIND03794,regular,1410.03,2384.85,21,1426.62,33
CLTIND03795,dormant,1439.2,1795.98,7,2523.366,27
CLTIND03796,dormant,4257.96,9013.88,9,2373.55,145
CLTIND03797,dormant,518.39,778.9,5,2358.71,49
CLTIND03798,dormant,2076.84,3236.67,6,3760.34,14
CLTIND03799,dormant,4431.21,5232.7,5,2529.8944444444446,109
CLTIND03800,dormant,3947.16,4467.36,6,5517.37,14
CLTIND03801,regular,986.28,1473.01,15,3576.3,70
CLTIND03802,regular,2192.71,4458.52,19,1008.91,5
CLTIND03803,dormant,8997.1,10378.71,14,1229.725,99
CLTIND03804,regular,7843.78,18226.66,11,5585.196666666667,13
CLTIND03807,regular,1025.39,2324.38,17,953.235,54
CLTIND03808,regular,4684.57,7214.64,16,3373.995,77
CLTIND03809,dormant,19597.16,36060.89,4,3344.4933333333333,53
CLTIND03810,regular,2485.15,3530.58,14,1699.91,9
CLTIND03813,priority,9360.42,18810.88,16,1504.27,15
CLTIND03814,priority,16607.55,23273.17,19,1462.0349999999999,12
CLTIND03815,dormant,6657.97,9021.11,16,4083.05,91
CLTIND03816,regular,2172.8,5283.2,18,2287.59,49
CLTIND03817,priority,5248.88,9531.62,18,2760.0919999999996,18
CLTIND03818,regular,22693.96,38481.86,9,1764.5700000000002,28
CLTIND03819,regular,3758.45,9277.72,12,3713.944285714286,49
CLTIND03820,dormant,1240.36,1824.76,5,2934.4483333333337,39
CLTIND03821,regular,3667.73,6254.42,18,1133.2366666666667,59
CLTIND03822,regular,1582.21,3540.77,25,1875.4375,24
CLTIND03823,regular,24882.47,28717.56,9,3148.672,30
CLTIND03824,dormant,74607.97,179045.54,8,3441.695,29
CLTIND03825,dormant,2457.29,4613.12,17,3192.09,0
CLTIND03826,regular,3025.09,5008.37,18,2072.71,85
CLTIND03827,regular,5060.18,8832.71,18,2340.1639999999998,16
CLTIND03829,regular,9249.43,14538.6,10,3750.048461538461,14
CLTIND03830,regular,4724.36,6553.66,11,3140.3,83
CLTIND03831,regular,7572.06,14414.25,16,1593.8400000000001,77
CLTIND03832,dormant,6917.04,15978.75,6,2441.7325,211
CLTIND03833,dormant,751.46,1472.26,7,3053.195,127
CLTIND03834,dormant,631.08,1325.19,7,3303.492222222222,39
CLTIND03835,regular,8318.18,16629.78,15,2342.9333333333334,85
CLTIND03836,regular,9007.12,19156.37,10,2521.8075,18
CLTIND03837,regular,5062.73,6096.56,23,3996.823636363636,14
CLTIND03838,priority,8799.17,9743.35,16,1830.12,1
CLTIND03839,dormant,5547.19,11000.71,5,3023.371111111111,12
CLTIND03840,regular,10011.62,21024.69,12,3122.851111111111,79
CLTIND03841,dormant,1733.55,2100.13,1,2006.8866666666665,58
CLTIND03842,regular,1232.11,2096.77,15,4010.65,11
CLTIND03843,regular,2167.39,4391.07,20,3270.95,32
CLTIND03844,regular,2270.08,5184.05,19,2661.8700000000003,85
CLTIND03845,dormant,537.3,1004.3,10,2862.2799999999997,97
CLTIND03847,regular,22359.62,41102.96,12,2819.883333333333,33
CLTIND03848,priority,7846.4,13852.54,18,3900.23,8
CLTIND03850,regular,9330.75,15285.36,12,3876.352,18
CLTIND03851,dormant,17250.16,37945.5,14,1602.236,0
CLTIND03852,priority,44760.06,105618.44,20,3956.32,20
CLTIND03853,dormant,2136.77,3525.72,3,3963.501,2
CLTIND03854,regular,1372.25,1626.3,13,1806.04,18
CLTIND03855,regular,6331.38,9102.89,13,3658.8399999999997,11
CLTIND03856,regular,1675.25,4119.34,11,7547.54,48
CLTIND03857,regular,1931.81,2708.87,10,1397.7266666666667,40
CLTIND03858,dormant,6908.83,13155.03,5,1944.3,7
CLTIND03859,regular,1382.72,2793.75,12,3681.91,48
CLTIND03860,regular,362.48,442.7,9,3423.4900000000002,26
CLTIND03862,regular,1440.84,3596.69,13,3505.705,57
CLTIND03864,regular,1136.66,2198.72,9,3209.5375,2
CLTIND03865,dormant,742.99,1047.98,7,3694.1275,58
CLTIND03866,regular,1308.6,3123.85,14,2816.262,56
CLTIND03867,regular,13326.11,21947.59,16,3064.963,67
CLTIND03868,regular,690.33,1263.4,13,5409.65,14
CLTIND03870,dormant,3230.65,4578.54,7,2672.165,7
CLTIND03872,regular,5918.94,8636.71,10,3564.3416666666667,40
CLTIND03873,regular,543.41,828.42,9,2719.60625,27
CLTIND03874,regular,7015.4,14323.01,10,1470.54,51
CLTIND03875,dormant,877.65,1867.75,8,1523.21,30
CLTIND03876,dormant,3589.91,4926.34,5,3115.347142857143,7
CLTIND03878,priority,6159.78,13401.54,28,1611.85,2
CLTIND03879,regular,985.2,2252.11,22,3037.852,17
CLTIND03880,regular,5117.27,7761.46,14,3079.695,23
CLTIND03881,dormant,2032.71,3505.43,7,2829.34,4
CLTIND03882,dormant,15287.69,27518.46,2,4848.4349999999995,12
CLTIND03883,regular,1958.55,2807.07,11,3901.6,10
CLTIND03885,dormant,10973.67,23488.55,4,3457.39875,14
CLTIND03886,regular,24294.92,59695.67,13,3531.103333333333,81
CLTIND03887,dormant,1460.46,2683.8,5,1646.3799999999999,9
CLTIND03888,dormant,156.65,373.15,3,1996.0033333333333,3
CLTIND03890,regular,472.08,850.77,11,3471.8266666666664,38
CLTIND03891,priority,6833.43,12625.83,18,1781.455,10
CLTIND03892,priority,34389.5,38296.98,13,4185.27,1
CLTIND03893,regular,216.67,399.65,15,1137.3675,28
CLTIND03894,regular,829.4,1272.08,14,4103.425,35
CLTIND03895,dormant,6739.8,10720.22,16,2467.8375,122
CLTIND03896,regular,583.88,1238.87,9,2842.91,39
CLTIND03897,dormant,2303.44,3423.23,6,4405.125,117
CLTIND03898,dormant,1999.19,4735.22,4,3261.2075,6
CLTIND03899,regular,4720.63,7188.89,13,3756.485,5
CLTIND03900,regular,651.73,1149.41,21,5015.29,17
CLTIND03901,regular,2201.67,2865.57,14,1795.3780000000002,25
CLTIND03902,regular,4921.8,7006.16,13,768.4399999999999,48
CLTIND03903,regular,4711.66,8357.83,19,1135.49,9
CLTIND03905,dormant,891.6,2210.38,5,2678.318333333333,13
CLTIND03906,regular,10709.25,17603.03,11,2992.9750000000004,21
CLTIND03907,regular,4802.83,7032.6,14,2195.81,12
CLTIND03908,regular,4098.54,8588.57,13,4970.0650000000005,51
CLTIND03909,regular,14515.26,35877.97,18,4029.4850000000006,52
CLTIND03910,dormant,6333.93,11950.28,5,6230.16,92
CLTIND03911,regular,5063.11,8167.52,16,2127.31,38
CLTIND03913,regular,383.17,886.89,10,4107.61,14
CLTIND03914,dormant,2783.92,3261.14,4,3080.3022222222226,157
CLTIND03915,priority,27942.12,42506.67,22,4721.9375,8
CLTIND03917,dormant,1825.46,2333.56,8,2269.7400000000002,45
CLTIND03918,dormant,8788.89,15549.48,5,987.21,66
CLTIND03919,dormant,3395.74,4733.07,6,3509.623333333333,56
CLTIND03920,priority,11110.35,19102.47,16,4083.48,16
CLTIND03922,regular,7549.67,8643.29,14,2651.075,30
CLTIND03923,regular,5062.94,11796.78,12,1792.375,9
CLTIND03924,priority,32093.86,78371.06,21,1282.4360000000001,6
CLTIND03925,dormant,7133.09,12575.44,2,3113.465,4
CLTIND03926,dormant,8293.15,17034.03,7,3583.19,18
CLTIND03929,dormant,4013.32,8222.56,6,4224.64,5
CLTIND03930,regular,3935.65,5548.16,17,4361.355,55
CLTIND03931,regular,2109.05,5008.15,16,2481.32,73
CLTIND03932,dormant,8484.11,20109.07,8,2345.755,52
CLTIND03933,dormant,2026.6,2755.45,7,3134.3999999999996,28
CLTIND03934,dormant,3763.74,6472.2,7,5339.52,25
CLTIND03935,dormant,3635.06,5482.65,8,1853.705,115
CLTIND03936,regular,9676.14,22747.3,11,3060.01,1
CLTIND03937,dormant,3718.74,4205.0,7,3952.05,67
CLTIND03938,regular,33877.49,53338.89,15,3672.5675,76
CLTIND03940,dormant,8993.17,12478.01,8,1352.25,17
CLTIND03941,priority,7579.17,15130.15,22,3178.368,5
CLTIND03942,regular,239.27,307.5,18,2695.0385714285717,62
CLTIND03943,regular,1105.04,2504.47,17,6154.865,52
CLTIND03944,dormant,902.21,1630.25,7,3144.28375,20
CLTIND03945,regular,21541.79,39163.4,18,4138.036666666667,56
CLTIND03946,dormant,417.21,996.71,8,3644.825,53
CLTIND03947,priority,22423.76,47938.48,19,2907.7657142857142,17
CLTIND03949,regular,1424.61,2344.24,21,4756.19,54
CLTIND03950,regular,3755.81,6801.49,13,3230.49,2
CLTIND03951,regular,4131.0,5189.82,20,6176.6,34
CLTIND03953,dormant,4451.04,8336.96,7,1936.96,115
CLTIND03954,regular,525.22,712.33,9,3392.2033333333334,17
CLTIND03955,regular,1173.8,1706.31,10,2992.0559999999996,46
CLTIND03956,dormant,3078.51,4886.95,5,3562.445,3
CLTIND03957,regular,4158.96,8882.7,10,1281.36,13
CLTIND03958,regular,5000.78,10177.44,11,7407.85,75
CLTIND03960,regular,9062.5,14562.98,9,3814.86,48
CLTIND03962,regular,3386.49,8284.9,9,1612.0500000000002,6
CLTIND03963,regular,10950.46,22635.3,11,3640.5474999999997,76
CLTIND03964,regular,2889.64,6657.68,13,2466.052,9
CLTIND03965,priority,11737.41,21955.83,18,1352.4566666666667,19
CLTIND03966,dormant,1281.06,3158.02,7,4384.26,24
CLTIND03967,dormant,5678.9,6632.52,7,2126.79,2
CLTIND03968,priority,40623.37,53493.96,13,3268.805,27
CLTIND03969,regular,294.1,424.1,9,2573.2816666666668,29
CLTIND03971,dormant,8590.88,14272.11,4,2914.9725,12
CLTIND03972,regular,1564.13,2728.37,10,1494.18,15
CLTIND03973,dormant,4289.0,8242.48,3,2942.08875,60
CLTIND03974,dormant,6278.96,12356.49,8,3759.3225,16
CLTIND03975,regular,2541.65,4527.48,10,10808.27,81
CLTIND03977,regular,20938.87,43572.04,24,6044.683333333333,41
CLTIND03980,priority,8398.74,16193.4,17,2035.5100000000002,18
CLTIND03981,dormant,836.87,2085.08,5,2121.1275,1
CLTIND03982,priority,4339.79,10328.43,19,1657.345,29
CLTIND03983,regular,117394.06,283071.89,10,5902.78,11
CLTIND03984,regular,5194.82,7091.42,12,4689.1875,6
CLTIND03985,dormant,6274.11,7693.96,17,4531.88,0
CLTIND03987,dormant,2437.09,5837.94,8,2258.695,7
CLTIND03988,dormant,459.98,762.83,4,2625.9733333333334,101
CLTIND03989,regular,275.89,325.29,10,3016.8275000000003,62
CLTIND03990,regular,8448.06,14395.38,14,3313.721666666667,51
CLTIND03991,regular,1195.32,2021.05,16,3541.0550000000003,30
CLTIND03994,regular,5884.15,8931.34,17,1829.3333333333333,40
CLTIND03995,regular,5563.63,9954.81,19,1476.47,32
CLTIND03996,regular,2263.24,3929.02,19,3143.1025,64
CLTIND03997,regular,12097.56,21363.01,12,4448.602857142857,68
CLTIND03998,dormant,3062.58,7422.52,6,3843.0325000000003,58
CLTIND03999,regular,2276.32,3528.13,11,308.92,66
CLTIND04000,regular,5790.78,12261.22,10,4066.32,3
CLTIND04001,dormant,1373.21,2642.37,8,3078.6800000000003,88
CLTIND04002,dormant,1769.41,3947.09,8,2607.943333333333,6
CLTIND04005,regular,1955.57,2860.5,14,4259.256363636364,26
CLTIND04006,dormant,5467.69,9136.18,6,2577.606,5
CLTIND04007,regular,3218.13,4381.96,13,3552.845,23
CLTIND04008,dormant,1379.72,2977.17,8,1546.905,89
CLTIND04011,dormant,4896.41,6105.63,4,4006.432857142857,67
CLTIND04012,dormant,5966.75,11853.04,4,3954.29,29
CLTIND04013,dormant,3042.14,4337.02,3,2852.23,74
CLTIND04014,regular,1318.62,2838.57,15,3189.59,48
CLTIND04016,regular,4823.33,5874.2,10,2702.476666666667,18
CLTIND04017,regular,2463.58,3123.97,10,495.09000000000003,24
CLTIND04018,dormant,406.6,732.95,5,2819.955,27
CLTIND04019,regular,728.13,852.6,18,3780.6200000000003,7
CLTIND04020,dormant,2559.91,3076.13,5,1145.54,164
CLTIND04021,dormant,3507.37,6972.54,8,3229.51,47
CLTIND04022,regular,1917.45,2714.0,11,2826.123333333333,42
CLTIND04023,dormant,2801.77,6953.13,7,2054.8083333333334,132
CLTIND04024,dormant,4052.52,4599.94,6,4354.32,62
CLTIND04025,dormant,1301.38,1884.46,8,4506.14,71
CLTIND04026,regular,1702.11,4225.63,9,3062.852,4
CLTIND04027,regular,768.46,989.98,22,2731.91,7
CLTIND04028,regular,3155.54,4526.09,11,2352.5255555555555,6
CLTIND04029,regular,648.53,876.06,12,3707.73,10
CLTIND04030,regular,8122.0,18945.19,15,4638.07,80
CLTIND04032,priority,73625.79,157895.3,20,2591.2799999999997,3
CLTIND04033,regular,2679.6,6105.16,21,2927.18,23
CLTIND04034,dormant,2873.93,3752.89,4,4104.5650000000005,178
CLTIND04035,dormant,407.9,817.26,8,2602.6299999999997,22
CLTIND04036,dormant,5496.25,12753.11,6,3457.665,54
CLTIND04037,regular,884.25,1948.95,10,6150.18,2
CLTIND04038,dormant,841.21,2012.28,8,1697.01,100
CLTIND04039,dormant,5901.62,9078.33,7,2790.925,234
CLTIND04040,dormant,2295.31,5530.28,6,4284.745,5
CLTIND04041,dormant,17419.04,27952.53,4,2296.391666666667,29
CLTIND04042,regular,428.7,641.38,11,2736.04,72
CLTIND04045,regular,756.16,1306.05,10,4283.469999999999,76
CLTIND04046,regular,1976.48,4430.7,14,2380.3233333333333,27
CLTIND04047,regular,5732.13,12905.27,13,1831.6085714285712,45
CLTIND04049,dormant,2408.8,5892.3,3,4274.863333333334,93
CLTIND04050,dormant,370.52,519.68,6,4353.4,28
CLTIND04051,regular,2966.97,4218.21,16,1121.705,20
CLTIND04052,dormant,980.84,2261.66,4,2185.95,34
CLTIND04053,priority,14867.06,28127.42,24,4687.5,4
CLTIND04054,regular,833.86,1502.32,10,749.14,7
CLTIND04055,regular,2134.32,2620.41,14,3547.4305555555557,69
CLTIND04057,dormant,4150.91,7813.36,5,4872.0,3
CLTIND04059,priority,8792.36,19384.19,18,2524.9733333333334,1
CLTIND04060,regular,6014.37,7704.68,27,4851.645,26
CLTIND04061,dormant,8181.05,18932.67,4,2879.1825,7
CLTIND04062,regular,986.71,1995.99,10,2736.2566666666667,2
CLTIND04064,regular,512.95,1126.86,15,1553.3066666666666,39
CLTIND04065,regular,2478.84,4957.91,11,3117.33,1
CLTIND04066,dormant,5823.36,10993.18,5,1742.74,58
CLTIND04067,dormant,1264.05,2917.64,6,2932.967777777778,228
CLTIND04069,regular,1079.75,1832.48,13,3329.02,13
CLTIND04070,dormant,1497.07,2888.19,6,2677.19,85
CLTIND04072,dormant,750.35,1361.5,7,2771.5499999999997,11
CLTIND04073,regular,1359.18,2639.21,20,2815.025,26
CLTIND04074,regular,343.65,556.5,19,3550.2666666666664,64
CLTIND04075,regular,6986.25,16897.05,11,3968.2715384615385,2
CLTIND04076,regular,6865.08,7786.6,12,2914.485,33
CLTIND04078,dormant,1526.46,2753.22,3,3960.5916666666667,144
CLTIND04080,dormant,3043.8,7014.08,6,4038.396666666666,40
CLTIND04081,dormant,2840.32,6497.26,4,2262.46,159
CLTIND04082,dormant,399.15,750.64,1,2878.741666666667,7
CLTIND04083,priority,8083.23,14382.25,20,3075.91,28
CLTIND04084,regular,7289.01,14495.92,18,5967.75,53
CLTIND04086,regular,12288.52,20299.38,14,2447.4583333333335,46
CLTIND04088,priority,11787.32,22339.88,15,2986.9049999999997,30
CLTIND04089,regular,1038.24,1585.63,16,2944.5514285714285,28
CLTIND04091,regular,5471.85,13377.39,16,1992.31,54
CLTIND04092,regular,4052.3,7020.87,32,1088.965,8
CLTIND04093,regular,8613.82,13548.98,12,3900.3233333333337,39
CLTIND04094,regular,1430.26,1885.9,9,1684.77,31
CLTIND04095,dormant,1931.61,2557.47,6,1975.216,35
CLTIND04096,dormant,20060.96,44829.19,8,1778.4650000000001,13
CLTIND04097,dormant,4815.57,7374.91,8,2720.63,100
CLTIND04098,dormant,1138.0,1762.03,5,3713.387142857143,90
CLTIND04099,dormant,1127.69,2060.6,4,2232.16,1
CLTIND04100,regular,1060.47,1490.58,12,3030.408888888889,25
CLTIND04101,regular,917.98,2269.47,11,1379.1057142857142,27
CLTIND04102,regular,533.57,1160.04,10,5646.95,8
CLTIND04103,regular,4435.71,6717.58,15,2363.3779999999997,10
CLTIND04104,regular,15457.69,29660.1,11,3444.127272727273,77
CLTIND04105,dormant,4641.3,9395.91,4,3631.403333333333,112
CLTIND04106,regular,1753.52,3564.5,9,2784.844,22
CLTIND04107,priority,40261.73,61868.98,18,2288.4,1
CLTIND04108,regular,2506.96,5134.98,12,297.59,25
CLTIND04109,priority,7602.89,12210.19,15,2416.9383333333335,2
CLTIND04111,dormant,2074.34,5115.15,6,3892.0724999999998,61
CLTIND04113,dormant,1720.13,3998.57,6,3363.2019999999998,6
CLTIND04114,dormant,13190.08,20752.48,5,4443.923333333333,72
CLTIND04115,dormant,4682.99,7209.69,7,2781.98,3
CLTIND04117,regular,118.09,195.36,10,3143.2033333333334,5
CLTIND04119,dormant,4222.32,9151.38,2,935.38,18
CLTIND04120,regular,4606.97,9008.69,16,2971.25,29
CLTIND04122,regular,2811.17,3290.47,9,3520.89,22
CLTIND04123,dormant,850.79,1796.08,6,3084.036,93
CLTIND04124,dormant,2095.47,4846.23,8,3677.7875000000004,9
CLTIND04125,regular,4261.23,9420.07,22,4327.389999999999,46
CLTIND04126,dormant,9656.18,17560.66,6,3292.6025,15
CLTIND04127,dormant,461.26,793.3,6,2995.504,28
CLTIND04128,dormant,1116.3,1627.01,10,2345.9857142857145,400
CLTIND04129,dormant,24456.28,57318.56,4,3731.771666666666,12
CLTIND04131,regular,11873.84,17881.96,13,2893.702,51
CLTIND04135,priority,25346.77,46665.03,13,2704.53,1
CLTIND04136,dormant,22663.98,48665.92,8,1234.05,97
CLTIND04137,regular,1150.07,1507.75,9,3633.2899999999995,37
CLTIND04139,regular,4221.15,7787.85,15,4934.42,7
CLTIND04140,priority,18422.21,45940.88,14,4043.11,2
CLTIND04142,regular,1260.49,3076.12,12,3001.6257142857144,15
CLTIND04145,priority,34224.33,67408.38,14,2161.233333333333,27
CLTIND04146,regular,16876.54,28706.96,9,3188.4233333333336,36
CLTIND04148,regular,6174.86,10545.29,9,2420.14,76
CLTIND04149,dormant,383.23,616.25,10,2628.9475,103
CLTIND04150,dormant,8988.07,10932.21,5,1514.77,105
CLTIND04151,dormant,3061.09,3991.88,8,3543.3525,76
CLTIND04153,dormant,25858.2,41221.24,8,3329.3366666666666,21
CLTIND04154,priority,14800.51,36849.74,14,4964.965,21
CLTIND04155,dormant,33850.36,42166.82,8,2518.346666666667,41
CLTIND04156,dormant,1995.15,3200.72,8,2118.1014285714286,12
CLTIND04157,regular,6283.0,8260.06,10,5332.78,17
CLTIND04158,regular,1532.19,3323.17,24,4878.42,6
CLTIND04159,dormant,1974.05,3872.25,3,4704.335,47
CLTIND04160,dormant,1504.71,3138.1,9,5207.64,120
CLTIND04161,regular,7380.6,12204.68,12,3761.5499999999997,54
CLTIND04162,dormant,1305.68,2782.39,7,3974.895,15
CLTIND04164,dormant,639.63,1398.55,10,7247.754999999999,136
CLTIND04165,priority,7278.74,15499.62,22,3956.428,13
CLTIND04166,regular,1248.64,2938.63,18,2381.96,6
CLTIND04167,regular,830.1,1943.09,10,4106.5633333333335,34
CLTIND04169,regular,629.65,1310.47,12,2554.4849999999997,36
CLTIND04170,regular,1776.25,1986.54,15,1511.0733333333335,43
CLTIND04171,dormant,3122.81,6461.77,5,1802.2766666666666,41
CLTIND04172,regular,785.67,1072.09,24,3401.1133333333332,10
CLTIND04173,dormant,1282.1,2215.32,7,1921.725,90
CLTIND04174,regular,18995.6,38837.24,10,1797.5,25
CLTIND04175,regular,6236.34,8479.96,17,4278.16,25
CLTIND04176,regular,7974.5,11551.6,10,3009.88,3
CLTIND04177,regular,3379.17,6354.31,14,2376.08,11
CLTIND04178,regular,2957.97,7117.0,9,2691.58,61
CLTIND04179,regular,5708.4,11181.01,11,2479.092727272727,66
CLTIND04180,dormant,1166.95,2105.3,12,1595.5566666666666,195
CLTIND04181,regular,17917.33,29044.99,12,2906.7466666666664,12
CLTIND04182,priority,39487.29,88359.02,15,1757.7900000000002,22
CLTIND04183,dormant,969.38,1287.49,7,4983.246666666667,12
CLTIND04185,dormant,6267.98,11472.64,7,2162.665,54
CLTIND04186,regular,3252.95,7459.29,16,4054.72,19
CLTIND04188,regular,1022.99,1226.41,15,4899.1466666666665,1
CLTIND04189,regular,7885.36,15049.94,23,1420.4966666666667,42
CLTIND04191,regular,291.13,636.53,12,1126.9366666666667,15
CLTIND04192,regular,2752.55,4060.82,9,2187.9888235294115,7
CLTIND04193,dormant,4395.46,8874.79,5,2837.152857142857,0
CLTIND04194,regular,1062.24,2561.93,17,3437.0,23
CLTIND04195,regular,1554.11,1731.95,11,6746.92,7
CLTIND04196,regular,5093.02,12352.23,16,2139.3940000000002,47
CLTIND04197,dormant,299.82,553.78,8,2724.88,56
CLTIND04198,regular,1864.43,3807.0,13,4707.986,17
CLTIND04199,priority,9313.92,18037.2,19,2447.585714285714,21
CLTIND04200,regular,1546.32,3250.84,16,972.8,14
CLTIND04202,dormant,9195.12,18178.06,8,2951.45,22
CLTIND04203,dormant,6473.6,7650.67,11,2655.85,0
CLTIND04204,dormant,4344.82,8190.9,6,4114.306666666666,42
CLTIND04205,dormant,542.68,779.07,6,1568.3025,104
CLTIND04206,regular,5266.34,11171.26,10,2363.58,75
CLTIND04207,dormant,23545.53,56184.01,2,5651.8150000000005,76
CLTIND04208,regular,789.05,1423.44,9,4276.64,5
CLTIND04209,regular,2024.59,5002.98,9,3592.65,30
CLTIND04210,regular,848.7,1836.66,15,4937.945000000001,85
CLTIND04211,regular,11624.49,22333.41,14,7585.34,31
CLTIND04212,dormant,4238.12,9407.82,6,3899.215,89
CLTIND04213,priority,13927.58,21237.11,19,2264.885,4
CLTIND04215,regular,24057.43,45883.86,10,2699.81,51
CLTIND04216,priority,14845.38,27482.86,14,3449.18,29
CLTIND04217,regular,1967.16,4000.76,22,3728.475,20
CLTIND04218,dormant,1287.15,2749.91,11,2418.4449999999997,126
CLTIND04219,dormant,1442.58,2914.51,9,2495.2250000000004,128
CLTIND04220,regular,912.82,2112.04,15,1165.0,60
CLTIND04221,regular,10818.58,22058.72,18,2039.1290909090908,49
CLTIND04222,regular,5370.38,12916.05,13,1388.0,87
CLTIND04223,dormant,9774.26,24133.45,10,6902.03,108
CLTIND04224,dormant,2121.57,4980.67,20,2530.225,0
CLTIND04225,regular,5297.68,9015.59,10,3995.6479999999997,11
CLTIND04226,regular,1492.96,2676.45,14,2076.4728571428573,4
CLTIND04227,regular,6151.83,7167.85,13,5803.085,29
CLTIND04228,regular,1949.35,3118.32,13,3486.1983333333337,26
CLTIND04229,dormant,3068.03,5679.08,7,1012.27,35
CLTIND04230,dormant,5260.39,6330.15,5,3456.095,216
CLTIND04231,regular,1595.71,3567.67,15,2601.3728571428574,80
CLTIND04232,regular,6931.35,8826.35,9,2937.8,87
CLTIND04233,priority,4534.1,9700.45,17,841.54,16
CLTIND04234,regular,14105.32,35214.03,19,4315.102000000001,75
CLTIND04235,regular,23276.45,44551.49,9,1172.08,76
CLTIND04236,dormant,3854.73,6568.28,4,2278.4666666666667,23
CLTIND04238,priority,16234.58,29888.18,15,2482.7250000000004,30
CLTIND04239,dormant,5818.79,12392.93,6,3723.316666666667,96
CLTIND04240,regular,3144.63,6003.76,9,468.33,89
CLTIND04241,regular,2300.27,2798.0,14,2170.3450000000003,39
CLTIND04242,dormant,1327.08,2466.52,12,2564.0,92
CLTIND04244,regular,2402.18,2724.81,15,836.9699999999999,46
CLTIND04245,dormant,3843.59,4520.32,7,3056.57,34
CLTIND04247,dormant,3973.09,8617.58,8,4764.5175,87
CLTIND04249,regular,4496.25,11079.12,15,3665.62,45
CLTIND04250,regular,2085.38,4607.23,11,997.58,80
CLTIND04251,dormant,8663.52,18308.92,7,4915.1075,42
CLTIND04252,regular,673.82,1439.94,16,2538.53,37
CLTIND04253,regular,13243.48,30359.66,13,1309.8742857142856,82
CLTIND04254,regular,1312.12,1605.75,10,3109.0783333333334,12
CLTIND04255,regular,1862.17,3853.79,19,4468.674999999999,14
CLTIND04256,dormant,5985.96,9376.34,5,3211.226153846154,3
CLTIND04259,priority,8400.03,13968.34,14,2945.921428571429,3
CLTIND04260,dormant,730.9,998.87,13,3333.626,120
CLTIND04261,regular,3755.63,6939.81,18,3920.6258333333335,7
CLTIND04263,regular,12541.49,25068.29,11,2261.425,17
CLTIND04264,regular,2852.51,4059.31,9,3366.119166666667,19
CLTIND04265,dormant,247.62,615.6,3,2174.3599999999997,32
CLTIND04266,regular,8765.42,19725.63,9,2871.05,56
CLTIND04267,dormant,4930.42,11490.06,8,2362.4933333333333,58
CLTIND04268,dormant,4554.42,7527.66,6,2959.1866666666665,25
CLTIND04269,dormant,5601.12,8333.6,3,6232.9825,192
CLTIND04270,dormant,2056.94,2657.57,8,5040.17,11
CLTIND04271,regular,1563.86,1872.57,10,1600.56,80
CLTIND04272,regular,277.42,587.71,13,3273.806666666667,19
CLTIND04273,regular,1969.38,4778.57,11,4082.0633333333335,14
CLTIND04274,regular,7690.34,8763.3,22,2964.382,2
CLTIND04275,dormant,68138.63,129571.18,7,2023.01,9
CLTIND04276,regular,3092.94,5335.96,22,2372.925,17
CLTIND04277,dormant,796.28,1719.2,4,2118.4475,43
CLTIND04278,regular,15890.55,36551.81,10,2813.36,12
CLTIND04279,regular,1525.57,3683.85,19,2402.0,19
CLTIND04280,regular,2635.09,4776.73,9,1921.8125,34
CLTIND04281,dormant,7429.72,9053.1,6,383.89,57
CLTIND04282,dormant,2206.65,2949.81,4,3540.604444444444,155
CLTIND04283,regular,1481.47,2595.59,12,3259.97,1
CLTIND04284,dormant,1943.17,3465.14,8,1671.2675,2
CLTIND04285,regular,4318.32,5724.12,9,3324.799285714286,30
CLTIND04286,regular,6581.44,7827.05,13,969.7,8
CLTIND04287,regular,2743.95,6160.98,12,1614.6025,1
CLTIND04289,dormant,2598.25,3497.57,6,5876.56,98
CLTIND04290,dormant,5515.01,8166.9,22,2000.4125,167
CLTIND04291,dormant,4587.8,8613.46,6,3560.36,47
CLTIND04292,regular,753.44,1355.87,12,3537.75,1
CLTIND04293,regular,2856.0,3662.3,13,5211.74,32
CLTIND04294,regular,3681.27,4418.9,11,1345.83,3
CLTIND04295,regular,799.16,1399.01,11,2369.3875000000003,29
CLTIND04296,priority,15708.98,21390.5,14,3772.7599999999998,24
CLTIND04297,regular,4841.61,6378.68,12,3766.3050000000003,15
CLTIND04298,regular,24014.95,55263.24,10,3005.0975,37
CLTIND04299,dormant,7829.36,11652.03,11,2791.3916666666664,99
CLTIND04300,dormant,3133.92,6055.12,13,3623.1974999999998,130
CLTIND04302,regular,825.3,1969.54,11,1943.685,82
CLTIND04304,dormant,297.89,374.69,6,8763.95,59
CLTIND04307,regular,487.76,616.99,17,2300.7000000000003,1
CLTIND04308,priority,11843.92,29050.45,13,7991.27,28
CLTIND04309,regular,3301.99,4825.83,9,3669.6293333333333,36
CLTIND04310,dormant,3490.17,4423.9,3,1448.76,11
CLTIND04312,regular,1417.84,1940.79,11,3293.205,59
CLTIND04314,priority,5937.24,11556.78,13,2307.1899999999996,9
CLTIND04315,dormant,11306.89,24710.5,7,3152.5814285714287,66
CLTIND04316,regular,6913.53,11403.44,11,3496.7749999999996,49
CLTIND04317,dormant,3844.29,6275.67,8,665.24,17
CLTIND04318,regular,700.48,947.26,9,2423.2133333333336,59
CLTIND04319,dormant,21327.7,41102.31,4,3573.636,57
CLTIND04321,regular,7291.06,13053.22,13,4459.595,41
CLTIND04322,regular,1099.51,2169.33,9,2030.6625000000001,58
CLTIND04324,dormant,4038.56,7831.87,3,2614.8199999999997,30
CLTIND04325,dormant,857.02,1692.85,8,3934.9900000000002,150
CLTIND04326,regular,3583.27,7277.48,11,3154.2075,26
CLTIND04327,dormant,1476.31,2300.6,5,4031.58,29
CLTIND04328,dormant,3798.47,9491.01,6,2251.44,73
CLTIND04329,dormant,1167.32,2748.19,6,4218.35,156
CLTIND04330,priority,14188.7,31047.96,21,2681.5666666666666,22
CLTIND04331,priority,6444.22,11127.46,16,2538.103333333333,2
CLTIND04332,regular,3339.07,4204.44,9,8910.145,15
CLTIND04333,regular,5707.93,8126.64,10,2606.1383333333333,13
CLTIND04335,dormant,1220.76,1348.94,8,4955.505,11
CLTIND04336,regular,9924.11,17402.87,9,3182.055714285714,2
CLTIND04337,dormant,2832.33,5771.63,7,2041.4466666666667,17
CLTIND04338,regular,2681.1,5849.26,21,2890.9700000000003,55
CLTIND04340,dormant,4105.47,6071.14,17,3123.3,104
CLTIND04341,dormant,3439.6,8510.5,7,5496.625,83
CLTIND04342,regular,1258.87,2358.25,10,4875.61,19
CLTIND04343,regular,8528.07,11834.45,16,2699.89,42
CLTIND04344,dormant,8292.8,13735.95,8,3335.225,64
CLTIND04345,regular,3060.01,4405.93,13,1536.175,8
CLTIND04346,regular,6523.14,7485.6,16,2499.2322222222224,12
CLTIND04348,dormant,4335.16,8480.27,6,3371.77625,74
CLTIND04350,dormant,1825.99,2695.27,7,1315.99,40
CLTIND04351,regular,1607.03,3553.71,19,2551.2266666666665,8
CLTIND04352,dormant,1735.76,3648.05,8,1697.2040000000002,27
CLTIND04353,regular,913.76,1920.95,12,2953.0,63
CLTIND04354,regular,464.18,944.34,15,4597.105,18
CLTIND04355,regular,2522.23,4529.72,15,2233.442,4
CLTIND04356,regular,6528.39,8703.26,11,1562.565,3
CLTIND04357,regular,9781.21,12235.05,12,3977.725,72
CLTIND04358,regular,314.62,371.38,10,2571.2425000000003,16
CLTIND04359,regular,33378.17,68395.42,19,4180.99,88
CLTIND04360,regular,2430.44,3560.51,16,2048.3333333333335,3
CLTIND04361,dormant,3409.18,4216.84,4,3054.52,4
CLTIND04362,regular,2188.31,2844.63,10,3960.845,63
CLTIND04363,regular,3319.92,6147.35,9,3302.55375,64
CLTIND04364,priority,10355.45,25460.17,17,2057.0933333333337,25
CLTIND04365,dormant,9191.8,19858.79,8,2859.855,22
CLTIND04366,regular,1278.79,2225.31,9,2808.86,46
CLTIND04367,dormant,11400.46,16551.38,6,2358.9675,71
CLTIND04369,regular,3317.0,7265.74,17,4058.487777777778,27
CLTIND04370,regular,723.92,1394.3,13,3505.066666666666,3
CLTIND04371,dormant,5899.08,7452.82,8,3602.7514285714287,100
CLTIND04372,dormant,4981.82,7606.39,6,760.3050000000001,5
CLTIND04373,dormant,1712.49,3879.4,8,2462.971,13
CLTIND04374,dormant,2162.16,5339.68,7,3389.61,84
CLTIND04375,regular,4365.39,10559.4,12,4142.12,26
CLTIND04376,dormant,4702.58,11196.96,6,949.03,34
CLTIND04377,regular,4417.24,6836.08,18,4060.1433333333334,16
CLTIND04378,regular,33103.51,77614.5,10,2096.915,5
CLTIND04379,regular,3973.27,6049.44,16,1869.7699999999998,37
CLTIND04380,dormant,9028.29,18443.14,6,1409.61,36
CLTIND04381,dormant,1359.27,3153.87,8,3763.145,174
CLTIND04382,regular,5109.91,8668.03,10,1653.5833333333333,19
CLTIND04383,regular,790.92,1788.47,9,2372.975,6
CLTIND04384,regular,1825.33,2016.51,11,2042.64,30
CLTIND04385,priority,5821.11,14196.51,20,4536.58,27
CLTIND04386,dormant,6294.06,8415.26,4,1353.595,16
CLTIND04389,dormant,2303.5,2721.37,8,1037.83,3
CLTIND04390,regular,1673.47,2829.62,20,3948.8,61
CLTIND04391,dormant,2592.69,5997.45,6,1311.5933333333335,16
CLTIND04393,regular,1098.12,2368.55,21,5137.89,20
CLTIND04394,dormant,1297.57,2920.78,6,1697.545,48
CLTIND04395,dormant,5476.11,10017.23,2,3822.5266666666666,6
CLTIND04396,dormant,2399.36,4932.24,4,2744.6375,31
CLTIND04397,regular,2593.63,5097.5,17,3349.5,7
CLTIND04398,priority,5647.42,11943.15,16,3506.108,7
CLTIND04399,regular,2721.34,6548.16,10,3797.9475,16
CLTIND04400,dormant,7904.21,9513.0,7,1525.33,16
CLTIND04401,priority,9750.91,20030.06,14,2473.1355555555556,14
CLTIND04402,regular,4047.52,5285.49,16,1180.26,74
CLTIND04403,regular,1045.16,1825.5,9,6587.01,33
CLTIND04404,regular,5695.65,7326.29,18,1644.48,67
CLTIND04405,dormant,559.59,1071.16,3,5476.888571428572,76
CLTIND04406,regular,2487.62,2961.0,11,1614.03,41
CLTIND04407,regular,22832.52,56567.36,13,1966.25,63
CLTIND04408,priority,9194.16,18064.91,25,3307.685,27
CLTIND04409,dormant,1445.18,3243.02,10,3357.6255555555554,164
CLTIND04410,dormant,3185.64,3799.99,5,2920.737777777778,104
CLTIND04411,regular,2480.58,3644.62,12,4153.237999999999,17
CLTIND04412,regular,3327.49,6998.11,11,3238.8900000000003,6
CLTIND04413,dormant,2304.0,5672.75,6,1909.8925,50
CLTIND04414,regular,2546.93,3199.09,10,2038.162857142857,37
CLTIND04415,priority,7308.14,14693.89,13,4953.780000000001,5
CLTIND04416,regular,8901.4,15788.79,12,3394.9136363636367,34
CLTIND04417,dormant,1555.2,2910.77,4,4199.42,0
CLTIND04418,regular,1012.69,1460.66,10,1171.495,7
CLTIND04419,dormant,520.33,967.35,7,2241.125,80
CLTIND04420,regular,4643.03,5974.22,11,5866.47,11
CLTIND04421,regular,844.72,1074.43,12,3026.80875,17
CLTIND04422,regular,10694.95,12948.44,15,4385.8825,75
CLTIND04424,priority,15057.37,22777.83,13,2922.7955555555554,8
CLTIND04425,regular,894.76,1162.14,16,2002.0720000000001,25
CLTIND04426,regular,2406.87,4497.63,11,1792.69,39
CLTIND04427,regular,8038.4,19774.76,11,2334.5466666666666,5
CLTIND04428,regular,1888.09,3133.62,13,2295.6985714285715,49
CLTIND04429,dormant,7462.19,9837.93,8,3201.79,45
CLTIND04430,dormant,2316.9,2997.49,8,2943.13,37
CLTIND04431,dormant,8622.13,19213.58,5,4076.0980000000004,43
CLTIND04432,dormant,2455.25,4268.55,6,3051.2,131
CLTIND04433,dormant,17980.7,40897.39,7,2116.256923076923,88
CLTIND04434,dormant,4794.45,10632.88,7,3599.2425000000003,33
CLTIND04439,regular,3037.29,6043.27,11,2990.305,25
CLTIND04440,regular,1977.69,4453.64,11,3569.46,43
CLTIND04441,regular,13114.68,19936.77,19,2030.3274999999999,53
CLTIND04442,regular,3933.7,5445.47,12,1796.93,3
CLTIND04443,regular,894.44,1552.51,18,1442.31,56
CLTIND04444,regular,3402.02,6823.46,11,2513.775,79
CLTIND04445,regular,28238.41,52165.94,12,4394.7919999999995,16
CLTIND04446,dormant,6219.56,8167.72,7,3797.4,46
CLTIND04447,regular,581.56,1075.37,14,3042.5142857142855,3
CLTIND04448,regular,5446.74,11909.5,12,4385.905,23
CLTIND04449,dormant,605.79,945.89,6,3038.19,1
CLTIND04450,dormant,1030.08,2351.15,5,5394.702499999999,8
CLTIND04451,dormant,11829.3,26744.82,5,3794.76,50
CLTIND04452,dormant,4872.36,11043.22,7,2988.5099999999998,20
CLTIND04453,dormant,663.19,1188.04,3,2210.15,26
CLTIND04454,dormant,2025.52,2667.35,4,2128.095,5
CLTIND04455,regular,889.11,1288.29,18,3986.596666666667,42
CLTIND04457,dormant,1849.93,2774.68,7,2418.855,37
CLTIND04460,dormant,1494.06,3139.93,7,3055.71,34
CLTIND04461,priority,13696.88,23018.82,17,2307.9216666666666,10
CLTIND04462,dormant,2829.05,5802.72,8,2936.65,87
CLTIND04463,regular,424.76,512.21,9,6433.695,55
CLTIND04464,regular,1662.37,2031.59,10,2597.444285714286,23
CLTIND04465,dormant,5404.23,12330.57,7,4591.026666666667,16
CLTIND04466,regular,3491.26,3861.28,18,696.465,9
CLTIND04468,regular,2617.9,4374.11,9,1805.506666666667,23
CLTIND04469,regular,3813.41,4982.56,16,4676.679999999999,8
CLTIND04470,priority,18129.08,22536.13,22,2633.35,2
CLTIND04471,priority,5624.44,13055.45,14,3990.3959999999997,4
CLTIND04472,regular,1060.67,2496.08,14,2273.6325,76
CLTIND04473,regular,13775.44,34215.36,15,2507.94,34
CLTIND04474,dormant,3432.24,5310.81,15,1651.89,0
CLTIND04475,regular,3545.95,4917.62,10,2539.656,14
CLTIND04476,regular,14465.85,35852.7,14,5019.16,61
CLTIND04477,regular,31601.72,72200.15,10,3298.69,49
CLTIND04479,dormant,1571.66,2961.67,15,2760.3475,165
CLTIND04480,dormant,2056.39,3905.01,11,3921.67,94
CLTIND04481,dormant,2440.06,2859.05,5,1985.31,34
CLTIND04482,dormant,3711.04,6612.12,6,2380.415,16
CLTIND04483,regular,4538.48,5457.04,13,2972.2466666666664,49
CLTIND04484,regular,6448.29,13497.41,10,2056.8733333333334,55
CLTIND04485,regular,988.47,2295.77,10,3869.88,1
CLTIND04487,regular,1714.77,1959.77,11,3831.315,30
CLTIND04490,regular,2646.7,4953.53,18,2980.76,38
CLTIND04491,dormant,2198.94,4106.27,3,2274.71,31
CLTIND04492,dormant,2030.19,3476.06,7,1746.93,67
CLTIND04494,dormant,5053.42,9608.05,6,3479.715,93
CLTIND04496,regular,23170.26,29093.07,14,3389.41,57
CLTIND04497,regular,9277.99,17284.97,12,2205.35,71
CLTIND04498,regular,14626.35,36290.56,23,3217.844285714286,46
CLTIND04499,regular,7199.97,14700.27,9,2400.315,24
CLTIND04500,dormant,7361.43,8355.34,3,5069.6375,11
CLTIND04501,dormant,1838.96,4362.16,11,3575.7,145
CLTIND04502,regular,4429.38,10379.91,9,2732.9785714285717,24
CLTIND04503,regular,19765.64,23926.31,10,2211.81,89
CLTIND04504,regular,3988.11,7402.2,14,2907.475,40
CLTIND04506,dormant,4476.98,6737.03,5,3284.0099999999998,38
CLTIND04509,priority,21815.04,27619.36,21,3476.5266666666666,2
CLTIND04510,regular,4588.22,8728.58,10,3245.7677777777776,26
CLTIND04511,dormant,1383.8,2786.57,6,1407.03,2
CLTIND04512,regular,3449.97,4869.12,13,3420.48,35
CLTIND04513,priority,8759.36,21493.4,15,3412.94,30
CLTIND04514,regular,5121.94,9239.17,10,2136.2,16
CLTIND04515,dormant,3714.32,8438.72,3,3406.443333333333,15
CLTIND04516,dormant,1295.71,2187.32,5,2325.355,7
CLTIND04517,dormant,1326.71,2099.46,8,2147.17,45
CLTIND04518,dormant,232.81,266.0,5,3449.407142857143,25
CLTIND04519,dormant,625.18,719.09,8,4206.8,15
CLTIND04520,dormant,7543.94,10967.18,3,4362.756666666667,36
CLTIND04521,dormant,667.88,1261.09,6,4999.51,3
CLTIND04522,regular,3580.2,5947.24,15,1413.7350000000001,26
CLTIND04523,dormant,6278.35,15342.92,9,2651.47,155
CLTIND04524,priority,66363.55,103319.02,19,4231.94,1
CLTIND04525,regular,18049.68,25969.46,11,5839.3042857142855,36
CLTIND04526,dormant,10531.48,24609.83,2,3566.3549999999996,106
CLTIND04527,priority,23048.66,54430.71,18,2404.39,5
CLTIND04529,regular,24345.58,37977.95,11,6160.07,12
CLTIND04530,priority,13577.8,15184.78,14,2420.67625,17
CLTIND04531,priority,8573.07,18252.02,23,2636.1150000000002,18
CLTIND04533,priority,14835.14,17277.17,18,1793.39,1
CLTIND04534,regular,26422.8,57216.12,12,3087.0614285714287,6
CLTIND04535,regular,170.77,251.36,9,6547.16,42
CLTIND04536,regular,21797.28,39301.93,14,3691.5009090909084,67
CLTIND04537,dormant,2713.26,3619.71,5,2521.416,37
CLTIND04539,dormant,9297.81,19113.45,2,4761.67,131
CLTIND04540,regular,8625.19,21223.82,11,2833.7483333333334,53
CLTIND04542,priority,7395.04,16739.5,13,2147.03,5
CLTIND04543,regular,1657.69,1939.32,10,3649.72,62
CLTIND04544,priority,31838.02,73908.43,15,1980.2733333333335,27
CLTIND04547,regular,10124.16,14390.86,19,2793.09,77
CLTIND04548,dormant,777.88,1185.18,5,3214.4285714285716,41
CLTIND04549,regular,1728.94,2386.25,10,6067.82,5
CLTIND04550,regular,1394.46,1898.87,12,3658.273333333333,16
CLTIND04551,priority,5021.12,12166.66,15,2332.985,1
CLTIND04552,regular,285.6,348.91,12,2189.286,24
CLTIND04553,dormant,4687.93,9797.57,7,1695.1075,132
CLTIND04554,dormant,4316.27,7178.43,7,1911.8066666666666,26
CLTIND04555,dormant,3562.02,5759.88,7,4413.35,41
CLTIND04556,regular,2776.84,3768.58,9,1375.55,46
CLTIND04557,dormant,511.58,1169.12,4,3205.5525,37
CLTIND04558,dormant,1981.36,3147.92,10,3604.931666666666,158
CLTIND04559,dormant,5603.38,11287.41,7,3879.1366666666668,3
CLTIND04560,regular,6070.95,12520.12,13,2622.2766666666666,42
CLTIND04561,dormant,4390.72,9346.96,12,3230.9833333333336,176
CLTIND04562,regular,4294.79,9277.33,15,3211.315,17
CLTIND04563,dormant,702.8,1266.86,7,3640.2599999999998,35
CLTIND04564,priority,12970.16,28485.92,15,2990.3233333333337,17
CLTIND04565,regular,7494.22,14820.46,27,2080.475,46
CLTIND04567,dormant,9019.59,20588.84,10,1393.0266666666666,143
CLTIND04568,dormant,7734.47,15311.22,11,2813.0714285714284,171
CLTIND04570,dormant,2315.4,5563.34,8,2824.116,4
CLTIND04571,dormant,326.24,496.0,4,2397.73,12
CLTIND04572,dormant,2792.45,5863.42,3,660.14,2
CLTIND04573,dormant,1623.11,2911.14,7,2434.3,45
CLTIND04574,dormant,19737.42,23689.85,8,2147.06,109
CLTIND04575,dormant,7848.37,18507.76,4,2795.45,111
CLTIND04576,regular,4407.93,8644.55,17,2254.11,77
CLTIND04577,regular,5479.01,6916.02,25,3090.585,36
CLTIND04578,regular,1809.57,2557.39,9,2487.4,2
CLTIND04579,dormant,4945.38,5541.68,4,4447.474999999999,137
CLTIND04580,regular,1686.84,3461.97,9,4292.733333333333,4
CLTIND04581,regular,1206.05,2157.91,14,2601.701666666667,56
CLTIND04582,regular,1412.13,1846.52,13,1768.315,1
CLTIND04583,regular,1078.8,1210.63,9,318.98,73
CLTIND04584,dormant,2949.89,3847.83,8,1428.21,5
CLTIND04585,regular,1899.47,3195.22,13,3425.5919999999996,15
CLTIND04586,regular,4766.93,8775.17,12,1882.236,43
CLTIND04587,dormant,3467.85,5337.79,7,2005.5375,84
CLTIND04588,regular,4032.33,8458.49,11,2739.8050000000003,26
CLTIND04589,priority,42284.78,73928.9,13,3326.183333333333,5
CLTIND04590,priority,8400.44,20231.62,14,3442.3979999999997,5
CLTIND04591,priority,6351.29,14703.64,15,3376.24,3
CLTIND04592,regular,9937.78,15459.43,10,2519.6275,89
CLTIND04593,priority,100867.5,228896.7,15,2845.945,15
CLTIND04595,dormant,3550.44,6658.48,4,2487.115,13
CLTIND04596,dormant,1227.48,1759.37,5,2730.1275,28
CLTIND04598,regular,2697.79,4317.42,11,2985.02375,50
CLTIND04599,dormant,1981.24,2747.92,8,3902.653333333333,47
CLTIND04600,priority,4545.66,9626.9,22,1683.31,14
CLTIND04601,dormant,1506.45,2748.77,8,3373.23875,45
CLTIND04602,dormant,4447.12,11049.38,7,4604.389999999999,33
CLTIND04603,dormant,1504.07,1918.44,0,2183.8,253
CLTIND04604,regular,11976.68,26479.08,11,3780.4,21
CLTIND04605,regular,4008.24,7679.25,9,1167.665,36
CLTIND04608,regular,202.48,489.48,15,2869.2059999999997,7
CLTIND04610,regular,1352.88,1826.89,15,974.25,49
CLTIND04611,dormant,7643.73,17432.56,9,1840.48,124
CLTIND04612,regular,5307.66,7999.55,9,2072.5,1
CLTIND04613,dormant,3465.39,7040.66,12,2874.722857142857,102
CLTIND04614,dormant,1727.35,3622.36,5,4052.5071428571428,17
CLTIND04615,regular,5456.31,6430.13,9,4490.653333333333,22
CLTIND04616,regular,27705.84,42853.86,9,1183.6,65
CLTIND04617,dormant,789.86,1134.29,5,3640.4083333333333,187
CLTIND04618,regular,6887.28,9096.94,10,2615.704,67
CLTIND04620,dormant,394.62,580.19,17,2376.1885714285713,164
CLTIND04622,dormant,1546.23,3446.15,5,2556.25,73
CLTIND04624,regular,750.79,1393.36,26,2922.266,11
CLTIND04625,regular,23492.48,53352.21,15,3193.036,33
CLTIND04628,regular,7152.47,15735.54,11,4782.4366666666665,42
CLTIND04629,priority,7731.15,16364.76,15,3376.9108333333334,28
CLTIND04630,dormant,1831.17,3909.05,8,3634.045,93
CLTIND04631,regular,2735.11,5737.9,11,1896.0942857142857,40
CLTIND04632,dormant,5624.52,7818.54,8,3213.1514285714284,97
CLTIND04633,regular,9569.6,17898.09,9,5289.26,1
CLTIND04634,regular,15028.72,34350.07,9,2907.4,27
CLTIND04635,regular,3036.95,7171.47,12,1923.4899999999998,4
CLTIND04636,regular,1430.07,2436.73,10,4850.525,2
CLTIND04637,dormant,6850.34,9909.17,19,3524.1242857142856,158
CLTIND04639,regular,5368.18,12594.04,14,3226.94,73
CLTIND04641,regular,9027.24,17895.3,11,7101.7,25
CLTIND04642,dormant,1866.98,3970.08,14,5648.1050000000005,182
CLTIND04643,regular,16761.04,40774.68,18,2781.8250000000003,81
CLTIND04644,dormant,2447.66,4135.28,6,4569.18,21
CLTIND04646,regular,2129.1,5286.95,9,2687.0583333333334,11
CLTIND04647,dormant,4067.11,7780.78,8,2214.31,7
CLTIND04648,regular,2196.52,4705.88,13,5209.0075,56
CLTIND04649,regular,3438.56,3859.93,14,3039.981111111111,32
CLTIND04650,regular,1258.75,1559.73,16,2342.99,33
CLTIND04651,regular,2387.02,4556.45,10,5326.545,10
CLTIND04653,dormant,1056.87,1897.86,5,4161.01,4
CLTIND04656,dormant,54149.88,126162.54,8,3373.916923076923,68
CLTIND04657,dormant,914.6,1598.21,6,1903.1266666666663,124
CLTIND04658,regular,808.21,1468.07,9,1352.01,8
CLTIND04659,regular,1897.11,4612.47,11,1223.73,66
CLTIND04660,regular,1429.2,3176.7,9,2637.2,69
CLTIND04662,priority,11054.16,23131.62,13,1868.4000000000003,4
CLTIND04663,dormant,1412.52,2808.56,14,2496.7333333333336,105
CLTIND04664,dormant,2715.13,6255.86,4,6590.01,41
CLTIND04665,priority,21418.83,36643.96,19,2437.0989999999997,6
CLTIND04666,regular,1790.06,2015.94,15,3018.51,89
CLTIND04667,regular,2110.97,3988.6,15,2107.851666666667,47
CLTIND04668,regular,767.06,1336.14,21,3651.54,20
CLTIND04669,dormant,2515.2,3830.84,4,2089.638,99
CLTIND04670,regular,13212.33,25738.1,11,3197.56,40
CLTIND04671,priority,24805.97,53974.54,18,3623.4657142857145,1
CLTIND04672,regular,4151.78,5245.98,14,1367.76,24
CLTIND04673,regular,1347.66,3012.29,18,3216.4379999999996,55
CLTIND04674,dormant,776.87,1616.02,16,1647.4099999999999,177
CLTIND04675,regular,2845.42,4043.4,17,1650.395,30
CLTIND04676,dormant,5712.55,8426.27,5,3066.4249999999997,53
CLTIND04677,regular,4376.57,7927.66,10,1976.2725,89
CLTIND04678,regular,2191.76,2863.8,13,5697.94,22
CLTIND04679,regular,925.78,2263.05,11,2427.31,19
CLTIND04680,priority,8877.37,15262.89,16,4588.505,26
CLTIND04682,regular,1579.03,2652.03,15,5224.675,65
CLTIND04683,dormant,5361.71,9323.54,8,2372.63,74
CLTIND04684,regular,1927.19,2947.79,9,492.27,16
CLTIND04685,regular,1279.93,1597.16,20,2751.166,38
CLTIND04686,regular,1503.87,2869.34,9,3106.9925000000003,14
CLTIND04687,dormant,4753.22,10693.34,1,1774.7944444444445,18
CLTIND04688,dormant,387.91,830.15,8,1343.1966666666667,52
CLTIND04689,regular,1531.28,2503.02,11,4751.022,33
CLTIND04690,regular,44465.43,81870.77,17,2499.620625,44
CLTIND04691,dormant,1036.22,1158.4,8,2754.65,32
CLTIND04692,dormant,347.07,584.16,6,1619.4,26
CLTIND04693,regular,8104.18,10872.58,10,4281.55,48
CLTIND04694,dormant,2534.72,3967.37,8,2036.415,2
CLTIND04695,regular,929.8,1169.82,10,3791.37,32
CLTIND04696,priority,6739.91,16176.76,20,2563.6099999999997,10
CLTIND04697,regular,4531.71,6493.51,20,1641.395,13
CLTIND04698,regular,1290.34,2299.34,13,3933.928,76
CLTIND04699,dormant,1390.67,2624.77,6,2090.585,32
CLTIND04701,regular,2491.18,5238.96,13,5418.015,3
CLTIND04703,priority,9061.93,15307.36,20,3545.2940000000003,18
CLTIND04704,regular,2732.31,4834.82,11,1572.3300000000002,26
CLTIND04705,regular,2146.81,4752.04,9,2068.7966666666666,22
CLTIND04706,dormant,2304.33,4439.95,1,2787.005,40
CLTIND04708,dormant,2040.46,4521.47,6,2672.4880000000003,89
CLTIND04709,regular,719.28,1335.58,15,1144.71,5
CLTIND04710,dormant,1248.31,2527.95,6,3104.986666666666,24
CLTIND04711,regular,4948.5,8820.25,12,3639.5466666666666,45
CLTIND04713,dormant,3699.06,4358.46,18,1077.68,114
CLTIND04714,regular,999.29,1208.5,21,3639.5775000000003,24
CLTIND04715,regular,10996.1,18249.55,9,4112.8099999999995,43
CLTIND04716,regular,2992.43,5218.17,21,3344.224,35
CLTIND04717,regular,5972.27,10089.69,10,737.07,8
CLTIND04719,dormant,784.43,1144.5,7,2624.815,33
CLTIND04720,regular,1239.19,2509.07,18,4242.5085714285715,13
CLTIND04721,dormant,1664.36,3086.59,8,3422.17,3
CLTIND04722,regular,3536.33,5839.72,9,6716.33,56
CLTIND04723,dormant,4142.37,5670.54,5,2414.518181818182,17
CLTIND04724,dormant,3439.37,4780.15,15,1614.005,114
CLTIND04725,dormant,6395.79,11295.53,8,1944.54,5
CLTIND04726,dormant,3019.62,4956.58,9,3232.37,100
CLTIND04727,regular,4212.42,7739.0,13,1617.635,10
CLTIND04728,regular,1610.07,3914.12,17,1930.1899999999998,25
CLTIND04730,dormant,1626.84,3887.98,8,6554.553333333333,6
CLTIND04731,regular,1101.12,2469.91,10,4673.515,13
CLTIND04732,priority,16670.11,29299.42,21,3200.133333333333,6
CLTIND04733,dormant,1926.08,2710.27,2,1376.1533333333334,77
CLTIND04735,priority,11048.43,24185.74,14,2366.6,12
CLTIND04736,regular,9161.41,15572.83,12,4299.963333333333,40
CLTIND04737,regular,806.57,1840.47,11,2514.37,19
CLTIND04738,dormant,145.38,208.41,4,729.72,2
CLTIND04740,dormant,1110.9,2258.1,7,6032.6075,92
CLTIND04741,regular,1716.74,3909.74,9,219.15,38
CLTIND04742,regular,948.75,1206.87,13,2341.476666666667,66
CLTIND04744,regular,4316.04,8208.3,14,5715.485,46
CLTIND04745,regular,2612.39,4813.31,14,4121.94,78
CLTIND04746,dormant,2899.09,6586.78,7,5136.2474999999995,16
CLTIND04749,dormant,1932.56,4764.65,6,2281.425,4
CLTIND04751,dormant,2871.56,5276.91,6,3395.825714285714,97
CLTIND04752,priority,9869.94,16060.51,16,2781.8025000000002,2
CLTIND04754,dormant,199.13,382.22,5,3088.9055555555556,88
CLTIND04755,dormant,49393.68,69095.11,15,4634.755,106
CLTIND04757,regular,376.57,418.55,13,1863.5500000000002,60
CLTIND04758,regular,2682.12,5982.96,11,3747.8366666666666,5
CLTIND04759,regular,4530.69,9367.93,13,1138.05,74
CLTIND04760,regular,18564.27,36922.22,22,979.065,68
CLTIND04761,dormant,1321.57,2502.11,8,2824.6766666666667,21
CLTIND04762,dormant,2040.54,4369.5,8,3109.5033333333336,15
CLTIND04763,regular,4293.94,10006.16,15,1808.91,70
CLTIND04764,dormant,8707.18,14054.8,8,5145.8625,30
CLTIND04765,dormant,1650.95,3648.16,7,594.05,13
CLTIND04767,regular,823.55,943.67,10,2068.972,24
CLTIND04768,dormant,1391.77,1997.59,7,4857.65,61
CLTIND04769,regular,361.51,591.05,11,3675.0699999999997,29
CLTIND04770,regular,1613.42,3999.97,11,4341.2300000000005,25
CLTIND04771,dormant,7645.11,17433.39,5,4372.513333333333,26
CLTIND04772,dormant,6522.65,13073.72,4,2165.2575,2
CLTIND04773,dormant,4452.65,5269.04,7,3703.4049999999997,22
CLTIND04774,regular,1271.58,2119.37,14,2161.55,25
CLTIND04776,regular,519.16,855.11,9,4528.9766666666665,53
CLTIND04777,dormant,516.14,1023.03,8,2319.62,56
CLTIND04778,dormant,3282.26,5075.77,7,3169.0649999999996,52
CLTIND04779,dormant,6441.51,7963.07,8,1365.6599999999999,35
CLTIND04781,regular,2995.36,3335.8,10,4036.432,33
CLTIND04782,regular,2436.2,4982.29,9,743.26,20
CLTIND04783,regular,1663.86,2089.87,12,3071.7966666666666,2
CLTIND04784,regular,1064.75,1538.63,18,2906.983333333333,14
CLTIND04785,dormant,19035.08,30247.22,16,4449.38,131
CLTIND04786,dormant,8324.25,15413.92,8,2461.0975,1
CLTIND04788,dormant,1564.7,3633.08,7,3043.305,2
CLTIND04789,regular,899.74,1987.73,18,3249.0225,29
CLTIND04790,regular,35638.0,74755.72,9,2683.14,33
CLTIND04791,regular,3150.35,7603.17,15,4138.0,14
CLTIND04792,dormant,5413.4,11170.22,5,5121.678888888889,78
CLTIND04793,regular,2202.57,3307.61,14,4590.1,60
CLTIND04794,dormant,45351.1,63803.98,7,3425.75,17
CLTIND04795,regular,3401.9,7421.39,13,2322.955,5
CLTIND04797,regular,1030.41,2366.68,9,1843.446,1
CLTIND04798,dormant,12436.56,23471.99,4,4875.276666666667,13
CLTIND04799,regular,1513.6,1841.47,14,3429.5471428571427,8
CLTIND04800,regular,3687.22,7836.19,11,4571.822,67
CLTIND04801,dormant,3438.19,7569.98,3,2235.46,3
CLTIND04803,regular,3893.13,5666.65,16,2272.45875,3
CLTIND04805,regular,2195.17,4451.68,15,4083.915,21
CLTIND04806,regular,4348.38,6950.54,10,7637.39,39
CLTIND04807,regular,1860.39,3389.78,16,2954.52,10
CLTIND04808,regular,598.86,1231.3,13,2337.234,45
CLTIND04809,dormant,383.15,763.58,6,5379.31,56
CLTIND04810,regular,4290.65,10703.46,11,1929.31,7
CLTIND04811,regular,963.47,1941.01,10,2791.788,27
CLTIND04815,priority,43189.43,56553.46,17,2886.0299999999997,12
CLTIND04816,regular,6469.8,7203.63,13,4457.86,58
CLTIND04817,dormant,1629.85,2951.12,6,1803.6033333333335,70
CLTIND04818,dormant,17812.62,25392.91,3,3304.8540000000003,3
CLTIND04819,priority,6036.62,11025.5,18,2308.64,15
CLTIND04820,regular,3262.14,3925.05,11,1534.42,8
CLTIND04821,regular,1444.61,2156.51,19,2875.536666666667,29
CLTIND04822,dormant,1941.46,4266.57,5,2594.28,68
CLTIND04823,regular,48721.48,102294.01,11,3037.14,33
CLTIND04824,dormant,4206.1,10146.46,10,3628.2363636363634,96
CLTIND04827,dormant,634.73,979.48,5,3518.3054545454547,92
CLTIND04828,regular,6627.57,7305.7,12,1858.0625,5
CLTIND04829,regular,1155.57,2767.49,11,2082.4325000000003,32
CLTIND04830,dormant,1853.95,2866.3,6,3159.846666666667,29
CLTIND04833,priority,21178.38,35340.51,19,1802.3919999999998,9
CLTIND04834,regular,1041.72,1739.99,14,1921.89,11
CLTIND04835,dormant,2310.58,5373.02,3,4987.92,33
CLTIND04836,dormant,278.1,428.05,21,2613.5466666666666,134
CLTIND04837,dormant,3341.32,7033.18,8,1273.9025000000001,22
CLTIND04839,priority,6950.49,14541.75,19,1616.24,1
CLTIND04840,dormant,607.54,855.6,6,3342.5750000000003,40
CLTIND04841,regular,1549.11,2056.45,19,3195.548,69
CLTIND04842,priority,6642.85,14350.74,13,4065.072,29
CLTIND04843,dormant,5848.32,12800.17,6,3522.72625,102
CLTIND04845,dormant,6230.76,14750.77,9,8003.469999999999,148
CLTIND04847,dormant,5198.16,8869.78,6,2326.51625,25
CLTIND04848,regular,4102.9,8764.88,9,3181.82,11
CLTIND04849,dormant,1615.62,3681.97,12,644.4725,102
CLTIND04850,regular,10265.01,12749.37,10,5981.72,10
CLTIND04851,priority,32686.63,37305.16,17,1990.61,6
CLTIND04852,dormant,1151.5,2502.36,7,1903.21,102
CLTIND04854,dormant,2399.17,2990.09,13,2176.636,99
CLTIND04855,dormant,2649.75,5142.55,11,6525.02,181
CLTIND04856,priority,6465.13,11602.7,13,1963.71,2
CLTIND04857,priority,7947.48,10193.96,20,2004.0114285714285,22
CLTIND04858,priority,20028.79,39449.26,19,276.16,28
CLTIND04859,dormant,918.62,1491.46,6,2914.8487499999997,31
CLTIND04860,regular,4233.36,9033.28,18,2355.64,7
CLTIND04861,dormant,15942.3,17635.61,7,2892.0699999999997,58
CLTIND04862,regular,3789.83,7509.88,18,2811.69,6
CLTIND04863,dormant,16733.35,30152.69,21,3402.1633333333334,146
CLTIND04864,regular,1227.44,2810.25,11,3161.0323076923078,14
CLTIND04865,dormant,3456.16,7577.27,7,3449.92,29
CLTIND04866,dormant,480.35,955.88,11,2284.01,138
CLTIND04869,dormant,473.53,916.11,4,2992.0433333333335,20
CLTIND04870,regular,4180.13,5987.05,14,4019.2085714285713,29
CLTIND04871,regular,3488.65,7326.96,17,5340.22,3
CLTIND04872,regular,7726.73,10165.88,16,3723.59,45
CLTIND04873,regular,3032.87,5568.24,12,3854.07,21
CLTIND04874,dormant,2082.37,4283.72,6,3880.18125,25
CLTIND04875,regular,5931.19,8476.25,14,2126.7425,39
CLTIND04876,dormant,1584.31,2083.61,5,2665.35,84
CLTIND04877,regular,1702.98,3962.98,12,4249.319090909091,13
CLTIND04878,dormant,1569.31,3291.6,3,3216.9355555555553,0
CLTIND04879,regular,2076.27,4101.53,13,1940.4299999999998,25
CLTIND04880,regular,778.06,1035.6,12,3213.6042857142857,39
CLTIND04881,regular,1804.37,4003.1,16,3028.54,23
CLTIND04883,dormant,3175.26,4356.11,15,3307.5075,223
CLTIND04884,regular,3767.15,8831.93,19,4290.89,66
CLTIND04885,regular,1969.41,2679.18,9,3645.764,51
CLTIND04887,regular,14655.94,29071.98,10,6520.01,4
CLTIND04888,regular,2534.9,6188.3,11,5645.530000000001,3
CLTIND04889,regular,1413.16,1917.94,14,1224.47,19
CLTIND04891,dormant,4593.48,8605.36,5,3676.43125,163
CLTIND04892,regular,21343.49,32181.75,10,2200.025,26
CLTIND04893,regular,3250.67,3633.65,15,3848.945,11
CLTIND04894,regular,4073.72,5746.47,18,4845.862499999999,12
CLTIND04895,dormant,1542.04,1942.22,4,2636.4,86
CLTIND04896,dormant,4211.35,9156.76,8,1643.2620000000002,67
CLTIND04897,regular,2447.97,4321.5,13,4690.4,13
CLTIND04899,dormant,2618.11,4564.91,4,572.82,36
CLTIND04900,regular,2976.12,7409.74,12,1410.47,14
CLTIND04901,dormant,3997.87,7392.19,7,4310.9,12
CLTIND04902,regular,10569.16,16943.84,22,3170.7,32
CLTIND04903,priority,15538.01,18089.96,13,3915.0099999999998,7
CLTIND04904,regular,4658.28,11035.7,10,2949.7,35
CLTIND04905,regular,13102.35,25318.52,11,2495.43,13
CLTIND04906,dormant,5998.67,7873.13,8,3293.1966666666667,82
CLTIND04908,regular,689.19,943.3,13,1859.845,12
CLTIND04909,dormant,597.56,1269.09,7,4177.6,46
CLTIND04910,regular,27138.94,60834.4,13,2112.1266666666666,31
CLTIND04911,regular,14526.85,23780.38,9,4736.386666666666,4
CLTIND04912,dormant,2543.0,3647.26,8,4003.1242857142856,96
CLTIND04914,priority,7316.58,14988.58,18,1587.688,24
CLTIND04915,regular,5491.3,13277.96,16,2396.6585714285716,38
CLTIND04916,regular,374.69,755.02,12,4235.39,9
CLTIND04917,regular,1915.29,4009.77,9,3165.1725,41
CLTIND04918,regular,16742.9,30630.54,21,955.0,47
CLTIND04919,dormant,6963.91,15070.65,6,5066.17,22
CLTIND04920,regular,1882.46,3361.58,10,1960.62,82
CLTIND04921,regular,1013.87,1215.82,19,3060.605,62
CLTIND04922,regular,7543.47,10726.88,22,2411.3733333333334,43
CLTIND04923,regular,943.2,1290.93,14,2909.238571428571,2
CLTIND04924,regular,7727.1,8506.21,20,3467.178,14
CLTIND04925,dormant,8813.21,17781.04,7,2145.77,29
CLTIND04926,dormant,10483.74,15143.02,7,6275.39,111
CLTIND04928,regular,8145.14,11054.66,12,3085.5166666666664,29
CLTIND04929,regular,3171.47,7666.32,16,4006.16,18
CLTIND04930,regular,6644.12,11367.31,11,2869.263333333334,25
CLTIND04931,regular,512.07,698.79,9,3404.12,64
CLTIND04932,regular,2304.03,3085.96,16,1407.695,23
CLTIND04933,regular,4188.88,9897.33,13,3233.6899999999996,82
CLTIND04935,regular,1289.17,3145.33,12,3385.33,49
CLTIND04936,regular,13601.18,30434.16,10,4101.75,7
CLTIND04937,dormant,2719.31,3435.09,8,1941.82,134
CLTIND04938,dormant,4282.54,5131.5,6,2973.7885714285717,121
CLTIND04939,regular,1036.23,1720.03,11,2114.5133333333333,23
CLTIND04942,regular,1096.06,2663.28,10,1653.0483333333334,67
CLTIND04943,regular,7233.33,17426.1,19,1141.22,82
CLTIND04944,dormant,4130.87,5126.58,6,2162.47,25
CLTIND04946,dormant,2173.91,3867.18,17,2993.88,147
CLTIND04949,regular,1634.14,3537.39,10,2965.396666666667,14
CLTIND04950,dormant,1898.84,3945.85,18,5065.536666666667,117
CLTIND04952,regular,27198.86,57590.47,12,3147.558333333333,26
CLTIND04953,dormant,909.42,1315.42,8,2418.8450000000003,17
CLTIND04954,regular,5178.04,11662.71,9,3574.5370000000003,14
CLTIND04955,priority,7487.63,10246.37,14,3519.59,6
CLTIND04957,dormant,7261.22,9130.63,5,5000.03,0
CLTIND04958,dormant,995.05,2030.84,6,2206.87,41
CLTIND04960,regular,4550.85,6226.21,9,4290.341666666666,29
CLTIND04961,regular,3376.08,5857.45,12,3571.72,86
CLTIND04962,dormant,6146.17,8707.1,5,2500.165,27
CLTIND04963,priority,5120.61,11879.39,15,4197.33,5
CLTIND04964,dormant,2032.39,3325.23,9,2359.1615384615384,115
CLTIND04965,priority,12642.49,29968.2,18,2852.0,26
CLTIND04966,priority,201094.0,475007.8,17,1720.76,23
CLTIND04967,dormant,4307.16,7321.04,16,2586.3266666666664,155
CLTIND04968,dormant,20713.51,29662.44,7,4459.25125,9
CLTIND04969,regular,1116.17,2739.53,15,3206.21,4
CLTIND04970,regular,1466.41,3390.84,18,2877.037894736842,25
CLTIND04971,dormant,6647.23,15120.15,15,3062.0088888888886,212
CLTIND04974,dormant,3761.94,9383.66,3,2047.3266666666666,256
CLTIND04975,priority,18542.83,28352.23,15,2870.816666666667,25
CLTIND04977,regular,1552.92,3330.94,20,4494.393333333333,4
CLTIND04978,dormant,8033.77,15300.17,14,4490.58,145
CLTIND04979,priority,11242.33,17036.02,17,2024.5466666666664,4
CLTIND04980,dormant,21073.79,31160.63,7,2085.915,1
CLTIND04981,priority,12426.74,24524.4,20,2865.8266666666664,15
CLTIND04983,priority,18397.05,44028.6,24,1885.676666666667,17
CLTIND04985,regular,2210.57,5443.0,13,2926.472,22
CLTIND04986,regular,4363.79,9004.97,20,1157.71,15
CLTIND04987,regular,33819.09,42559.97,16,5313.195,38
CLTIND04988,priority,6022.87,13478.2,13,1994.6466666666668,15
CLTIND04989,dormant,858.96,1898.9,4,3669.3933333333334,68
CLTIND04990,dormant,10410.24,16960.31,7,3882.14,14
CLTIND04991,regular,1792.0,2048.18,17,1766.48,2
CLTIND04993,dormant,5157.52,10984.31,6,5397.32,36
CLTIND04996,dormant,1393.66,2880.07,5,3170.6671428571426,0
CLTIND04997,dormant,17663.82,31761.03,8,2432.606923076923,6
CLTIND04998,regular,2650.81,3073.26,11,3093.8266666666664,21
CLTIND04999,dormant,3022.42,4802.02,4,1810.87,40
CLTIND05000,dormant,1520.94,2241.18,24,2393.33,109
CLTIND05001,dormant,14824.12,30157.71,5,3201.3050000000003,23
CLTIND05002,regular,7161.38,9116.53,17,2360.0066666666667,29
CLTIND05003,dormant,1110.88,2536.4,6,2954.46,2
CLTIND05004,dormant,1661.45,2976.84,5,1694.8799999999999,215
CLTIND05005,regular,2237.95,4948.35,20,1768.5675,33
CLTIND05006,dormant,4809.57,10069.88,5,3823.39,17
CLTIND05007,regular,2956.93,4700.03,17,3038.8333333333335,21
CLTIND05008,dormant,6630.34,15302.24,8,1846.518,10
CLTIND05009,dormant,3922.55,8228.07,6,3037.88875,56
CLTIND05010,dormant,6432.17,11445.91,7,4081.1049999999996,105
CLTIND05011,regular,2671.11,6639.52,9,3384.0979999999995,7
CLTIND05012,dormant,7036.86,17288.26,6,3619.415,137
CLTIND05013,regular,3296.37,5347.43,11,5400.9,50
CLTIND05014,dormant,658.37,728.4,7,1838.725,12
CLTIND05015,regular,3439.19,5960.42,14,1342.6399999999999,77
CLTIND05016,dormant,9976.43,14862.97,5,2830.43,25
CLTIND05017,priority,13447.06,32055.33,15,2049.376,9
CLTIND05018,regular,2379.99,5626.76,13,4768.08,7
CLTIND05019,regular,3620.87,4800.98,12,9610.46,80
CLTIND05020,regular,5394.96,6910.18,12,3519.6124999999997,10
CLTIND05021,dormant,3435.25,3898.54,6,3764.23,26
CLTIND05022,dormant,4242.72,9328.24,6,2976.23,28
CLTIND05023,regular,2853.28,3879.33,13,5779.73,76
CLTIND05024,regular,4529.72,10680.54,10,2707.63,9
CLTIND05026,regular,1083.81,1331.91,14,4296.63,14
CLTIND05028,dormant,22909.02,49040.47,7,1716.6783333333333,50
CLTIND05029,regular,4850.61,10010.16,14,3806.99,67
CLTIND05030,priority,38466.73,51253.96,13,2897.59,26
CLTIND05031,regular,3520.55,4914.66,9,3798.53,23
CLTIND05032,regular,4627.29,7070.01,15,1112.56,42
CLTIND05034,priority,22568.24,36583.5,13,1740.0124999999998,28
CLTIND05035,dormant,1432.26,1691.92,1,5024.393333333333,75
CLTIND05036,regular,562.22,1184.37,12,2691.31,27
CLTIND05038,priority,11030.66,22570.23,16,3022.36125,17
CLTIND05039,regular,9347.4,16065.49,22,4021.286666666667,47
CLTIND05040,regular,1705.4,2707.65,11,2899.56,31
CLTIND05041,regular,1612.17,2409.75,9,1403.06,68
CLTIND05042,dormant,1198.12,1453.69,8,2166.627,28
CLTIND05043,dormant,63419.2,104635.27,5,3173.4666666666667,21
CLTIND05044,regular,4249.45,5188.45,9,2610.556666666667,9
CLTIND05045,regular,1179.63,2906.61,9,3788.235,68
CLTIND05046,regular,5582.48,11443.38,22,1632.13,69
CLTIND05047,regular,1118.69,2580.26,11,3242.316666666667,80
CLTIND05048,regular,1644.55,3032.47,14,4036.1975,17
CLTIND05049,regular,1263.88,1691.16,11,5243.67,13
CLTIND05050,dormant,3816.5,9243.56,20,3277.85,115
CLTIND05051,dormant,1440.85,2305.89,18,1411.36,104
CLTIND05053,regular,2769.93,3352.93,11,2769.3927272727274,40
CLTIND05054,regular,3360.9,7128.89,13,4817.875,49
CLTIND05055,regular,2672.5,4415.81,18,3659.82,67
CLTIND05056,regular,2192.77,3646.84,11,3228.44,11
CLTIND05059,regular,8522.26,15825.23,10,3755.1,29
CLTIND05060,regular,9128.0,21069.07,10,3733.6,38
CLTIND05061,regular,6692.68,8602.75,9,3219.693076923077,15
CLTIND05062,regular,1525.0,2303.14,14,3615.146666666667,29
CLTIND05063,regular,32610.21,72929.51,12,3541.3599999999997,18
CLTIND05064,regular,3496.54,6727.52,9,3372.79,69
CLTIND05065,regular,10907.08,13083.22,12,3022.8716666666664,35
CLTIND05066,dormant,2432.31,4070.9,8,3346.3633333333332,27
CLTIND05067,regular,4541.41,8801.13,13,3864.743,8
CLTIND05068,dormant,4268.8,7201.84,7,2896.26,41
CLTIND05069,dormant,2480.53,3784.38,4,4722.86,67
CLTIND05070,dormant,10027.68,17091.88,8,4900.63,174
CLTIND05071,dormant,4120.9,5337.44,3,3249.7775,25
CLTIND05073,dormant,2495.01,3666.77,8,6027.2675,204
CLTIND05074,dormant,2938.24,6393.5,8,7277.04,50
CLTIND05075,priority,14303.78,29140.41,17,5708.17,10
CLTIND05076,regular,5911.36,12022.44,10,3785.9150000000004,10
CLTIND05077,priority,10969.21,13229.5,16,2585.353333333333,16
CLTIND05079,regular,5436.45,12363.31,20,1836.58,37
CLTIND05080,regular,1847.99,2641.69,15,3978.5966666666664,18
CLTIND05081,dormant,6030.43,8559.51,13,3920.6299999999997,117
CLTIND05082,regular,2715.18,4361.39,14,481.19,2
CLTIND05083,regular,2056.3,4784.02,13,3429.19,5
CLTIND05084,dormant,697.83,1265.76,9,2405.306666666667,128
CLTIND05085,dormant,7950.36,15560.58,12,2089.375,90
CLTIND05086,dormant,3525.53,5881.84,5,3269.3650000000002,31
CLTIND05087,dormant,6496.03,12072.11,7,4024.5125,26
CLTIND05088,regular,5554.67,8459.33,9,1837.915,43
CLTIND05090,dormant,511.35,1251.93,7,1741.33,189
CLTIND05091,priority,5278.6,10379.12,21,8534.16,23
CLTIND05092,regular,1741.55,3850.26,17,1930.2455555555555,19
CLTIND05093,regular,1214.71,1840.54,15,2284.725,12
CLTIND05094,dormant,2102.08,4162.64,8,855.805,6
CLTIND05096,regular,2747.06,3771.88,9,2815.766,32
CLTIND05097,dormant,1639.9,2356.85,9,4450.065,170
CLTIND05098,regular,7543.64,13224.43,11,1436.5900000000001,45
CLTIND05099,regular,5411.36,8914.36,21,2581.04,4
CLTIND05100,dormant,3903.17,8458.74,3,3011.2125,92
CLTIND05101,regular,2152.04,3162.39,17,3297.9224999999997,46
CLTIND05102,dormant,9625.28,18226.24,8,3653.3849999999998,15
CLTIND05103,dormant,5327.42,9182.58,7,3023.88,10
CLTIND05104,dormant,1056.08,2456.89,3,3471.20125,53
CLTIND05105,dormant,2546.43,3526.94,10,2910.3806666666665,196
CLTIND05106,dormant,1307.47,2070.66,9,3127.51875,271
CLTIND05108,dormant,4041.7,5956.47,8,2727.0016666666666,37
CLTIND05109,regular,2680.26,3375.74,19,1812.5833333333333,78
CLTIND05110,regular,1418.11,2470.82,16,1983.9566666666667,22
CLTIND05111,regular,2765.29,3296.78,13,3215.29,33
CLTIND05112,dormant,1097.49,1454.32,3,2595.778461538461,24
CLTIND05113,dormant,9541.17,16175.91,5,3095.5699999999997,49
CLTIND05114,dormant,6082.78,7444.11,15,1911.1925,92
CLTIND05115,regular,3069.48,3969.12,11,637.39,19
CLTIND05116,regular,884.75,2105.0,12,2749.8722222222223,10
CLTIND05117,regular,9266.42,19048.35,18,3660.316666666667,57
CLTIND05118,regular,8089.3,8985.91,29,4285.49,50
CLTIND05119,regular,516.41,815.48,9,443.31,83
CLTIND05120,dormant,2257.07,4024.38,7,3719.9233333333336,3
CLTIND05122,regular,2989.95,4908.68,16,157.95,63
CLTIND05124,regular,3596.95,8867.68,18,7596.543333333332,8
CLTIND05125,regular,5855.2,6686.82,31,3858.7475,17
CLTIND05126,regular,1556.8,2029.68,17,3127.954,1
CLTIND05128,dormant,2957.33,3290.84,13,3729.215,360
CLTIND05130,dormant,1222.44,2662.35,5,4198.79,100
CLTIND05131,dormant,2617.72,5939.72,7,1626.36,56
CLTIND05132,dormant,105.8,147.67,1,2732.935,40
CLTIND05133,dormant,7024.01,7933.83,3,6845.43,139
CLTIND05134,dormant,2632.82,5907.36,8,4726.91,96
CLTIND05135,regular,788.55,1620.09,14,2569.3558333333335,38
CLTIND05136,regular,4759.77,7364.77,10,3854.2616666666668,1
CLTIND05138,regular,545.12,899.0,10,2227.92,1
CLTIND05139,regular,2424.22,2739.21,11,2902.6375,16
CLTIND05140,regular,3359.83,6135.19,9,2860.093333333333,35
CLTIND05141,regular,363.57,707.55,10,3653.778333333333,64
CLTIND05142,regular,2129.39,2608.83,9,2087.7125,24
CLTIND05143,regular,3913.69,5174.89,15,3564.0080000000003,9
CLTIND05144,priority,9515.32,16847.96,13,4267.099999999999,14
CLTIND05145,regular,3803.34,4762.29,9,2646.596,61
CLTIND05147,dormant,4205.05,7289.03,3,4371.043333333333,36
CLTIND05148,dormant,6150.66,10500.74,11,1384.9,93
CLTIND05150,regular,1162.11,1518.09,22,2127.27875,23
CLTIND05151,dormant,991.17,2434.4,6,1833.86,79
CLTIND05152,regular,914.06,1858.84,18,2493.3333333333335,12
CLTIND05153,priority,7490.54,18644.59,17,2093.98,2
CLTIND05154,dormant,9792.03,12472.47,5,2697.9049999999997,18
CLTIND05156,dormant,7586.43,10473.6,8,2430.7799999999997,27
CLTIND05157,dormant,8381.73,10947.54,8,2484.748888888889,147
CLTIND05158,regular,6573.88,9846.6,13,1677.355,56
CLTIND05159,dormant,2215.76,3970.15,3,3223.04875,25
CLTIND05160,regular,7040.81,7774.89,11,3403.0499999999997,10
CLTIND05161,dormant,2638.34,6137.84,8,4913.973333333333,50
CLTIND05162,dormant,4858.98,11943.01,8,4638.594999999999,62
CLTIND05163,dormant,2757.54,6085.15,3,2333.826,171
CLTIND05165,regular,4957.77,9281.85,19,2795.563333333333,20
CLTIND05166,regular,2785.63,4949.24,16,2550.298333333333,72
CLTIND05167,priority,9827.32,15049.18,24,3634.1949999999997,20
CLTIND05169,regular,4174.09,9045.12,15,1497.86,31
CLTIND05170,dormant,778.76,969.97,6,2623.225,12
CLTIND05171,dormant,13798.67,27419.83,8,2963.575,20
CLTIND05172,regular,2994.73,6431.04,12,10452.8,47
CLTIND05173,dormant,908.73,1393.88,6,2444.0383333333334,53
CLTIND05174,dormant,3991.74,7728.01,3,4295.63,12
CLTIND05176,regular,1084.66,1646.78,10,5163.383333333333,16
CLTIND05178,priority,6279.24,12859.32,14,2836.8846153846152,26
CLTIND05180,dormant,11154.15,14288.1,12,3222.7380000000003,120
CLTIND05181,regular,8866.57,12884.26,10,3354.66,4
CLTIND05183,regular,2593.81,3308.56,16,4071.456666666667,11
CLTIND05184,dormant,8415.38,12203.6,15,2802.2799999999997,132
CLTIND05185,regular,12132.65,18476.77,9,3205.83,85
CLTIND05186,dormant,271.46,306.53,8,6336.845,255
CLTIND05187,regular,8095.05,17971.4,11,3435.9666666666667,22
CLTIND05188,dormant,1792.72,2819.12,5,2145.606,35
CLTIND05189,regular,3329.4,5667.44,10,1507.406,2
CLTIND05191,dormant,12925.74,32160.56,8,3550.7033333333334,88
CLTIND05192,dormant,2861.8,3782.53,10,2539.056666666667,124
CLTIND05193,regular,2410.74,3466.88,13,2182.8199999999997,7
CLTIND05194,priority,18940.12,37243.26,21,4944.0,21
CLTIND05195,regular,1516.31,3189.07,13,3929.455,11
CLTIND05196,dormant,3675.24,5980.33,7,2289.7599999999998,61
CLTIND05198,regular,1922.2,4502.75,18,2508.174,2
CLTIND05199,dormant,6082.72,11357.68,8,3929.335,0
CLTIND05201,regular,5782.37,7663.88,15,671.4200000000001,53
CLTIND05202,regular,33569.17,73029.09,9,4495.92,34
CLTIND05203,priority,10682.24,15210.19,18,2927.2000000000003,17
CLTIND05204,priority,64087.29,105769.93,25,1452.95,8
CLTIND05205,regular,3107.99,6377.55,11,2252.3016666666667,3
CLTIND05206,dormant,2343.85,4983.1,8,2669.403333333333,28
CLTIND05207,regular,9086.6,20787.96,9,1962.2584615384617,45
CLTIND05209,regular,1523.6,3107.53,19,3457.8283333333334,12
CLTIND05210,regular,4969.32,7635.59,11,872.23,30
CLTIND05212,dormant,4208.13,10141.66,26,2004.18,108
CLTIND05213,regular,8791.97,14764.04,10,4251.676666666667,10
CLTIND05214,regular,4225.39,6506.3,9,2420.0033333333336,1
CLTIND05215,regular,1181.62,1579.76,12,540.22,36
CLTIND05216,dormant,16538.5,27773.81,14,2763.0733333333333,132
CLTIND05217,dormant,3964.89,7019.72,3,2287.335,32
CLTIND05218,dormant,5090.26,5824.74,8,2081.9049999999997,37
CLTIND05219,regular,2005.17,3711.63,10,1949.7239999999997,77
CLTIND05220,dormant,729.22,1218.32,5,1807.43,42
CLTIND05221,dormant,3287.46,7133.58,5,3721.6722222222224,92
CLTIND05222,regular,3182.23,5783.36,13,5686.06,5
CLTIND05223,dormant,1009.47,1223.11,5,3077.3366666666666,12
CLTIND05225,dormant,3710.91,7941.2,7,2631.5475,137
CLTIND05226,priority,60689.03,124014.6,20,3409.4019999999996,17
CLTIND05228,regular,3774.69,5798.84,19,3219.49625,29
CLTIND05229,dormant,2422.95,4652.58,8,1464.5900000000001,15
CLTIND05230,regular,10781.55,17085.08,17,2622.9049999999997,46
CLTIND05232,regular,3969.18,7502.11,12,2500.79,23
CLTIND05233,priority,24206.64,58497.16,18,2448.7525,6
CLTIND05234,dormant,2603.28,2993.97,4,2334.4842857142858,53
CLTIND05235,regular,2621.06,3138.86,21,3148.16,2
CLTIND05236,dormant,16498.51,34249.66,8,3071.7533333333336,11
CLTIND05237,dormant,2329.47,3660.14,8,1998.33,10
CLTIND05241,regular,15641.67,26266.74,19,3808.87,82
CLTIND05243,dormant,10159.75,24014.64,12,1610.635,157
CLTIND05244,dormant,10272.59,23067.07,7,3723.814166666667,45
CLTIND05245,regular,596.15,1009.21,9,3640.225,26
CLTIND05246,dormant,1752.07,2617.27,6,3178.94,36
CLTIND05248,dormant,2193.2,2983.48,7,2172.6549999999997,34
CLTIND05249,dormant,21473.81,52642.76,4,2098.1040000000003,61
CLTIND05250,priority,11463.27,16354.96,14,1401.6499999999999,20
CLTIND05251,dormant,1471.49,2404.71,6,2393.985,63
CLTIND05252,dormant,5359.38,10031.72,3,5569.366666666666,6
CLTIND05253,dormant,9040.01,10271.4,7,2339.62,56
CLTIND05254,dormant,3265.41,4963.62,7,1596.22,63
CLTIND05255,regular,186.32,453.31,10,1789.323333333333,20
CLTIND05256,dormant,1510.8,1994.33,4,2532.7027272727273,8
CLTIND05258,dormant,1113.73,1974.09,5,1912.1275,44
CLTIND05259,regular,1851.71,2135.95,15,4442.915,35
CLTIND05260,regular,6570.79,11094.21,12,2437.7571428571428,4
CLTIND05261,priority,12803.84,14486.04,16,2614.596,3
CLTIND05262,regular,1138.99,1545.87,15,2678.0025,31
CLTIND05263,regular,639.22,1169.36,12,3052.52,10
CLTIND05264,dormant,3159.65,4073.16,6,3616.75,102
CLTIND05265,dormant,3787.82,7813.72,7,2933.54,9
CLTIND05266,dormant,1815.66,3420.14,9,1782.2471428571428,94
CLTIND05267,regular,664.55,837.2,13,1111.08,48
CLTIND05269,regular,4231.72,4795.47,23,3482.28,29
CLTIND05270,regular,2521.48,5713.6,15,2607.6,27
CLTIND05271,regular,16856.83,36565.38,10,2657.37,65
CLTIND05272,dormant,796.66,1199.48,6,1493.43,0
CLTIND05273,regular,4123.75,8076.58,12,3094.6683333333335,7
CLTIND05274,dormant,554.72,1111.83,6,3020.36,126
CLTIND05275,regular,4738.19,7358.99,16,767.45,28
CLTIND05276,regular,4435.87,8878.07,17,1777.01,24
CLTIND05277,dormant,1900.02,2469.0,7,5354.09,90
CLTIND05278,priority,6874.14,10684.54,18,1957.265,5
CLTIND05279,dormant,37408.82,41527.65,7,3166.3344444444447,36
CLTIND05281,dormant,1350.66,2144.04,7,1349.5133333333333,96
CLTIND05282,regular,2276.09,2901.58,18,818.69,54
CLTIND05283,dormant,14521.78,35600.35,10,956.45,319
CLTIND05285,priority,11192.41,18382.01,15,2974.8483333333334,23
CLTIND05286,dormant,1135.96,1726.46,6,3412.988,127
CLTIND05287,regular,14571.64,32172.9,11,2024.19625,11
CLTIND05288,dormant,1112.38,2751.7,7,6209.52,43
CLTIND05289,regular,2182.27,2689.69,9,1599.275,10
CLTIND05290,dormant,2288.09,5058.54,5,1077.78,11
CLTIND05291,dormant,6504.86,8640.36,6,3777.955,73
CLTIND05292,regular,2467.73,3548.16,25,2088.49,11
CLTIND05293,dormant,11332.05,14104.67,6,3708.6549999999997,90
CLTIND05294,regular,3320.91,4864.0,9,2902.8333333333335,4
CLTIND05295,regular,3646.08,8150.31,24,5412.016666666666,16
CLTIND05296,regular,5321.67,7714.19,17,2800.2200000000003,7
CLTIND05297,regular,2087.23,5186.35,9,2984.9938888888887,5
CLTIND05298,dormant,2785.73,4023.4,2,1855.0266666666666,20
CLTIND05299,dormant,1866.83,4050.72,5,2955.8975,13
CLTIND05300,priority,25293.35,43594.99,14,3261.60625,4
CLTIND05301,dormant,3256.6,7873.9,5,1435.5325,1
CLTIND05303,dormant,1783.08,2444.64,10,1248.77,152
CLTIND05304,regular,683.79,905.68,21,1671.92,45
CLTIND05305,regular,5866.77,8514.35,18,2822.7799999999997,51
CLTIND05306,regular,6775.27,14791.14,14,3766.4550000000004,51
CLTIND05307,priority,6420.78,15453.66,23,5624.18,8
CLTIND05308,regular,4369.7,6661.18,18,1837.06,41
CLTIND05309,dormant,1045.05,2256.82,6,2317.6655555555553,49
CLTIND05310,regular,3606.48,8669.82,12,4109.396428571429,6
CLTIND05311,regular,1483.61,3261.5,11,3957.1062500000003,7
CLTIND05312,dormant,1317.84,1572.4,6,1732.2949999999998,12
CLTIND05313,dormant,3832.91,6499.96,5,3105.1875,9
CLTIND05315,dormant,14360.58,26729.76,3,4774.64,14
CLTIND05316,dormant,853.2,1579.16,6,3116.8779999999997,31
CLTIND05318,regular,692.1,1703.99,11,4739.610000000001,19
CLTIND05319,priority,4487.91,9927.93,14,3943.986666666666,20
CLTIND05320,regular,1808.95,3555.48,9,2763.94,51
CLTIND05322,regular,1662.41,2654.39,9,2150.59,48
CLTIND05323,dormant,3930.57,5013.1,7,2763.54,30
CLTIND05324,dormant,2558.96,3324.58,6,2354.27,14
CLTIND05325,dormant,6494.73,10107.42,3,3166.952,51
CLTIND05326,regular,36998.31,47484.75,12,2868.7727272727275,63
CLTIND05327,regular,2380.6,4559.2,9,3727.275,40
CLTIND05328,regular,6468.9,8182.49,24,2606.29,61
CLTIND05329,dormant,1706.05,3793.97,5,3845.522,10
CLTIND05330,priority,7789.25,11898.37,20,2977.3275,1
CLTIND05331,regular,2981.83,3968.89,10,3364.1875,88
CLTIND05332,dormant,2881.61,4337.16,8,2834.8959999999997,88
CLTIND05333,dormant,31127.89,50439.06,8,1997.3700000000001,100
CLTIND05334,dormant,2304.89,5287.38,10,1821.93,0
CLTIND05335,dormant,638.45,1134.9,4,3316.986,111
CLTIND05336,regular,4758.59,8997.08,9,3103.2445454545455,2
CLTIND05337,dormant,3238.28,3932.5,4,3612.7685714285717,74
CLTIND05338,dormant,34633.83,56030.23,17,2507.3900000000003,97
CLTIND05339,regular,937.21,1439.81,18,1832.43,31
CLTIND05340,priority,10558.37,22814.42,13,1137.28,13
CLTIND05341,regular,1230.26,2397.75,10,4192.424285714286,14
CLTIND05342,regular,4608.31,9021.69,14,3409.68,23
CLTIND05343,regular,3956.7,9462.7,11,3888.3216666666667,7
CLTIND05344,regular,599.25,1000.99,12,2700.81,3
CLTIND05345,dormant,11308.96,20938.07,7,2585.81,73
CLTIND05347,regular,2351.41,5657.26,15,1803.755,16
CLTIND05348,dormant,3081.03,5458.8,8,3746.895,77
CLTIND05349,dormant,2546.89,4219.65,7,4198.515714285714,31
CLTIND05350,dormant,2325.07,3851.37,7,1928.5500000000002,41
CLTIND05352,dormant,5758.06,11644.62,3,3731.61125,26
CLTIND05353,regular,3386.79,8418.4,14,1664.42,9
CLTIND05354,dormant,639.8,1369.26,8,3237.065,77
CLTIND05355,dormant,21733.6,45595.77,8,1814.29,16
CLTIND05356,regular,835.98,1455.42,14,3119.2333333333336,35
CLTIND05358,dormant,12338.48,18901.32,6,6355.589999999999,8
CLTIND05359,dormant,2730.28,5486.89,4,1849.475,90
CLTIND05360,regular,2402.75,4612.77,21,3604.86,33
CLTIND05361,dormant,2643.02,5496.73,2,1483.04,1
CLTIND05362,regular,1419.96,1874.77,9,5900.418,12
CLTIND05363,regular,9454.78,15465.89,12,1444.11,73
CLTIND05364,regular,12232.8,26852.49,11,6007.626666666667,52
CLTIND05365,dormant,368.58,586.45,8,2844.91,15
CLTIND05366,regular,5949.36,8947.4,26,1717.155,32
CLTIND05367,priority,18668.35,45157.77,21,4433.879999999999,27
CLTIND05368,dormant,1067.2,1423.34,10,1833.93,113
CLTIND05369,dormant,3449.65,6496.36,2,3578.785,39
CLTIND05370,regular,3283.86,4720.4,13,6910.33,6
CLTIND05371,regular,3942.96,5714.91,11,2375.055,13
CLTIND05372,dormant,1513.65,2456.69,7,2893.97,6
CLTIND05374,dormant,2188.95,4624.88,3,4577.58,39
CLTIND05377,dormant,993.69,1976.75,5,3796.7933333333335,77
CLTIND05378,regular,2642.57,5132.27,10,4154.336666666667,22
CLTIND05379,dormant,2382.73,2801.14,2,3388.46,23
CLTIND05380,regular,15099.27,27391.15,11,2366.0550000000003,51
CLTIND05381,regular,5138.82,8491.87,15,2516.5814285714287,10
CLTIND05382,dormant,7576.18,15239.74,8,4108.516666666666,14
CLTIND05383,regular,2649.76,4374.9,10,3801.95625,2
CLTIND05384,dormant,980.36,1524.3,8,2706.68,57
CLTIND05385,dormant,18042.21,33863.68,8,5054.4974999999995,25
CLTIND05386,dormant,2790.45,4287.29,7,1852.3049999999998,6
CLTIND05387,dormant,1938.78,4280.44,5,2958.7766666666666,71
CLTIND05388,dormant,8008.88,13463.63,3,1906.8516666666667,35
CLTIND05390,regular,12752.28,16346.91,19,1965.69,41
CLTIND05391,regular,15900.38,22358.42,10,3034.505,64
CLTIND05392,dormant,7483.2,18701.8,8,7696.23,64
CLTIND05393,regular,13110.9,24894.05,19,2793.02,38
CLTIND05394,dormant,1565.74,3250.09,5,3765.4,52
CLTIND05396,dormant,3563.17,4918.85,7,2758.1716666666666,2
CLTIND05397,regular,1218.48,2074.03,18,1850.9125,16
CLTIND05398,dormant,2642.97,6270.22,6,5255.735000000001,9
CLTIND05399,dormant,3836.47,6990.82,8,3133.5375,19
CLTIND05400,dormant,6074.14,8908.94,6,593.3,38
CLTIND05401,regular,2001.02,3797.08,11,3284.468,17
CLTIND05403,dormant,37391.83,84757.02,6,1608.36,20
CLTIND05404,dormant,2394.13,3407.37,7,3532.6366666666668,14
CLTIND05405,dormant,12186.45,18331.08,7,1256.78,24
CLTIND05406,dormant,6415.24,15258.53,21,1757.3485714285714,104
CLTIND05407,priority,12495.22,21302.21,15,1470.5533333333333,3
CLTIND05408,regular,1303.31,2851.67,12,2546.897,2
CLTIND05409,regular,12894.5,24761.25,9,2441.425,31
CLTIND05410,dormant,6197.1,11105.89,8,2815.04,100
CLTIND05412,regular,3466.33,5570.48,13,2623.959,13
CLTIND05413,dormant,410.09,812.74,6,308.77,28
CLTIND05414,dormant,19887.33,21982.5,5,2535.832,61
CLTIND05416,regular,2771.72,3857.32,13,1341.6299999999999,36
CLTIND05417,regular,1465.09,2353.44,15,2750.52,46
CLTIND05419,dormant,1439.07,3234.74,4,4603.933333333333,94
CLTIND05420,dormant,12703.86,28669.73,13,4589.842,149
CLTIND05421,dormant,2827.54,4007.34,11,2347.3771428571426,91
CLTIND05423,dormant,5824.86,13048.94,4,3762.563125,26
CLTIND05425,regular,1494.24,1737.39,17,3716.7533333333336,82
CLTIND05426,regular,53260.27,114012.59,11,3103.9812500000003,11
CLTIND05427,regular,1854.15,3745.04,22,2632.89,6
CLTIND05430,dormant,26677.27,47654.2,11,2524.17,98
CLTIND05431,dormant,4826.68,7186.36,1,2807.59,4
CLTIND05433,regular,373.93,430.92,12,4327.236666666667,42
CLTIND05434,regular,2303.62,5024.03,15,3565.6875,12
CLTIND05435,regular,3303.45,6364.52,12,3665.595,15
CLTIND05436,regular,15141.77,37415.44,9,4589.58,27
CLTIND05437,dormant,6227.86,11702.96,7,3268.171428571429,90
CLTIND05438,regular,1064.26,1401.04,9,3309.76125,37
CLTIND05439,regular,1156.43,1609.74,11,2045.61,31
CLTIND05440,dormant,663.57,1058.96,8,1960.97,8
CLTIND05441,priority,6643.62,12021.9,13,3432.358,1
CLTIND05442,regular,5539.7,13203.16,14,2527.102,75
CLTIND05443,regular,4210.96,9661.91,11,3247.53,3
CLTIND05445,regular,1094.14,1219.54,16,5787.6,54
CLTIND05446,regular,27461.36,55030.94,12,7361.72,13
CLTIND05447,regular,968.81,1152.13,9,4240.31,2
CLTIND05448,regular,1779.23,2080.96,13,3524.4933333333333,7
CLTIND05449,regular,306.93,683.61,25,1538.0900000000001,2
CLTIND05453,regular,2293.46,4669.61,18,2191.735,81
CLTIND05454,dormant,8989.39,14938.71,26,2112.86,0
CLTIND05456,regular,12431.55,30484.36,11,7458.4,22
CLTIND05457,regular,2235.74,5485.71,10,2407.38,42
CLTIND05459,dormant,2481.76,4871.54,7,3117.468,40
CLTIND05460,dormant,5786.16,14045.38,6,6241.56,11
CLTIND05461,dormant,6007.33,11015.58,4,2521.0750000000003,4
CLTIND05462,regular,56582.37,96728.61,11,4701.02,58
CLTIND05463,dormant,3742.74,5283.95,6,10852.09,4
CLTIND05464,dormant,691.16,772.35,8,2466.784,14
CLTIND05465,priority,20755.99,35237.18,14,2045.34,5
CLTIND05467,regular,19634.71,39294.16,11,5269.99,45
CLTIND05469,regular,11487.45,16564.85,10,5835.53,34
CLTIND05471,regular,10023.32,11505.09,12,2662.54,22
CLTIND05472,regular,1170.36,2868.9,10,2411.285,67
CLTIND05473,dormant,4108.19,6696.68,6,3713.17,9
CLTIND05474,regular,1807.63,3285.6,12,3807.082142857143,47
CLTIND05475,regular,4803.06,6309.46,28,4094.8055555555557,16
CLTIND05476,regular,846.33,1170.4,15,3379.6000000000004,41
CLTIND05477,regular,703.8,804.91,10,2113.52,65
CLTIND05478,dormant,5642.79,8468.93,3,2872.64,4
CLTIND05479,regular,1110.62,2181.34,13,2894.158888888889,32
CLTIND05482,regular,10107.52,15321.45,13,1091.7233333333334,43
CLTIND05483,regular,5174.89,8187.67,18,4941.228571428573,16
CLTIND05484,dormant,9631.31,17504.86,6,4103.093333333333,171
CLTIND05485,regular,3959.24,8183.67,17,4533.539,17
CLTIND05487,dormant,390.37,691.87,3,1897.58,128
CLTIND05488,regular,8870.17,15247.33,10,5144.515,4
CLTIND05489,dormant,533.31,1051.12,7,5121.9,152
CLTIND05490,dormant,1236.25,1687.2,4,2823.0550000000003,112
CLTIND05492,dormant,643.78,879.77,8,3388.1200000000003,23
CLTIND05493,dormant,2138.81,2842.71,5,4291.651,16
CLTIND05495,dormant,2045.69,4571.78,8,3781.62,42
CLTIND05496,dormant,2122.9,3236.88,8,6000.965,36
CLTIND05497,dormant,4865.2,8830.36,8,2082.1,97
CLTIND05498,regular,7070.79,15517.72,9,3984.38,6
CLTIND05500,dormant,2317.68,5551.43,8,3614.6783333333333,22
CLTIND05501,dormant,3839.81,5534.69,8,1614.385,68
CLTIND05503,dormant,14660.05,34411.51,6,5289.32,55
CLTIND05504,dormant,790.09,1151.81,8,3869.6899999999996,102
CLTIND05505,priority,12056.19,24362.31,14,3547.1499999999996,28
CLTIND05506,regular,2885.56,4340.25,21,3361.9171428571426,26
CLTIND05507,regular,6113.82,8077.74,9,3978.11,2
CLTIND05508,dormant,1968.88,4743.96,5,5095.618,11
CLTIND05511,dormant,1972.34,3037.33,5,3749.66,218
CLTIND05513,dormant,3467.68,3925.14,9,1305.4675,143
CLTIND05514,regular,2071.69,4879.96,9,3056.515,28
CLTIND05515,dormant,893.55,1547.73,5,2112.64,11
CLTIND05516,dormant,3628.02,6964.61,9,6140.146666666667,109
CLTIND05517,dormant,397.62,843.62,7,1545.4,25
CLTIND05518,regular,2296.76,4840.65,16,4039.7999999999997,9
CLTIND05519,priority,11681.97,21413.71,20,2004.425,15
CLTIND05521,regular,9063.2,19153.92,15,4886.365000000001,51
CLTIND05523,regular,2936.54,3912.76,11,1235.86,20
CLTIND05524,dormant,1255.49,2196.93,8,2496.5225,22
CLTIND05525,regular,155.77,381.22,18,3348.2228571428573,34
CLTIND05526,priority,19663.73,43929.08,25,3300.26,5
CLTIND05528,regular,1604.85,3337.36,15,3139.195,29
CLTIND05529,regular,22065.37,27792.55,15,3576.3611111111113,33
CLTIND05530,regular,11378.51,22205.55,14,2063.1388888888887,88
CLTIND05531,regular,972.85,1493.71,12,3447.4925000000003,2
CLTIND05532,regular,1123.64,2720.44,10,1377.07,15
CLTIND05533,dormant,3950.8,9814.99,4,985.175,155
CLTIND05534,regular,2246.34,3265.28,9,1234.24,15
CLTIND05535,dormant,852.97,1580.47,12,3034.764,147
CLTIND05536,dormant,1545.98,2285.91,4,3518.1666666666665,7
CLTIND05537,regular,1624.74,2323.84,16,7729.57,19
CLTIND05538,regular,408.83,451.92,16,2051.73,59
CLTIND05539,regular,1400.76,3221.79,9,3473.816666666667,22
CLTIND05540,regular,2344.15,5833.57,14,2892.74,23
CLTIND05541,dormant,5934.25,13810.85,16,4856.1849999999995,145
CLTIND05542,dormant,1273.56,2350.65,7,2118.93,30
CLTIND05543,dormant,15483.84,35550.33,20,2549.38,135
CLTIND05546,dormant,7224.64,11467.54,5,3787.9,43
CLTIND05547,regular,1640.94,3618.88,18,3297.62875,14
CLTIND05548,regular,14629.39,25149.97,10,2405.6966666666667,68
CLTIND05549,regular,12762.39,31692.79,14,1805.1871428571428,50
CLTIND05550,regular,68202.73,95846.0,23,5637.025,48
CLTIND05551,dormant,3828.91,5291.49,6,3707.5816666666665,15
CLTIND05552,regular,4931.12,7087.97,14,1280.8,11
CLTIND05553,dormant,2608.85,4992.5,8,2493.3533333333335,9
CLTIND05554,dormant,2540.35,4829.12,7,1422.8125,18
CLTIND05555,regular,3007.16,4589.45,15,2159.03,35
CLTIND05556,dormant,6983.55,11506.46,7,3397.513333333334,26
CLTIND05557,dormant,2863.7,3371.07,5,2848.084444444444,32
CLTIND05558,regular,614.43,711.23,13,2115.27,16
CLTIND05559,dormant,434.62,931.48,13,3205.3016666666667,92
CLTIND05560,regular,1827.18,2622.36,22,8251.71,28
CLTIND05561,dormant,17188.61,23255.47,8,2830.025,51
CLTIND05562,regular,6012.13,14420.66,11,3456.8866666666668,15
CLTIND05563,dormant,8459.81,20912.09,6,1819.337142857143,187
CLTIND05564,dormant,2359.89,5838.0,6,3459.347142857143,26
CLTIND05566,regular,3769.59,7664.54,9,4316.9175,41
CLTIND05567,regular,9176.79,15949.61,11,682.7,66
CLTIND05568,dormant,5382.91,9170.33,13,2202.4666666666667,162
CLTIND05569,dormant,1773.35,2726.67,8,2529.8653846153848,11
CLTIND05570,dormant,2765.38,4023.85,5,4714.2,69
CLTIND05571,regular,15662.05,22791.88,12,3551.6699999999996,8
CLTIND05573,regular,3391.45,5249.18,13,2707.0933333333332,6
CLTIND05574,regular,760.33,995.06,9,2454.885,52
CLTIND05578,regular,1906.04,3062.83,13,2140.915,3
CLTIND05579,regular,3861.28,6084.21,24,11742.44,14
CLTIND05580,dormant,3713.38,4883.13,3,2736.258888888889,40
CLTIND05582,regular,1573.9,3686.05,10,5540.53,75
CLTIND05583,dormant,782.63,1529.09,6,3194.322,66
CLTIND05584,dormant,3595.79,5166.0,7,2299.70375,40
CLTIND05585,regular,166.05,268.82,10,3693.35,20
CLTIND05586,dormant,14837.27,22839.02,4,2867.0033333333336,180
CLTIND05589,dormant,7107.73,10051.53,6,3140.81,101
CLTIND05590,regular,1848.12,4046.54,15,2211.17,58
CLTIND05591,dormant,3597.93,4309.04,9,2161.52,147
CLTIND05592,dormant,2810.79,3816.06,4,4601.24625,72
CLTIND05594,regular,2942.5,4209.87,16,2028.2666666666664,53
CLTIND05595,dormant,3032.84,3344.73,8,3389.722,17
CLTIND05597,dormant,6921.82,8842.62,4,3152.9674999999997,21
CLTIND05598,regular,1613.07,2291.23,10,3062.1,1
CLTIND05600,dormant,2159.27,3716.71,8,3454.5849999999996,14
CLTIND05601,dormant,4468.44,9121.8,7,2794.4166666666665,27
CLTIND05602,dormant,2096.31,3257.89,15,2703.7675,93
CLTIND05603,dormant,620.8,1164.73,9,2478.25,400
CLTIND05604,regular,4166.62,7605.65,11,4535.916666666667,13
CLTIND05605,regular,5078.3,10405.81,10,3374.8,31
CLTIND05608,regular,801.47,1467.04,23,4630.806,9
CLTIND05609,dormant,759.47,903.21,3,4235.05,17
CLTIND05611,regular,332.98,584.15,10,2401.3666666666663,3
CLTIND05612,priority,9156.69,11327.19,13,2937.1425,20
CLTIND05613,regular,3176.45,4174.05,14,4572.405,61
CLTIND05614,dormant,2838.49,3664.14,6,2602.5308333333332,3
CLTIND05615,dormant,4378.11,8826.2,8,2118.28,157
CLTIND05616,dormant,3671.87,6119.64,6,3190.4875,19
CLTIND05617,regular,5503.06,9185.34,15,3045.936,36
CLTIND05618,dormant,2260.2,3293.91,5,3726.385,23
CLTIND05619,dormant,5788.77,12045.07,6,1737.5266666666666,89
CLTIND05620,regular,470.33,783.6,18,2875.4646153846156,12
CLTIND05621,regular,2304.09,4155.67,10,2008.3700000000001,24
CLTIND05622,dormant,4987.47,9638.27,4,2586.905,107
CLTIND05623,dormant,1729.84,3619.28,12,5303.3099999999995,95
CLTIND05624,regular,3517.29,8426.88,15,2602.0266666666666,22
CLTIND05625,regular,4859.2,7638.63,13,2642.05,11
CLTIND05627,dormant,1032.64,1899.01,3,1018.38,114
CLTIND05628,regular,4513.02,5145.54,14,3473.235,30
CLTIND05629,dormant,1139.53,1761.36,5,2477.7514285714283,18
CLTIND05630,priority,8032.21,13211.02,20,3721.61,6
CLTIND05631,regular,6225.18,11103.46,10,3380.236,33
CLTIND05634,regular,1397.12,2301.89,14,3506.2555555555555,14
CLTIND05635,regular,3072.23,7196.04,15,2523.678,82
CLTIND05636,dormant,3404.37,7143.24,7,2360.95,31
CLTIND05637,dormant,1385.39,2845.85,7,2495.78,19
CLTIND05638,regular,2755.66,4342.29,15,2674.97,19
CLTIND05639,dormant,3368.33,7798.65,7,2110.89,13
CLTIND05640,regular,1409.65,3068.15,12,4619.286666666667,7
CLTIND05641,regular,3815.58,6544.74,20,2456.57,27
CLTIND05642,dormant,4710.21,6695.21,5,4112.6033333333335,2
CLTIND05644,regular,1564.08,2422.18,19,4242.28,20
CLTIND05645,regular,1096.6,1266.25,22,3811.4714285714285,3
CLTIND05646,regular,5808.15,8279.06,11,2640.835,77
CLTIND05647,regular,2624.1,4570.61,12,3560.9744444444445,43
CLTIND05648,dormant,4136.28,9668.55,7,4493.546,34
CLTIND05649,regular,5073.14,7920.03,13,3449.565,8
CLTIND05650,regular,751.15,1009.04,12,3130.1299999999997,38
CLTIND05651,dormant,386.96,590.09,9,2188.33,150
CLTIND05652,regular,9132.22,22427.21,14,1876.3319999999999,68
CLTIND05653,dormant,328.21,787.86,4,2986.0733333333337,48
CLTIND05654,dormant,4749.67,8775.72,6,2615.96,192
CLTIND05655,dormant,2637.58,5394.93,6,2749.9683333333337,4
CLTIND05656,dormant,1356.23,3000.05,6,1930.7466666666667,52
CLTIND05657,dormant,6312.01,13296.04,8,1719.73,18
CLTIND05658,dormant,1700.97,4120.6,7,3764.3866666666668,39
CLTIND05660,dormant,602.48,698.51,5,2903.316,0
CLTIND05661,regular,6610.88,7699.27,19,2803.645,64
CLTIND05662,regular,12312.5,21689.27,11,2864.906,40
CLTIND05663,regular,11914.26,26451.37,20,4473.54,35
CLTIND05664,dormant,626.7,1153.68,6,3674.3119999999994,82
CLTIND05665,regular,6656.2,7534.52,16,2786.2066666666665,45
CLTIND05666,regular,22163.87,53155.07,10,4631.07,37
CLTIND05667,regular,1888.84,2971.6,15,4068.686,8
CLTIND05669,regular,1763.4,3604.94,13,2319.81,3
CLTIND05671,regular,621.67,704.91,11,2368.12,43
CLTIND05672,dormant,5071.21,8001.19,5,3209.5716666666667,45
CLTIND05674,dormant,2047.65,3023.83,7,3234.521666666667,47
CLTIND05675,regular,3736.32,8086.57,9,4790.6449999999995,15
CLTIND05676,priority,41038.96,65518.61,13,5796.426666666666,14
CLTIND05677,dormant,2056.25,3664.61,7,4127.9125,110
CLTIND05678,dormant,420.74,708.0,6,2868.9171428571426,1
CLTIND05679,regular,1858.98,3818.87,14,4078.477142857143,35
CLTIND05680,regular,3062.84,6240.62,16,2188.755,42
CLTIND05681,regular,6318.83,7499.42,12,2738.7100000000005,11
CLTIND05683,regular,2395.48,3414.53,22,2115.0866666666666,49
CLTIND05685,dormant,3546.17,6063.42,7,2209.23,11
CLTIND05686,regular,2680.47,2989.17,16,3318.6475,60
CLTIND05687,dormant,611.87,1513.25,8,4170.815,7
CLTIND05688,dormant,2541.29,4705.98,3,2741.56,11
CLTIND05690,dormant,1760.18,4008.7,3,3007.17,44
CLTIND05691,regular,8126.94,19585.3,14,2898.3716666666664,37
CLTIND05692,regular,22668.62,33325.93,12,3187.4925,27
CLTIND05694,dormant,8271.96,18114.19,3,2038.5220000000002,16
CLTIND05695,regular,1483.49,2379.36,10,2640.6475,44
CLTIND05696,dormant,49620.98,84483.2,4,3443.04,22
CLTIND05698,dormant,5134.37,12441.42,6,2971.75,105
CLTIND05699,priority,9846.91,19344.22,16,5543.12,18
CLTIND05700,dormant,6681.34,10260.99,6,4106.974,84
CLTIND05701,dormant,1262.97,2355.29,10,2668.895,93
CLTIND05702,regular,7297.42,15715.98,16,3183.14,62
CLTIND05704,dormant,947.99,1101.66,5,3198.6900000000005,1
CLTIND05705,dormant,3839.97,6102.81,10,2660.8799999999997,106
CLTIND05706,dormant,1776.99,3819.44,4,3859.7520000000004,6
CLTIND05707,regular,2476.56,3298.33,9,2327.5457142857144,13
CLTIND05710,dormant,163.7,342.46,3,4838.945,49
CLTIND05712,priority,5147.63,9625.51,13,6028.825,4
CLTIND05714,regular,18571.9,32938.07,21,2993.664117647059,48
CLTIND05715,dormant,5605.0,13389.65,11,3842.7325,0
CLTIND05716,regular,1988.05,2603.68,20,3699.6549999999997,40
CLTIND05717,dormant,55113.53,86101.81,7,3401.8959999999997,46
CLTIND05718,regular,1184.18,2750.06,11,705.62,37
CLTIND05719,regular,2136.1,2538.58,11,2881.933,58
CLTIND05720,dormant,1007.37,1481.35,8,775.21,11
CLTIND05721,dormant,804.47,1863.35,8,1354.66,14
CLTIND05722,dormant,11294.3,17128.81,6,1254.15,35
CLTIND05723,dormant,2321.24,4676.64,7,5449.98,19
CLTIND05724,regular,6431.04,12505.07,18,3190.8624999999997,67
CLTIND05725,regular,1231.51,2190.62,10,3547.1783333333333,1
CLTIND05726,regular,1116.95,2213.52,9,3051.4578571428574,7
CLTIND05727,regular,4569.68,5419.08,19,1797.2559999999999,58
CLTIND05728,dormant,1948.45,2829.79,7,1838.8600000000001,400
CLTIND05729,regular,7484.31,17360.07,11,2453.35,11
CLTIND05730,dormant,2180.7,3816.63,6,3744.0950000000003,31
CLTIND05731,priority,10216.48,14553.29,13,2779.230833333333,8
CLTIND05732,dormant,1318.06,2644.47,8,2420.0714285714284,65
CLTIND05733,priority,40072.09,74542.62,28,6187.4,23
CLTIND05734,regular,1165.6,2090.15,14,3481.4349999999995,7
CLTIND05737,dormant,3528.02,7871.47,14,3056.99,98
CLTIND05738,regular,2908.83,3600.45,13,3032.141666666667,9
CLTIND05739,dormant,3348.23,6822.35,11,2799.2233333333334,93
CLTIND05740,regular,10107.2,14815.45,9,3618.4,49
CLTIND05741,dormant,17522.34,33343.82,2,3769.7925,51
CLTIND05742,dormant,250.14,500.81,12,2429.8333333333335,123
CLTIND05745,dormant,1599.53,2601.99,4,3404.065714285714,3
CLTIND05746,dormant,2314.94,5501.77,6,3365.15,15
CLTIND05747,dormant,5377.76,9460.18,6,3828.59,13
CLTIND05748,dormant,1540.61,2500.07,12,3398.1511111111113,116
CLTIND05749,regular,6952.28,15988.35,19,2133.66,61
CLTIND05750,dormant,4522.84,6458.71,7,4191.49375,98
CLTIND05751,regular,730.74,1760.38,11,3986.7928571428574,34
CLTIND05753,regular,2401.39,4603.58,11,5885.08,5
CLTIND05755,regular,398.8,848.2,15,3988.933333333333,24
CLTIND05757,regular,928.12,1757.88,9,1982.2699999999998,17
CLTIND05758,regular,6002.26,9630.58,12,2959.1414285714286,18
CLTIND05759,regular,2486.21,3507.11,9,2598.866666666667,39
CLTIND05762,regular,4507.19,10953.37,16,3078.8075,53
CLTIND05763,dormant,2300.21,3135.48,7,4154.49,26
CLTIND05764,dormant,721.7,1099.06,12,2167.7599999999998,124
CLTIND05765,priority,10237.08,18275.71,15,3388.025,18
CLTIND05766,regular,15315.68,38205.23,14,1659.128,42
CLTIND05767,regular,8472.73,11719.31,10,1949.096,48
CLTIND05769,dormant,923.91,1979.68,5,1662.4099999999999,72
CLTIND05770,dormant,795.78,1047.89,6,3468.73,3
CLTIND05771,regular,6751.08,14878.39,10,2968.975,10
CLTIND05772,regular,9993.12,23788.95,17,1957.073333333333,35
CLTIND05773,regular,1007.87,2094.91,10,3914.7466666666674,4
CLTIND05775,regular,943.77,1680.44,15,3259.568888888889,7
CLTIND05776,regular,8465.38,19896.88,13,4081.1614285714286,74
CLTIND05777,dormant,5240.27,10199.33,18,3322.36,0
CLTIND05779,regular,1769.16,2210.48,15,4557.3,13
CLTIND05780,regular,807.75,1799.11,12,4822.96,11
CLTIND05781,dormant,4379.41,8859.01,15,3848.7425000000003,155
CLTIND05782,regular,10186.2,24122.39,10,3880.8225,1
CLTIND05783,dormant,3735.49,6055.08,7,2592.898,158
CLTIND05784,regular,2055.61,4180.72,13,2809.6800000000003,20
CLTIND05785,priority,11791.84,26330.63,13,3962.005,2
CLTIND05786,regular,7624.35,10233.29,18,10036.715,61
CLTIND05787,regular,2405.77,3199.6,11,3376.5466666666666,32
CLTIND05790,dormant,23579.69,41138.43,4,2234.23,8
CLTIND05791,priority,18133.85,25025.35,16,2000.79,20
CLTIND05792,regular,155.28,239.52,12,3381.75,30
CLTIND05793,regular,22504.41,43295.52,12,1269.33,28
CLTIND05794,dormant,5262.34,6263.93,6,2568.585,130
CLTIND05795,dormant,2802.17,5669.45,5,2027.6370000000002,88
CLTIND05796,dormant,1194.27,2260.56,6,2431.1,22
CLTIND05797,dormant,2673.71,5350.37,7,4586.11,28
CLTIND05798,dormant,3240.18,6736.94,6,923.1600000000001,18
CLTIND05799,regular,6714.92,7459.04,15,1625.8525,68
CLTIND05800,dormant,16190.91,37441.59,8,2946.79,220
CLTIND05801,dormant,2252.84,2896.86,21,3697.1733333333336,0
CLTIND05802,dormant,13709.83,24201.23,7,1145.5233333333333,81
CLTIND05803,dormant,663.83,1417.01,6,2218.063,13
CLTIND05804,regular,29253.9,61075.66,10,3247.38875,20
CLTIND05805,dormant,763.03,1500.05,8,4826.2775,152
CLTIND05806,regular,2596.01,5641.54,13,2514.4717647058824,49
CLTIND05807,regular,1104.54,1625.34,10,3380.976153846154,17
CLTIND05808,regular,1088.67,2611.16,10,8676.996666666668,44
CLTIND05809,dormant,2395.12,5312.38,17,2428.3391666666666,105
CLTIND05810,dormant,8854.25,14387.21,5,2538.234,43
CLTIND05811,regular,2020.47,3996.45,23,4376.2757142857145,24
CLTIND05813,dormant,991.79,2284.24,8,3409.82,37
CLTIND05814,dormant,13442.31,17593.0,6,3517.83,40
CLTIND05816,regular,1101.22,1620.7,10,2933.18,5
CLTIND05817,dormant,862.29,1291.22,5,2817.0466666666666,50
CLTIND05818,dormant,23297.41,27556.14,3,3849.5275,17
CLTIND05820,regular,972.99,1701.45,13,2700.1866666666665,13
CLTIND05821,regular,3835.41,7669.31,12,3093.21,6
CLTIND05822,regular,5940.73,9236.7,13,721.525,31
CLTIND05823,dormant,3157.89,7779.77,6,4139.06,167
CLTIND05824,priority,10073.81,11826.67,13,2957.5766666666664,5
CLTIND05825,priority,5596.87,12925.02,13,1404.14,8
CLTIND05826,dormant,2621.74,4968.54,10,2142.73,259
CLTIND05828,regular,4008.97,5928.33,12,3031.02625,19
CLTIND05830,regular,26255.88,56558.5,11,2181.28,26
CLTIND05831,regular,11831.02,22100.21,9,3706.22,59
CLTIND05832,dormant,6723.13,12519.32,6,7296.516666666667,8
CLTIND05833,dormant,4780.21,6638.65,3,2070.625,6
CLTIND05834,regular,11645.25,27338.13,20,4193.236666666667,54
CLTIND05835,regular,2710.02,6166.47,9,4428.715,73
CLTIND05836,regular,1133.28,2338.95,11,3294.55,46
CLTIND05837,dormant,9871.56,20222.13,8,2874.376666666667,349
CLTIND05838,priority,22140.28,45146.33,13,595.87,28
CLTIND05839,dormant,705.94,1386.3,8,2133.16,104
CLTIND05840,priority,8548.73,10530.51,21,4838.59,30
CLTIND05841,priority,28018.64,32433.04,18,3569.83,4
CLTIND05843,regular,612.67,1377.79,14,2095.334,25
CLTIND05844,dormant,2339.35,5733.15,6,1828.1366666666665,14
CLTIND05845,dormant,18033.56,42258.52,6,3096.2999999999997,84
CLTIND05846,regular,3529.38,7758.91,13,2649.6614285714286,37
CLTIND05847,regular,10490.69,20609.29,10,1162.022,5
CLTIND05848,priority,7950.67,16375.09,16,2518.214285714286,21
CLTIND05849,regular,3908.07,4953.04,19,3987.1366666666668,11
CLTIND05850,regular,6258.17,8728.73,27,4115.02,5
CLTIND05852,dormant,4148.15,6617.12,17,2187.1099999999997,0
CLTIND05853,dormant,3024.35,4495.96,8,4137.745,40
CLTIND05854,regular,2366.61,5008.96,9,2871.67,28
CLTIND05855,dormant,2623.23,6418.87,5,902.665,56
CLTIND05856,regular,926.74,1215.65,15,2051.015,25
CLTIND05857,priority,25381.57,59638.67,13,3110.498333333333,18
CLTIND05858,regular,831.15,2065.39,9,2144.38,14
CLTIND05859,dormant,1125.96,2154.01,7,980.6533333333333,1
CLTIND05861,regular,2594.43,3480.41,22,4239.486666666667,3
CLTIND05862,regular,2713.74,6328.66,13,5815.474999999999,63
CLTIND05864,regular,790.71,1036.9,15,3266.3933333333334,23
CLTIND05865,dormant,6168.36,13773.26,8,2942.871428571428,49
CLTIND05866,regular,1676.73,3839.72,23,2343.74,2
CLTIND05867,regular,6481.14,10282.4,11,2963.25,32
CLTIND05868,dormant,6841.81,16323.3,3,2576.39,44
CLTIND05869,dormant,8088.42,13910.29,4,2597.73,58
CLTIND05870,priority,11917.17,27889.11,13,3603.16,14
CLTIND05871,regular,845.4,1670.3,21,850.2833333333333,24
CLTIND05872,dormant,1127.19,1546.34,6,2834.95,80
CLTIND05875,dormant,18540.79,41482.59,6,2643.9275000000002,26
CLTIND05878,dormant,2022.92,3126.41,10,3697.98,110
CLTIND05879,regular,15675.48,35667.0,12,2503.16,27
CLTIND05881,regular,1982.73,2648.26,13,3671.9900000000002,39
CLTIND05882,regular,1142.02,2461.22,15,3812.2642857142855,9
CLTIND05883,regular,520.53,1197.65,13,1984.132,86
CLTIND05884,dormant,24696.42,61014.82,7,1694.0749999999998,20
CLTIND05885,regular,19389.58,42757.01,14,3235.78,53
CLTIND05886,regular,16250.18,23776.97,11,3189.3,19
CLTIND05887,dormant,19103.27,37510.03,7,1490.26,1
CLTIND05889,regular,610.74,1099.09,9,2611.7544444444447,62
CLTIND05890,dormant,5739.91,6435.63,6,2292.47,72
CLTIND05891,regular,3406.21,6455.3,12,2644.36,4
CLTIND05892,dormant,11940.0,28764.27,8,5685.335,255
CLTIND05893,dormant,1348.32,2722.49,8,3119.067142857143,7
CLTIND05894,regular,1597.86,2927.15,10,2806.395,80
CLTIND05895,dormant,625.78,1084.31,5,1337.3600000000001,224
CLTIND05896,dormant,13306.59,30148.72,6,1959.19,70
CLTIND05897,regular,1029.89,1374.49,18,5241.77,72
CLTIND05898,priority,10468.26,11966.33,13,2081.0950000000003,26
CLTIND05899,regular,4686.11,8379.34,12,3207.978,21
CLTIND05900,regular,27491.16,49040.11,12,3834.86625,23
CLTIND05901,regular,7169.61,12414.62,15,1803.58,87
CLTIND05902,regular,8449.87,17755.33,12,1848.4233333333334,14
CLTIND05903,dormant,8511.73,21096.32,7,1348.9,8
CLTIND05905,dormant,9564.19,21347.5,7,3388.5,14
CLTIND05906,dormant,10632.87,14757.96,5,1787.4466666666667,39
CLTIND05907,dormant,11083.29,20275.32,6,1299.008,11
CLTIND05908,dormant,3430.18,5815.87,6,4552.155,15
CLTIND05909,dormant,3820.88,5312.73,4,2595.02,4
CLTIND05911,dormant,13625.89,29224.44,7,2797.5440000000003,81
CLTIND05912,priority,8579.11,11904.79,19,2936.3700000000003,8
CLTIND05914,dormant,2044.43,4222.46,15,1240.935,126
CLTIND05915,dormant,1553.52,3312.33,20,3317.3050000000003,110
CLTIND05916,regular,6693.19,16021.1,9,3099.3741666666665,36
CLTIND05917,priority,8829.54,10510.81,13,2910.525,15
CLTIND05918,regular,1098.49,2557.6,14,1382.27,5
CLTIND05921,regular,491.15,723.25,12,3388.285,36
CLTIND05922,regular,1378.65,1607.77,15,2319.13,83
CLTIND05923,dormant,3030.26,4065.41,8,2516.705,48
CLTIND05925,dormant,59564.69,117870.06,6,2364.985,44
CLTIND05926,priority,9152.23,21208.37,15,2086.66,25
CLTIND05927,regular,3596.54,5616.48,14,5209.85,33
CLTIND05928,regular,14696.11,32695.5,12,2788.8199999999997,2
CLTIND05929,dormant,5022.6,11065.4,4,1792.2,28
CLTIND05931,dormant,4386.82,4883.55,12,2157.936666666667,109
CLTIND05932,dormant,483.25,979.07,8,2425.49,9
CLTIND05933,regular,14744.72,31655.86,11,2859.925,15
CLTIND05934,dormant,3024.03,3381.42,7,1962.8975,3
CLTIND05935,priority,7573.65,15985.23,19,1129.17,12
CLTIND05936,dormant,1638.6,1868.75,3,2891.3199999999997,69
CLTIND05937,dormant,905.69,1104.29,7,4362.836666666667,54
CLTIND05939,dormant,2005.95,4916.24,8,2544.945,54
CLTIND05940,regular,664.75,821.06,11,2645.5325,52
CLTIND05941,regular,17034.02,40488.07,10,3361.4049999999997,26
CLTIND05942,regular,2953.29,5243.77,20,2109.032,5
CLTIND05944,regular,4241.41,5794.92,10,3995.4350000000004,21
CLTIND05945,dormant,1310.72,1946.62,8,3823.48,115
CLTIND05946,regular,682.09,1600.35,13,1841.1299999999999,8
CLTIND05947,regular,1263.62,1688.5,9,3709.83,47
CLTIND05949,regular,4125.53,5792.23,14,2366.1755555555555,47
CLTIND05950,regular,20103.79,45800.84,9,1279.76,25
CLTIND05951,regular,8450.77,9687.3,10,3618.4357142857143,55
CLTIND05952,regular,1150.52,1700.56,12,2593.29,4
CLTIND05953,priority,78883.69,152431.72,13,5349.8575,14
CLTIND05954,regular,10551.12,24630.97,12,2673.165,8
CLTIND05955,regular,5711.59,6812.38,13,2171.97,12
CLTIND05956,dormant,21152.61,44619.48,6,2606.2650000000003,127
CLTIND05957,regular,7093.17,10891.93,11,3202.4683333333332,41
CLTIND05959,regular,4348.16,8389.16,11,2848.241666666667,30
CLTIND05960,dormant,1083.61,1628.3,5,980.06,34
CLTIND05961,regular,5744.23,11234.56,11,5368.725,17
CLTIND05962,dormant,1007.84,1123.95,8,1908.8012500000002,9
CLTIND05963,regular,687.22,803.15,10,3457.57,67
CLTIND05965,regular,4715.0,7287.48,13,3017.9125,42
CLTIND05966,regular,1934.82,3132.08,13,3423.5150000000003,31
CLTIND05967,regular,945.01,1154.54,9,2602.14,59
CLTIND05969,regular,4359.11,5164.68,16,5342.797500000001,80
CLTIND05970,regular,7592.02,10914.17,13,3755.9775,82
CLTIND05971,regular,2077.36,4538.19,18,2372.307142857143,1
CLTIND05972,regular,1290.63,1754.33,22,3640.376666666667,25
CLTIND05973,regular,658.13,802.7,12,2349.84125,79
CLTIND05974,priority,11859.07,22519.76,14,2874.3385714285714,19
CLTIND05975,dormant,637.27,1073.96,6,3604.29,55
CLTIND05976,dormant,8904.29,12198.58,4,3644.946,184
CLTIND05977,regular,3170.56,3979.03,30,3310.8199999999997,56
CLTIND05978,dormant,488.96,1120.97,6,1758.8044444444447,112
CLTIND05980,regular,728.48,1681.05,10,2387.5,35
CLTIND05982,dormant,4139.14,9839.63,5,2277.53,66
CLTIND05983,regular,5880.04,11423.33,11,3344.42,32
CLTIND05984,regular,5546.36,9762.93,10,2409.31,11
CLTIND05986,dormant,2957.89,6875.51,17,2905.50375,101
CLTIND05987,regular,9507.07,21298.39,9,2625.5299999999997,23
CLTIND05988,regular,3928.73,5730.16,10,653.48,53
CLTIND05989,dormant,704.36,1353.78,11,2049.88,124
CLTIND05990,dormant,20653.67,31705.64,8,3969.68,91
CLTIND05991,regular,552.95,850.91,11,3925.2333333333336,35
CLTIND05993,dormant,8234.4,14360.88,11,2931.74,195
CLTIND05994,regular,5772.98,13784.19,12,2826.86,35
CLTIND05995,regular,5659.24,9409.36,12,4236.435,19
CLTIND05996,dormant,8519.66,10586.6,6,10619.22,21
CLTIND05999,regular,1309.92,2216.95,15,1465.84,12
CLTIND06000,regular,4151.67,6936.83,14,4674.108,52
