client_id,segment,avg_monthly_balance,txn_frequency_monthly
CLTIND00001,dormant,12228.05,8
CLTIND00002,dormant,2463.8,9
CLTIND00004,dormant,3120.84,23
CLTIND00005,dormant,5733.69,5
CLTIND00006,dormant,8369.71,13
CLTIND00007,dormant,3090.33,10
CLTIND00008,dormant,26306.03,10
CLTIND00009,dormant,2028.01,6
CLTIND00010,dormant,1078.97,16
CLTIND00011,dormant,3642.24,4
CLTIND00012,dormant,3463.06,11
CLTIND00013,dormant,793.86,4
CLTIND00014,dormant,3581.54,13
CLTIND00015,dormant,2253.35,9
CLTIND00018,dormant,1819.7,9
CLTIND00021,dormant,981.52,5
CLTIND00022,dormant,1824.37,13
CLTIND00023,dormant,7932.66,22
CLTIND00024,dormant,8362.08,13
CLTIND00025,dormant,4604.13,11
CLTIND00026,dormant,730.28,2
CLTIND00027,dormant,6102.7,7
CLTIND00028,dormant,2975.39,7
CLTIND00029,dormant,3257.32,15
CLTIND00030,dormant,1255.66,18
CLTIND00031,dormant,2957.86,2
CLTIND00032,dormant,1753.62,8
CLTIND00033,dormant,2916.44,13
CLTIND00035,dormant,43798.69,9
CLTIND00036,dormant,1134.98,11
CLTIND00037,dormant,1543.17,16
CLTIND00038,dormant,1003.13,11
CLTIND00039,dormant,5911.52,10
CLTIND00040,dormant,1971.35,5
CLTIND00041,dormant,7631.44,13
CLTIND00042,dormant,1727.56,11
CLTIND00043,dormant,1947.55,9
CLTIND00044,dormant,13569.02,8
CLTIND00045,dormant,24960.64,14
CLTIND00046,dormant,3635.2,19
CLTIND00047,dormant,6614.0,22
CLTIND00048,dormant,1607.78,12
CLTIND00049,dormant,8753.16,10
CLTIND00050,dormant,9852.44,9
CLTIND00051,dormant,6870.83,1
CLTIND00053,dormant,1632.05,12
CLTIND00054,dormant,2445.87,12
CLTIND00056,dormant,1341.55,10
CLTIND00057,dormant,1838.78,8
CLTIND00058,dormant,9096.24,9
CLTIND00060,dormant,4743.88,13
CLTIND00061,dormant,2361.03,9
CLTIND00062,dormant,14985.59,11
CLTIND00063,dormant,7855.41,21
CLTIND00064,dormant,4335.8,10
CLTIND00065,dormant,1584.12,4
CLTIND00066,dormant,1108.25,8
CLTIND00067,dormant,6365.0,8
CLTIND00068,dormant,23453.23,16
CLTIND00069,dormant,4057.27,7
CLTIND00070,dormant,10823.73,20
CLTIND00072,dormant,4881.6,12
CLTIND00073,dormant,4435.09,19
CLTIND00075,dormant,8552.28,6
CLTIND00076,dormant,5639.25,19
CLTIND00077,dormant,1850.83,10
CLTIND00078,dormant,3627.74,16
CLTIND00079,dormant,6226.22,16
CLTIND00081,dormant,2332.75,6
CLTIND00082,dormant,16567.23,29
CLTIND00083,dormant,1082.24,4
CLTIND00085,dormant,13655.87,5
CLTIND00086,dormant,2188.46,7
CLTIND00088,dormant,20451.46,16
CLTIND00089,dormant,10696.25,7
CLTIND00090,dormant,2070.32,7
CLTIND00092,dormant,5876.13,17
CLTIND00093,dormant,2590.6,12
CLTIND00094,dormant,1300.99,14
CLTIND00095,dormant,1612.22,8
CLTIND00096,dormant,5259.99,13
CLTIND00098,dormant,5878.07,6
CLTIND00099,dormant,16061.57,6
CLTIND00100,dormant,1346.24,15
CLTIND00101,dormant,7457.19,21
CLTIND00102,dormant,3341.59,12
CLTIND00103,dormant,1537.14,15
CLTIND00104,dormant,14258.55,12
CLTIND00106,dormant,646.31,7
CLTIND00107,dormant,8984.3,15
CLTIND00108,dormant,5885.6,7
CLTIND00109,dormant,1977.13,4
CLTIND00110,dormant,1600.79,7
CLTIND00111,dormant,4032.07,16
CLTIND00112,dormant,26884.49,11
CLTIND00113,dormant,271.84,8
CLTIND00114,dormant,8392.09,4
CLTIND00116,dormant,4766.66,9
CLTIND00117,dormant,1440.19,5
CLTIND00118,dormant,6878.86,15
CLTIND00119,dormant,7928.33,5
CLTIND00121,dormant,16696.49,9
CLTIND00123,dormant,2075.44,6
CLTIND00124,dormant,3233.09,13
CLTIND00125,dormant,276.56,7
CLTIND00126,dormant,3661.48,23
CLTIND00127,dormant,2197.66,13
CLTIND00128,dormant,2884.48,4
CLTIND00129,dormant,3784.56,12
CLTIND00130,dormant,3097.88,8
CLTIND00131,dormant,1105.13,10
CLTIND00132,dormant,4345.01,10
CLTIND00133,dormant,15954.62,14
CLTIND00134,dormant,4950.56,10
CLTIND00135,dormant,747.68,9
CLTIND00137,dormant,1111.48,19
CLTIND00138,dormant,3520.27,4
CLTIND00140,dormant,5118.87,7
CLTIND00141,dormant,5797.33,6
CLTIND00142,dormant,19451.76,11
CLTIND00143,dormant,530.36,11
CLTIND00144,dormant,1727.84,10
CLTIND00145,dormant,1881.87,19
CLTIND00146,dormant,2568.33,6
CLTIND00148,dormant,1161.34,2
CLTIND00149,dormant,574.84,10
CLTIND00150,dormant,6607.3,7
CLTIND00151,dormant,3686.65,13
CLTIND00152,dormant,25267.15,10
CLTIND00154,dormant,1677.41,7
CLTIND00155,dormant,1149.4,13
CLTIND00156,dormant,2500.66,7
CLTIND00157,dormant,4758.1,14
CLTIND00158,dormant,1871.52,9
CLTIND00159,dormant,46883.7,11
CLTIND00160,dormant,1610.85,7
CLTIND00161,dormant,4501.32,14
CLTIND00162,dormant,3001.67,11
CLTIND00163,dormant,6097.79,7
CLTIND00164,dormant,2094.89,5
CLTIND00165,dormant,9067.15,23
CLTIND00166,dormant,1274.37,5
CLTIND00168,dormant,4342.97,8
CLTIND00169,dormant,278.41,10
CLTIND00170,dormant,1180.32,10
CLTIND00171,dormant,5613.71,12
CLTIND00172,dormant,3118.53,12
CLTIND00173,dormant,840.66,12
CLTIND00174,dormant,4424.25,17
CLTIND00175,dormant,3854.79,19
CLTIND00176,dormant,2084.95,23
CLTIND00178,dormant,15881.77,10
CLTIND00179,dormant,3572.58,6
CLTIND00180,dormant,631.85,25
CLTIND00182,dormant,1200.19,18
CLTIND00183,dormant,13893.48,16
CLTIND00184,dormant,1032.19,10
CLTIND00186,dormant,4280.32,8
CLTIND00188,dormant,10990.28,8
CLTIND00189,dormant,2825.76,11
CLTIND00190,dormant,5084.39,3
CLTIND00191,dormant,2700.71,8
CLTIND00192,dormant,13451.53,10
CLTIND00193,dormant,2519.79,8
CLTIND00194,dormant,14333.3,18
CLTIND00195,dormant,1266.23,8
CLTIND00196,dormant,1060.21,5
CLTIND00197,dormant,444.66,11
CLTIND00200,dormant,1856.57,10
CLTIND00201,dormant,22912.3,10
CLTIND00202,dormant,2404.37,10
CLTIND00203,dormant,486.92,9
CLTIND00204,dormant,1602.16,3
CLTIND00205,dormant,1489.43,18
CLTIND00206,dormant,7198.94,15
CLTIND00208,dormant,2315.17,13
CLTIND00209,dormant,3091.5,8
CLTIND00210,dormant,4155.52,11
CLTIND00211,dormant,3760.6,15
CLTIND00212,dormant,26637.55,10
CLTIND00213,dormant,12591.78,12
CLTIND00214,dormant,2448.0,9
CLTIND00215,dormant,17534.43,9
CLTIND00216,dormant,5840.76,25
CLTIND00217,dormant,2002.39,17
CLTIND00218,dormant,1961.18,5
CLTIND00220,dormant,2559.43,10
CLTIND00222,dormant,1293.67,7
CLTIND00223,dormant,5446.83,8
CLTIND00224,dormant,5193.85,18
CLTIND00225,dormant,732.81,10
CLTIND00226,dormant,9060.04,15
CLTIND00227,dormant,8708.74,13
CLTIND00228,dormant,1197.79,7
CLTIND00229,dormant,297.78,11
CLTIND00231,dormant,13229.88,9
CLTIND00232,dormant,3493.7,9
CLTIND00233,dormant,1113.61,15
CLTIND00234,dormant,2550.26,12
CLTIND00235,dormant,3007.74,11
CLTIND00236,dormant,408.72,8
CLTIND00237,dormant,4023.21,10
CLTIND00238,dormant,8620.15,15
CLTIND00239,dormant,1269.13,11
CLTIND00240,dormant,525.26,15
CLTIND00243,dormant,486.76,5
CLTIND00244,dormant,9745.43,3
CLTIND00245,dormant,13234.66,15
CLTIND00246,dormant,1358.1,4
CLTIND00248,dormant,2435.04,11
CLTIND00249,dormant,16287.8,14
CLTIND00250,dormant,5275.81,9
CLTIND00251,dormant,748.87,9
CLTIND00252,dormant,1731.44,7
CLTIND00253,dormant,19531.53,7
CLTIND00254,dormant,1790.96,8
CLTIND00255,dormant,2794.19,21
CLTIND00256,dormant,1125.76,10
CLTIND00257,dormant,8211.41,8
CLTIND00258,dormant,3979.89,9
CLTIND00259,dormant,467.81,8
CLTIND00260,dormant,10666.42,20
CLTIND00261,dormant,4339.87,12
CLTIND00262,dormant,977.88,13
CLTIND00263,dormant,8338.17,17
CLTIND00264,dormant,375.47,15
CLTIND00265,dormant,3971.29,19
CLTIND00266,dormant,724.37,8
CLTIND00268,dormant,1132.84,12
CLTIND00269,dormant,1005.65,5
CLTIND00270,dormant,20726.43,8
CLTIND00271,dormant,1701.38,10
CLTIND00273,dormant,3176.64,10
CLTIND00274,dormant,1195.99,14
CLTIND00275,dormant,101327.05,11
CLTIND00277,dormant,921.54,7
CLTIND00278,dormant,1810.83,9
CLTIND00279,dormant,4994.28,16
CLTIND00280,dormant,3872.11,20
CLTIND00281,dormant,8791.82,6
CLTIND00282,dormant,7294.75,12
CLTIND00283,dormant,3122.38,19
CLTIND00284,dormant,508.6,6
CLTIND00285,dormant,79902.81,16
CLTIND00286,dormant,51611.16,19
CLTIND00287,dormant,10658.71,9
CLTIND00288,dormant,21142.67,21
CLTIND00290,dormant,1819.47,9
CLTIND00291,dormant,827.49,14
CLTIND00292,dormant,11047.36,20
CLTIND00293,dormant,4713.26,15
CLTIND00295,dormant,10211.04,12
CLTIND00297,dormant,491.39,11
CLTIND00300,dormant,44867.1,20
CLTIND00301,dormant,284.52,7
CLTIND00302,dormant,12994.27,21
CLTIND00303,dormant,3421.76,13
CLTIND00304,dormant,2164.4,5
CLTIND00305,dormant,23962.47,12
CLTIND00306,dormant,4600.97,13
CLTIND00308,dormant,9744.86,13
CLTIND00309,dormant,4617.38,14
CLTIND00311,dormant,437.61,7
CLTIND00312,dormant,21101.13,10
CLTIND00313,dormant,3646.32,11
CLTIND00314,dormant,12225.04,9
CLTIND00316,dormant,6184.63,18
CLTIND00317,dormant,1326.84,8
CLTIND00318,dormant,2008.65,15
CLTIND00319,dormant,8489.45,15
CLTIND00320,dormant,1667.31,26
CLTIND00323,dormant,2981.56,14
CLTIND00324,dormant,1109.46,5
CLTIND00326,dormant,389.64,14
CLTIND00327,dormant,2917.07,21
CLTIND00330,dormant,3570.09,6
CLTIND00332,dormant,5185.56,10
CLTIND00333,dormant,2193.85,7
CLTIND00334,dormant,975.89,20
CLTIND00335,dormant,3995.87,5
CLTIND00336,dormant,2802.08,14
CLTIND00337,dormant,4296.27,12
CLTIND00338,dormant,2727.32,7
CLTIND00339,dormant,1222.53,7
CLTIND00340,dormant,10191.9,22
CLTIND00341,dormant,108188.78,12
CLTIND00342,dormant,11523.25,13
CLTIND00343,dormant,3406.23,7
CLTIND00344,dormant,10605.88,5
CLTIND00345,dormant,1228.01,14
CLTIND00346,dormant,15033.47,9
CLTIND00347,dormant,2650.34,15
CLTIND00350,dormant,2153.54,17
CLTIND00352,dormant,2302.99,6
CLTIND00353,dormant,6842.69,2
CLTIND00354,dormant,1725.54,14
CLTIND00355,dormant,2191.41,24
CLTIND00356,dormant,3229.99,11
CLTIND00357,dormant,7968.95,9
CLTIND00358,dormant,2817.75,18
CLTIND00359,dormant,4792.47,8
CLTIND00361,dormant,2804.48,7
CLTIND00362,dormant,3931.68,2
CLTIND00363,dormant,1843.5,5
CLTIND00364,dormant,24766.09,10
CLTIND00365,dormant,1394.59,13
CLTIND00366,dormant,1587.7,25
CLTIND00367,dormant,1559.2,6
CLTIND00369,dormant,3771.82,15
CLTIND00370,dormant,16652.35,16
CLTIND00371,dormant,8856.53,5
CLTIND00372,dormant,1518.64,6
CLTIND00373,dormant,3664.78,7
CLTIND00374,dormant,5823.74,8
CLTIND00375,dormant,3421.87,2
CLTIND00376,dormant,4039.83,8
CLTIND00377,dormant,1075.24,8
CLTIND00378,dormant,8104.46,15
CLTIND00379,dormant,4917.51,27
CLTIND00380,dormant,2984.42,17
CLTIND00381,dormant,5401.54,7
CLTIND00383,dormant,5388.67,6
CLTIND00384,dormant,8183.97,16
CLTIND00385,dormant,1517.39,5
CLTIND00386,dormant,1191.15,10
CLTIND00388,dormant,4421.92,8
CLTIND00390,dormant,9247.9,13
CLTIND00391,dormant,6956.04,5
CLTIND00392,dormant,2193.39,12
CLTIND00393,dormant,2713.21,23
CLTIND00394,dormant,3646.56,6
CLTIND00395,dormant,503.52,11
CLTIND00396,dormant,1244.29,18
CLTIND00397,dormant,6294.09,13
CLTIND00398,dormant,2054.59,11
CLTIND00399,dormant,4787.35,12
CLTIND00400,dormant,23629.97,3
CLTIND00401,dormant,4651.56,15
CLTIND00402,dormant,231.79,4
CLTIND00403,dormant,11251.86,8
CLTIND00405,dormant,6938.83,9
CLTIND00406,dormant,1610.81,5
CLTIND00407,dormant,20573.93,24
CLTIND00408,dormant,8651.98,7
CLTIND00411,dormant,2187.11,6
CLTIND00412,dormant,909.58,15
CLTIND00413,dormant,969.09,4
CLTIND00414,dormant,642.74,12
CLTIND00415,dormant,2764.23,16
CLTIND00416,dormant,645.16,22
CLTIND00417,dormant,3784.59,9
CLTIND00418,dormant,602.8,9
CLTIND00419,dormant,8956.44,11
CLTIND00420,dormant,776.71,1
CLTIND00421,dormant,3222.55,20
CLTIND00423,dormant,6198.92,12
CLTIND00424,dormant,2024.91,6
CLTIND00425,dormant,5322.21,11
CLTIND00426,dormant,403.21,10
CLTIND00427,dormant,294.09,20
CLTIND00428,dormant,1940.56,4
CLTIND00429,dormant,4492.79,11
CLTIND00430,dormant,1923.25,10
CLTIND00431,dormant,4137.84,24
CLTIND00432,dormant,4294.93,14
CLTIND00434,dormant,1798.71,11
CLTIND00435,dormant,1769.19,9
CLTIND00436,dormant,17978.81,11
CLTIND00437,dormant,601.46,11
CLTIND00438,dormant,3267.63,16
CLTIND00439,dormant,1215.45,13
CLTIND00440,dormant,540.89,15
CLTIND00441,dormant,11755.93,25
CLTIND00442,dormant,1940.17,4
CLTIND00443,dormant,2932.94,8
CLTIND00444,dormant,212.03,7
CLTIND00445,dormant,3717.81,13
CLTIND00446,dormant,1738.83,4
CLTIND00447,dormant,5603.48,18
CLTIND00448,dormant,3522.01,18
CLTIND00449,dormant,3398.51,10
CLTIND00450,dormant,2215.82,6
CLTIND00452,dormant,344.27,5
CLTIND00455,dormant,2803.09,10
CLTIND00456,dormant,1488.53,14
CLTIND00457,dormant,1623.85,4
CLTIND00458,dormant,1290.74,16
CLTIND00459,dormant,1129.46,16
CLTIND00460,dormant,4519.26,8
CLTIND00461,dormant,6838.73,11
CLTIND00462,dormant,4614.59,13
CLTIND00463,dormant,555.5,8
CLTIND00464,dormant,5089.49,11
CLTIND00466,dormant,556.43,12
CLTIND00467,dormant,4130.39,10
CLTIND00468,dormant,2459.94,8
CLTIND00469,dormant,1826.18,10
CLTIND00470,dormant,3538.39,13
CLTIND00473,dormant,3101.99,9
CLTIND00475,dormant,668.91,10
CLTIND00476,dormant,1277.11,10
CLTIND00477,dormant,2864.68,5
CLTIND00478,dormant,1917.85,9
CLTIND00479,dormant,9405.67,8
CLTIND00480,dormant,554.07,10
CLTIND00481,dormant,3805.66,8
CLTIND00483,dormant,2511.85,15
CLTIND00484,dormant,1016.83,14
CLTIND00485,dormant,491.58,9
CLTIND00486,dormant,505.43,2
CLTIND00487,dormant,6682.61,11
CLTIND00488,dormant,29653.96,17
CLTIND00489,dormant,2907.03,11
CLTIND00490,dormant,6623.79,9
CLTIND00491,dormant,2794.96,10
CLTIND00493,dormant,9874.91,13
CLTIND00495,dormant,960.26,13
CLTIND00496,dormant,1858.57,7
CLTIND00497,dormant,1877.04,6
CLTIND00498,dormant,5574.41,5
CLTIND00499,dormant,2391.83,10
CLTIND00500,dormant,1007.72,10
CLTIND00502,dormant,734.8,13
CLTIND00503,dormant,3191.12,15
CLTIND00505,dormant,6689.62,9
CLTIND00506,dormant,1096.77,6
CLTIND00507,dormant,5084.78,19
CLTIND00508,dormant,8517.72,10
CLTIND00510,dormant,3539.47,16
CLTIND00511,dormant,5769.3,8
CLTIND00512,dormant,33075.68,13
CLTIND00513,dormant,2741.25,5
CLTIND00514,dormant,3062.15,16
CLTIND00515,dormant,1056.59,4
CLTIND00517,dormant,33770.74,7
CLTIND00520,dormant,14372.9,9
CLTIND00521,dormant,7528.15,13
CLTIND00522,dormant,2479.26,5
CLTIND00523,dormant,2190.39,17
CLTIND00524,dormant,24443.39,11
CLTIND00525,dormant,961.64,7
CLTIND00526,dormant,16585.08,19
CLTIND00528,dormant,5849.42,3
CLTIND00529,dormant,6566.11,4
CLTIND00532,dormant,1157.69,12
CLTIND00533,dormant,4438.66,5
CLTIND00534,dormant,6130.56,10
CLTIND00535,dormant,1382.67,14
CLTIND00536,dormant,3252.43,8
CLTIND00537,dormant,1873.8,18
CLTIND00538,dormant,437.46,5
CLTIND00539,dormant,21891.4,5
CLTIND00540,dormant,5958.29,20
CLTIND00541,dormant,3413.32,9
CLTIND00544,dormant,9695.65,10
CLTIND00545,dormant,2403.71,9
CLTIND00546,dormant,3065.78,6
CLTIND00547,dormant,5643.21,16
CLTIND00548,dormant,2669.68,6
CLTIND00550,dormant,3094.62,20
CLTIND00551,dormant,2665.26,4
CLTIND00553,dormant,555.63,14
CLTIND00554,dormant,4115.69,13
CLTIND00555,dormant,4317.69,15
CLTIND00557,dormant,1445.87,12
CLTIND00558,dormant,5065.02,7
CLTIND00559,dormant,2317.73,8
CLTIND00560,dormant,983.23,16
CLTIND00561,dormant,2713.17,5
CLTIND00562,dormant,1988.73,15
CLTIND00563,dormant,4260.26,16
CLTIND00564,dormant,5612.35,12
CLTIND00565,dormant,12810.96,11
CLTIND00566,dormant,973.92,5
CLTIND00567,dormant,22394.38,22
CLTIND00568,dormant,6877.48,11
CLTIND00569,dormant,1481.17,14
CLTIND00571,dormant,9613.93,9
CLTIND00572,dormant,9077.12,6
CLTIND00573,dormant,5582.49,8
CLTIND00574,dormant,834.52,9
CLTIND00575,dormant,555.53,15
CLTIND00576,dormant,5873.9,24
CLTIND00577,dormant,4443.17,15
CLTIND00578,dormant,2628.65,7
CLTIND00579,dormant,417.34,2
CLTIND00580,dormant,502.55,8
CLTIND00581,dormant,422.2,13
CLTIND00582,dormant,17396.02,12
CLTIND00583,dormant,1708.76,9
CLTIND00586,dormant,4132.31,7
CLTIND00589,dormant,1745.85,12
CLTIND00590,dormant,858.8,6
CLTIND00591,dormant,16276.48,23
CLTIND00592,dormant,990.24,13
CLTIND00595,dormant,4150.27,10
CLTIND00596,dormant,1043.8,13
CLTIND00597,dormant,4129.88,11
CLTIND00598,dormant,2774.68,5
CLTIND00599,dormant,2368.15,6
CLTIND00600,dormant,238.74,10
CLTIND00601,dormant,13863.17,9
CLTIND00602,dormant,2176.47,5
CLTIND00603,dormant,602.12,19
CLTIND00604,dormant,1160.65,5
CLTIND00605,dormant,2994.03,13
CLTIND00606,dormant,1587.01,17
CLTIND00607,dormant,8056.17,11
CLTIND00608,dormant,2647.74,12
CLTIND00609,dormant,1076.76,9
CLTIND00610,dormant,8568.59,9
CLTIND00611,dormant,3555.11,8
CLTIND00612,dormant,920.13,14
CLTIND00613,dormant,3082.62,14
CLTIND00614,dormant,902.52,13
CLTIND00615,dormant,2002.71,9
CLTIND00617,dormant,4767.08,10
CLTIND00619,dormant,696.76,17
CLTIND00621,dormant,14168.73,20
CLTIND00622,dormant,8449.1,16
CLTIND00623,dormant,5990.33,4
CLTIND00624,dormant,2189.53,4
CLTIND00625,dormant,2130.37,4
CLTIND00626,dormant,7079.35,3
CLTIND00628,dormant,1328.59,13
CLTIND00629,dormant,60513.34,9
CLTIND00630,dormant,508.37,8
CLTIND00631,dormant,4806.96,17
CLTIND00632,dormant,1675.11,14
CLTIND00634,dormant,3079.77,9
CLTIND00635,dormant,1996.82,8
CLTIND00639,dormant,24089.27,10
CLTIND00640,dormant,1056.12,15
CLTIND00642,dormant,3190.34,8
CLTIND00643,dormant,3129.06,3
CLTIND00646,dormant,3724.59,9
CLTIND00647,dormant,2217.87,13
CLTIND00648,dormant,1588.39,8
CLTIND00650,dormant,2327.0,10
CLTIND00651,dormant,6506.77,10
CLTIND00653,dormant,3215.25,13
CLTIND00654,dormant,3003.34,14
CLTIND00655,dormant,13882.45,5
CLTIND00656,dormant,6013.34,6
CLTIND00657,dormant,1170.8,13
CLTIND00658,dormant,2790.82,19
CLTIND00659,dormant,2244.57,8
CLTIND00660,dormant,136.05,12
CLTIND00661,dormant,4499.66,3
CLTIND00662,dormant,7216.49,12
CLTIND00663,dormant,4953.24,13
CLTIND00664,dormant,933.72,11
CLTIND00665,dormant,1482.49,7
CLTIND00666,dormant,3767.65,3
CLTIND00667,dormant,1494.18,7
CLTIND00668,dormant,11227.35,3
CLTIND00669,dormant,5885.01,19
CLTIND00670,dormant,7117.62,8
CLTIND00671,dormant,4568.13,7
CLTIND00673,dormant,6217.35,10
CLTIND00674,dormant,5037.0,6
CLTIND00675,dormant,11053.95,12
CLTIND00676,dormant,5881.79,8
CLTIND00677,dormant,4677.97,10
CLTIND00678,dormant,17337.35,20
CLTIND00679,dormant,4222.84,14
CLTIND00682,dormant,12890.0,12
CLTIND00683,dormant,3670.55,3
CLTIND00684,dormant,22126.14,9
CLTIND00685,dormant,4982.37,13
CLTIND00687,dormant,477.2,8
CLTIND00688,dormant,4085.04,4
CLTIND00689,dormant,5942.61,4
CLTIND00690,dormant,298.16,11
CLTIND00691,dormant,479.65,11
CLTIND00693,dormant,2230.21,11
CLTIND00694,dormant,6593.68,6
CLTIND00695,dormant,2546.58,12
CLTIND00696,dormant,1141.96,8
CLTIND00697,dormant,3384.05,28
CLTIND00698,dormant,3064.4,11
CLTIND00699,dormant,3798.54,6
CLTIND00700,dormant,5471.01,14
CLTIND00701,dormant,2035.98,9
CLTIND00702,dormant,6610.45,5
CLTIND00703,dormant,2685.03,6
CLTIND00704,dormant,3261.51,5
CLTIND00705,dormant,22292.91,23
CLTIND00707,dormant,2599.59,15
CLTIND00709,dormant,2037.05,10
CLTIND00710,dormant,2908.49,13
CLTIND00711,dormant,1639.26,9
CLTIND00712,dormant,3679.48,7
CLTIND00713,dormant,15587.89,16
CLTIND00714,dormant,474.99,4
CLTIND00715,dormant,2881.61,10
CLTIND00716,dormant,4030.18,9
CLTIND00717,dormant,2352.72,8
CLTIND00718,dormant,4064.37,15
CLTIND00719,dormant,1965.39,7
CLTIND00720,dormant,13893.22,13
CLTIND00721,dormant,3231.11,15
CLTIND00722,dormant,2640.4,8
CLTIND00723,dormant,23444.6,10
CLTIND00724,dormant,6438.07,18
CLTIND00725,dormant,271.73,8
CLTIND00726,dormant,8792.79,23
CLTIND00727,dormant,5892.7,9
CLTIND00728,dormant,1484.54,11
CLTIND00729,dormant,984.65,2
CLTIND00732,dormant,6559.65,7
CLTIND00733,dormant,4174.67,5
CLTIND00734,dormant,1447.74,6
CLTIND00735,dormant,1912.03,12
CLTIND00736,dormant,1539.57,4
CLTIND00737,dormant,2108.84,9
CLTIND00738,dormant,4830.88,5
CLTIND00739,dormant,1788.34,16
CLTIND00740,dormant,2736.59,5
CLTIND00742,dormant,4957.71,14
CLTIND00743,dormant,4923.16,16
CLTIND00744,dormant,4517.85,16
CLTIND00745,dormant,776.02,9
CLTIND00746,dormant,6932.7,17
CLTIND00747,dormant,13518.34,9
CLTIND00748,dormant,4612.76,3
CLTIND00749,dormant,1516.54,8
CLTIND00751,dormant,843.4,10
CLTIND00752,dormant,492.99,7
CLTIND00753,dormant,7086.18,5
CLTIND00754,dormant,1308.78,18
CLTIND00755,dormant,802.44,1
CLTIND00756,dormant,6908.45,7
CLTIND00757,dormant,18062.5,20
CLTIND00758,dormant,2009.59,4
CLTIND00760,dormant,10238.71,20
CLTIND00761,dormant,57696.3,18
CLTIND00762,dormant,726.64,12
CLTIND00764,dormant,5140.62,12
CLTIND00765,dormant,324.4,8
CLTIND00766,dormant,2444.32,10
CLTIND00767,dormant,3147.57,6
CLTIND00768,dormant,3117.54,5
CLTIND00769,dormant,7145.91,24
CLTIND00770,dormant,1744.69,19
CLTIND00771,dormant,2216.4,21
CLTIND00772,dormant,1725.16,10
CLTIND00773,dormant,1652.93,7
CLTIND00774,dormant,9993.42,12
CLTIND00775,dormant,21886.43,12
CLTIND00776,dormant,8559.37,6
CLTIND00777,dormant,1934.96,6
CLTIND00778,dormant,10264.76,15
CLTIND00779,dormant,1169.38,2
CLTIND00780,dormant,3514.19,13
CLTIND00781,dormant,14409.2,20
CLTIND00782,dormant,9080.96,11
CLTIND00783,dormant,2186.55,13
CLTIND00784,dormant,4018.33,13
CLTIND00785,dormant,2098.98,27
CLTIND00787,dormant,12474.45,15
CLTIND00788,dormant,2208.27,14
CLTIND00789,dormant,5665.79,9
CLTIND00790,dormant,3312.68,23
CLTIND00791,dormant,9963.77,12
CLTIND00793,dormant,26635.33,11
CLTIND00794,dormant,8407.53,11
CLTIND00795,dormant,355.85,8
CLTIND00796,dormant,2707.83,12
CLTIND00797,dormant,3415.82,16
CLTIND00799,dormant,8078.08,2
CLTIND00800,dormant,3236.21,13
CLTIND00801,dormant,2015.36,19
CLTIND00802,dormant,5409.7,9
CLTIND00803,dormant,2279.69,8
CLTIND00804,dormant,5741.96,15
CLTIND00805,dormant,2462.58,8
CLTIND00806,dormant,417.24,10
CLTIND00807,dormant,3468.47,21
CLTIND00808,dormant,3614.5,6
CLTIND00809,dormant,5507.16,5
CLTIND00810,dormant,3811.57,11
CLTIND00811,dormant,644.72,11
CLTIND00814,dormant,3969.26,7
CLTIND00815,dormant,1234.12,9
CLTIND00816,dormant,2391.79,14
CLTIND00817,dormant,3678.01,18
CLTIND00818,dormant,1086.96,11
CLTIND00819,dormant,2240.48,17
CLTIND00820,dormant,1894.55,5
CLTIND00821,dormant,1108.25,6
CLTIND00822,dormant,13131.2,17
CLTIND00823,dormant,1701.17,10
CLTIND00825,dormant,2906.73,12
CLTIND00826,dormant,2009.78,18
CLTIND00827,dormant,39638.52,5
CLTIND00828,dormant,1550.78,3
CLTIND00829,dormant,5049.14,13
CLTIND00830,dormant,2021.53,15
CLTIND00831,dormant,1971.67,10
CLTIND00832,dormant,1592.73,4
CLTIND00834,dormant,363.73,9
CLTIND00835,dormant,7733.16,16
CLTIND00836,dormant,3343.96,5
CLTIND00837,dormant,4763.24,13
CLTIND00838,dormant,5467.43,10
CLTIND00839,dormant,23615.86,28
CLTIND00841,dormant,1282.19,11
CLTIND00843,dormant,10175.33,8
CLTIND00844,dormant,11206.58,7
CLTIND00845,dormant,10568.24,29
CLTIND00847,dormant,12865.32,8
CLTIND00848,dormant,4337.48,20
CLTIND00849,dormant,1973.66,11
CLTIND00850,dormant,13630.59,14
CLTIND00851,dormant,4332.66,11
CLTIND00852,dormant,468.25,10
CLTIND00853,dormant,6180.65,15
CLTIND00854,dormant,34428.7,12
CLTIND00855,dormant,3565.87,10
CLTIND00857,dormant,6042.32,14
CLTIND00859,dormant,1779.86,8
CLTIND00862,dormant,1155.41,21
CLTIND00863,dormant,3661.83,14
CLTIND00864,dormant,4652.87,10
CLTIND00865,dormant,483.52,11
CLTIND00866,dormant,643.39,18
CLTIND00867,dormant,43032.65,17
CLTIND00869,dormant,1772.95,23
CLTIND00871,dormant,3084.86,15
CLTIND00872,dormant,4874.46,13
CLTIND00875,dormant,7041.54,9
CLTIND00876,dormant,591.34,9
CLTIND00878,dormant,3043.11,13
CLTIND00879,dormant,6170.22,13
CLTIND00880,dormant,82561.08,10
CLTIND00883,dormant,3951.08,8
CLTIND00884,dormant,3710.02,13
CLTIND00885,dormant,19285.38,11
CLTIND00886,dormant,1346.62,10
CLTIND00888,dormant,9440.04,18
CLTIND00891,dormant,5092.6,8
CLTIND00892,dormant,2290.86,10
CLTIND00893,dormant,6703.72,11
CLTIND00894,dormant,2374.12,10
CLTIND00895,dormant,1807.49,1
CLTIND00896,dormant,4898.68,14
CLTIND00897,dormant,3536.35,8
CLTIND00898,dormant,1429.53,6
CLTIND00899,dormant,3560.23,10
CLTIND00900,dormant,9188.63,28
CLTIND00901,dormant,8384.91,9
CLTIND00902,dormant,4004.27,4
CLTIND00903,dormant,7267.01,12
CLTIND00904,dormant,11392.16,10
CLTIND00905,dormant,4204.66,8
CLTIND00907,dormant,58536.24,12
CLTIND00909,dormant,2217.65,12
CLTIND00910,dormant,1578.44,9
CLTIND00911,dormant,2033.52,12
CLTIND00912,dormant,4939.85,7
CLTIND00913,dormant,13887.3,17
CLTIND00914,dormant,8977.47,13
CLTIND00915,dormant,2044.16,20
CLTIND00916,dormant,1822.16,13
CLTIND00917,dormant,4421.59,16
CLTIND00918,dormant,25992.0,10
CLTIND00919,dormant,2971.4,13
CLTIND00920,dormant,271.12,9
CLTIND00921,dormant,7913.48,11
CLTIND00922,dormant,19122.42,12
CLTIND00924,dormant,16308.35,7
CLTIND00925,dormant,3964.5,10
CLTIND00926,dormant,2517.37,6
CLTIND00927,dormant,3306.69,16
CLTIND00928,dormant,4196.55,5
CLTIND00929,dormant,974.22,2
CLTIND00930,dormant,1983.04,7
CLTIND00931,dormant,467.94,10
CLTIND00932,dormant,1663.8,2
CLTIND00933,dormant,12019.79,16
CLTIND00934,dormant,8793.49,18
CLTIND00936,dormant,2873.23,10
CLTIND00937,dormant,1297.85,7
CLTIND00938,dormant,4423.38,19
CLTIND00939,dormant,10133.86,14
CLTIND00940,dormant,3251.46,18
CLTIND00941,dormant,5510.27,27
CLTIND00942,dormant,495.46,9
CLTIND00943,dormant,31665.74,6
CLTIND00945,dormant,730.45,3
CLTIND00946,dormant,8503.43,29
CLTIND00947,dormant,1458.21,9
CLTIND00951,dormant,4003.05,6
CLTIND00952,dormant,6319.01,14
CLTIND00954,dormant,842.43,10
CLTIND00956,dormant,5557.66,7
CLTIND00959,dormant,4179.18,16
CLTIND00960,dormant,971.82,10
CLTIND00961,dormant,9340.81,11
CLTIND00963,dormant,2613.75,8
CLTIND00964,dormant,3400.03,8
CLTIND00966,dormant,2608.72,7
CLTIND00967,dormant,1081.37,4
CLTIND00968,dormant,1703.17,16
CLTIND00969,dormant,11654.95,8
CLTIND00972,dormant,2744.37,4
CLTIND00973,dormant,338.8,11
CLTIND00974,dormant,2683.11,16
CLTIND00975,dormant,606.4,4
CLTIND00976,dormant,1957.03,11
CLTIND00977,dormant,830.59,7
CLTIND00978,dormant,3301.84,15
CLTIND00979,dormant,2683.2,17
CLTIND00980,dormant,17746.44,15
CLTIND00981,dormant,40744.5,11
CLTIND00982,dormant,983.46,21
CLTIND00984,dormant,1506.43,14
CLTIND00985,dormant,2788.01,22
CLTIND00987,dormant,946.86,9
CLTIND00988,dormant,3162.13,5
CLTIND00989,dormant,2017.38,4
CLTIND00990,dormant,16485.07,14
CLTIND00991,dormant,22292.06,19
CLTIND00993,dormant,1834.53,8
CLTIND00994,dormant,6019.41,8
CLTIND00995,dormant,7193.76,7
CLTIND00996,dormant,15490.72,11
CLTIND00997,dormant,1209.42,12
CLTIND00998,dormant,852.8,4
CLTIND00999,dormant,4989.08,9
CLTIND01000,dormant,2815.41,11
CLTIND01001,dormant,1466.05,13
CLTIND01002,dormant,7254.87,10
CLTIND01004,dormant,5174.81,20
CLTIND01006,dormant,2062.95,15
CLTIND01007,dormant,39255.19,4
CLTIND01008,dormant,1225.27,4
CLTIND01009,dormant,7023.52,5
CLTIND01010,dormant,6065.33,23
CLTIND01011,dormant,1347.51,12
CLTIND01013,dormant,56875.09,7
CLTIND01015,dormant,1109.05,16
CLTIND01016,dormant,1579.72,6
CLTIND01018,dormant,1621.63,8
CLTIND01019,dormant,9908.5,13
CLTIND01020,dormant,1798.67,8
CLTIND01021,dormant,4391.64,7
CLTIND01023,dormant,3431.98,17
CLTIND01024,dormant,45266.85,10
CLTIND01025,dormant,4085.22,6
CLTIND01027,dormant,1810.7,10
CLTIND01028,dormant,1881.72,13
CLTIND01029,dormant,1626.24,12
CLTIND01030,dormant,12605.72,12
CLTIND01031,dormant,464.8,10
CLTIND01032,dormant,2442.22,10
CLTIND01033,dormant,8077.69,11
CLTIND01035,dormant,1300.43,16
CLTIND01036,dormant,1543.11,12
CLTIND01038,dormant,15188.18,17
CLTIND01040,dormant,3482.07,12
CLTIND01041,dormant,4234.47,5
CLTIND01042,dormant,1148.57,9
CLTIND01043,dormant,3456.1,8
CLTIND01044,dormant,14720.91,4
CLTIND01046,dormant,6076.38,16
CLTIND01047,dormant,26028.57,1
CLTIND01048,dormant,5011.9,12
CLTIND01049,dormant,5004.93,13
CLTIND01050,dormant,185.27,5
CLTIND01051,dormant,1970.5,12
CLTIND01052,dormant,18178.51,6
CLTIND01054,dormant,4129.43,12
CLTIND01056,dormant,1621.43,4
CLTIND01058,dormant,827.1,8
CLTIND01059,dormant,2361.6,21
CLTIND01062,dormant,1742.28,18
CLTIND01064,dormant,284.37,10
CLTIND01065,dormant,28653.92,13
CLTIND01067,dormant,10290.23,13
CLTIND01069,dormant,18762.72,14
CLTIND01072,dormant,1325.83,7
CLTIND01073,dormant,1328.14,20
CLTIND01074,dormant,1796.76,14
CLTIND01075,dormant,3449.28,5
CLTIND01076,dormant,414.02,8
CLTIND01077,dormant,1167.6,10
CLTIND01078,dormant,2791.28,14
CLTIND01079,dormant,2133.28,9
CLTIND01080,dormant,6813.36,23
CLTIND01081,dormant,1254.48,12
CLTIND01084,dormant,3385.94,8
CLTIND01087,dormant,8549.9,19
CLTIND01089,dormant,1611.36,6
CLTIND01090,dormant,2569.85,13
CLTIND01092,dormant,2088.92,18
CLTIND01093,dormant,5780.11,9
CLTIND01094,dormant,2922.95,11
CLTIND01095,dormant,2597.54,12
CLTIND01096,dormant,11187.35,16
CLTIND01097,dormant,9425.14,8
CLTIND01098,dormant,23328.99,21
CLTIND01099,dormant,2308.88,6
CLTIND01100,dormant,3929.46,11
CLTIND01101,dormant,5731.43,7
CLTIND01102,dormant,31088.21,30
CLTIND01103,dormant,616.5,11
CLTIND01104,dormant,1187.64,6
CLTIND01105,dormant,2731.83,11
CLTIND01106,dormant,743.04,15
CLTIND01109,dormant,3374.48,18
CLTIND01111,dormant,731.91,8
CLTIND01112,dormant,6600.47,21
CLTIND01114,dormant,6006.3,11
CLTIND01115,dormant,357.13,6
CLTIND01117,dormant,6822.21,17
CLTIND01118,dormant,3233.43,8
CLTIND01120,dormant,5954.49,15
CLTIND01122,dormant,1977.36,14
CLTIND01124,dormant,1440.15,8
CLTIND01125,dormant,6573.21,7
CLTIND01130,dormant,6537.95,7
CLTIND01131,dormant,7394.39,7
CLTIND01132,dormant,11057.46,11
CLTIND01134,dormant,6541.16,8
CLTIND01135,dormant,2342.02,11
CLTIND01137,dormant,34762.4,8
CLTIND01139,dormant,770.87,12
CLTIND01143,dormant,1202.45,18
CLTIND01144,dormant,5131.61,16
CLTIND01145,dormant,1166.89,13
CLTIND01146,dormant,1260.25,10
CLTIND01147,dormant,2594.2,6
CLTIND01148,dormant,1959.25,7
CLTIND01149,dormant,2355.07,3
CLTIND01151,dormant,947.51,21
CLTIND01152,dormant,2423.53,6
CLTIND01153,dormant,2150.84,5
CLTIND01154,dormant,859.07,12
CLTIND01155,dormant,5389.63,12
CLTIND01156,dormant,180.79,7
CLTIND01157,dormant,6220.25,7
CLTIND01158,dormant,1632.61,17
CLTIND01159,dormant,1105.98,7
CLTIND01161,dormant,4314.16,16
CLTIND01162,dormant,9912.98,15
CLTIND01164,dormant,2934.18,19
CLTIND01165,dormant,1153.23,5
CLTIND01166,dormant,43430.16,8
CLTIND01167,dormant,2001.14,8
CLTIND01168,dormant,3889.29,22
CLTIND01170,dormant,11933.3,16
CLTIND01171,dormant,1651.53,8
CLTIND01172,dormant,1421.4,7
CLTIND01174,dormant,1335.51,9
CLTIND01175,dormant,6329.71,9
CLTIND01176,dormant,15159.91,19
CLTIND01177,dormant,2704.5,15
CLTIND01178,dormant,4139.1,15
CLTIND01179,dormant,5686.39,20
CLTIND01180,dormant,1572.76,9
CLTIND01181,dormant,9744.04,10
CLTIND01182,dormant,3264.5,18
CLTIND01183,dormant,939.94,14
CLTIND01184,dormant,3765.82,8
CLTIND01185,dormant,1124.69,12
CLTIND01186,dormant,5322.05,9
CLTIND01187,dormant,3151.17,15
CLTIND01188,dormant,14192.03,5
CLTIND01189,dormant,5364.78,19
CLTIND01190,dormant,5141.38,12
CLTIND01191,dormant,6195.6,8
CLTIND01192,dormant,15801.8,29
CLTIND01193,dormant,13141.37,13
CLTIND01194,dormant,7820.37,17
CLTIND01197,dormant,17577.38,10
CLTIND01198,dormant,7087.81,10
CLTIND01199,dormant,4413.16,10
CLTIND01200,dormant,3730.74,23
CLTIND01201,dormant,969.04,11
CLTIND01202,dormant,1687.21,9
CLTIND01203,dormant,943.84,11
CLTIND01204,dormant,20895.46,8
CLTIND01205,dormant,1938.91,8
CLTIND01206,dormant,4893.38,20
CLTIND01207,dormant,2229.23,12
CLTIND01208,dormant,3035.38,7
CLTIND01209,dormant,2799.77,13
CLTIND01210,dormant,695.09,7
CLTIND01211,dormant,42922.86,7
CLTIND01212,dormant,5281.48,9
CLTIND01214,dormant,13434.66,16
CLTIND01216,dormant,707.6,4
CLTIND01217,dormant,1965.42,26
CLTIND01218,dormant,15169.31,13
CLTIND01219,dormant,282.41,6
CLTIND01221,dormant,627.31,5
CLTIND01222,dormant,3791.57,5
CLTIND01223,dormant,245.21,13
CLTIND01224,dormant,3113.43,11
CLTIND01225,dormant,2376.66,6
CLTIND01226,dormant,883.42,17
CLTIND01227,dormant,16549.85,12
CLTIND01229,dormant,445.24,8
CLTIND01230,dormant,11493.03,3
CLTIND01231,dormant,7234.5,14
CLTIND01233,dormant,4659.13,8
CLTIND01234,dormant,28737.63,9
CLTIND01235,dormant,6009.81,23
CLTIND01236,dormant,1478.26,8
CLTIND01237,dormant,17628.84,17
CLTIND01238,dormant,3351.41,15
CLTIND01239,dormant,13756.41,3
CLTIND01240,dormant,5521.23,6
CLTIND01241,dormant,445.65,7
CLTIND01242,dormant,5084.88,7
CLTIND01243,dormant,22463.11,18
CLTIND01244,dormant,6130.18,16
CLTIND01245,dormant,7727.63,8
CLTIND01246,dormant,1118.29,19
CLTIND01247,dormant,8105.95,19
CLTIND01249,dormant,2875.56,6
CLTIND01250,dormant,4653.62,21
CLTIND01251,dormant,7865.77,13
CLTIND01253,dormant,10226.62,8
CLTIND01254,dormant,21873.59,22
CLTIND01255,dormant,5474.52,17
CLTIND01256,dormant,10254.81,17
CLTIND01257,dormant,8725.36,20
CLTIND01258,dormant,973.71,12
CLTIND01260,dormant,5648.53,10
CLTIND01261,dormant,11747.83,20
CLTIND01265,dormant,26025.05,29
CLTIND01266,dormant,2704.93,9
CLTIND01267,dormant,5077.44,15
CLTIND01269,dormant,650.94,8
CLTIND01270,dormant,659.21,18
CLTIND01271,dormant,1247.52,11
CLTIND01272,dormant,3223.94,10
CLTIND01273,dormant,1589.69,10
CLTIND01274,dormant,1495.09,5
CLTIND01276,dormant,2263.76,18
CLTIND01278,dormant,3366.46,6
CLTIND01280,dormant,2230.74,9
CLTIND01281,dormant,18395.67,15
CLTIND01282,dormant,2250.03,13
CLTIND01283,dormant,16189.2,11
CLTIND01284,dormant,3634.93,17
CLTIND01285,dormant,3176.95,16
CLTIND01286,dormant,5830.61,14
CLTIND01287,dormant,5036.94,7
CLTIND01288,dormant,5585.35,20
CLTIND01289,dormant,11260.34,13
CLTIND01290,dormant,1041.08,17
CLTIND01291,dormant,1937.64,15
CLTIND01292,dormant,1846.53,11
CLTIND01294,dormant,4450.84,7
CLTIND01295,dormant,1368.79,6
CLTIND01296,dormant,1648.07,12
CLTIND01297,dormant,3060.81,10
CLTIND01298,dormant,5221.1,8
CLTIND01299,dormant,1540.76,14
CLTIND01300,dormant,2141.75,13
CLTIND01301,dormant,2473.13,12
CLTIND01302,dormant,19610.66,12
CLTIND01303,dormant,2560.38,13
CLTIND01304,dormant,11350.09,12
CLTIND01305,dormant,2058.56,15
CLTIND01306,dormant,8301.75,13
CLTIND01308,dormant,649.74,6
CLTIND01310,dormant,3002.93,8
CLTIND01311,dormant,18111.92,11
CLTIND01312,dormant,17132.41,11
CLTIND01313,dormant,2738.38,6
CLTIND01315,dormant,1078.58,12
CLTIND01316,dormant,37462.97,15
CLTIND01317,dormant,2888.17,15
CLTIND01318,dormant,3909.97,4
CLTIND01319,dormant,7099.48,18
CLTIND01320,dormant,1000.32,18
CLTIND01322,dormant,10613.77,15
CLTIND01323,dormant,15614.32,13
CLTIND01324,dormant,2552.42,3
CLTIND01325,dormant,701.83,3
CLTIND01326,dormant,3145.96,9
CLTIND01327,dormant,8431.89,18
CLTIND01329,dormant,2166.08,7
CLTIND01330,dormant,3264.53,8
CLTIND01331,dormant,10786.67,7
CLTIND01334,dormant,2269.83,10
CLTIND01336,dormant,1456.35,6
CLTIND01338,dormant,6016.91,6
CLTIND01339,dormant,1927.67,20
CLTIND01340,dormant,3241.17,11
CLTIND01341,dormant,9901.61,13
CLTIND01343,dormant,4063.73,16
CLTIND01344,dormant,3521.62,9
CLTIND01345,dormant,315.24,3
CLTIND01346,dormant,4104.56,10
CLTIND01348,dormant,24000.02,10
CLTIND01349,dormant,1840.79,11
CLTIND01350,dormant,343.25,4
CLTIND01351,dormant,9410.61,5
CLTIND01352,dormant,1582.54,7
CLTIND01353,dormant,12529.67,13
CLTIND01354,dormant,13063.17,14
CLTIND01355,dormant,6520.5,15
CLTIND01356,dormant,5567.78,5
CLTIND01357,dormant,1885.74,6
CLTIND01358,dormant,30281.24,15
CLTIND01360,dormant,20374.25,16
CLTIND01362,dormant,10101.13,8
CLTIND01363,dormant,4270.23,6
CLTIND01364,dormant,6479.43,19
CLTIND01365,dormant,1578.76,6
CLTIND01366,dormant,4036.93,10
CLTIND01367,dormant,5830.48,3
CLTIND01368,dormant,817.5,8
CLTIND01370,dormant,3423.61,21
CLTIND01371,dormant,6416.46,16
CLTIND01372,dormant,4775.65,10
CLTIND01374,dormant,2791.18,18
CLTIND01375,dormant,1476.23,10
CLTIND01376,dormant,6376.54,7
CLTIND01379,dormant,639.59,5
CLTIND01380,dormant,5552.53,7
CLTIND01381,dormant,5374.14,14
CLTIND01382,dormant,4463.55,5
CLTIND01383,dormant,29585.65,4
CLTIND01384,dormant,6940.86,12
CLTIND01385,dormant,35673.87,15
CLTIND01386,dormant,1661.67,9
CLTIND01387,dormant,1653.76,8
CLTIND01388,dormant,10718.93,7
CLTIND01389,dormant,2425.21,10
CLTIND01390,dormant,4590.34,13
CLTIND01391,dormant,1861.74,17
CLTIND01392,dormant,3223.12,8
CLTIND01393,dormant,15117.44,15
CLTIND01394,dormant,3669.14,17
CLTIND01395,dormant,5085.09,31
CLTIND01397,dormant,933.61,11
CLTIND01398,dormant,23398.07,21
CLTIND01399,dormant,5218.64,7
CLTIND01400,dormant,9088.37,11
CLTIND01401,dormant,2986.37,24
CLTIND01402,dormant,17609.43,12
CLTIND01403,dormant,5448.57,9
CLTIND01405,dormant,2082.06,11
CLTIND01406,dormant,14867.92,11
CLTIND01407,dormant,4983.24,7
CLTIND01409,dormant,2184.79,12
CLTIND01410,dormant,3464.38,20
CLTIND01411,dormant,2649.53,11
CLTIND01412,dormant,2182.86,11
CLTIND01414,dormant,1796.03,19
CLTIND01415,dormant,61555.75,13
CLTIND01417,dormant,1233.44,7
CLTIND01418,dormant,8893.84,27
CLTIND01419,dormant,733.76,21
CLTIND01420,dormant,1221.47,10
CLTIND01421,dormant,6298.95,15
CLTIND01422,dormant,12385.64,17
CLTIND01424,dormant,38215.46,18
CLTIND01425,dormant,36680.58,9
CLTIND01426,dormant,12943.69,17
CLTIND01428,dormant,1286.08,19
CLTIND01430,dormant,1458.13,8
CLTIND01431,dormant,8696.63,11
CLTIND01433,dormant,15865.0,5
CLTIND01434,dormant,12210.79,11
CLTIND01435,dormant,12779.47,9
CLTIND01436,dormant,6701.9,8
CLTIND01437,dormant,802.97,8
CLTIND01439,dormant,16225.58,15
CLTIND01440,dormant,669.77,10
CLTIND01441,dormant,15763.96,6
CLTIND01442,dormant,1376.07,11
CLTIND01443,dormant,1054.58,5
CLTIND01444,dormant,20654.54,12
CLTIND01447,dormant,3691.57,17
CLTIND01448,dormant,1010.84,9
CLTIND01449,dormant,3583.47,10
CLTIND01451,dormant,5618.68,11
CLTIND01452,dormant,1729.56,12
CLTIND01453,dormant,2092.62,11
CLTIND01454,dormant,2946.88,8
CLTIND01456,dormant,19571.42,5
CLTIND01457,dormant,2949.25,10
CLTIND01458,dormant,2726.71,2
CLTIND01459,dormant,1687.61,12
CLTIND01460,dormant,949.72,7
CLTIND01461,dormant,5248.65,10
CLTIND01462,dormant,769.81,10
CLTIND01463,dormant,27951.22,11
CLTIND01464,dormant,2289.68,17
CLTIND01465,dormant,1320.31,6
CLTIND01466,dormant,32594.17,19
CLTIND01467,dormant,2010.92,4
CLTIND01468,dormant,12183.29,10
CLTIND01469,dormant,2359.62,6
CLTIND01470,dormant,169.39,6
CLTIND01471,dormant,3398.24,11
CLTIND01473,dormant,1569.58,18
CLTIND01474,dormant,7352.64,9
CLTIND01476,dormant,1257.11,7
CLTIND01477,dormant,7977.8,12
CLTIND01478,dormant,11047.58,13
CLTIND01479,dormant,1449.58,1
CLTIND01480,dormant,833.79,6
CLTIND01482,dormant,2861.78,5
CLTIND01483,dormant,15083.8,22
CLTIND01484,dormant,815.37,18
CLTIND01485,dormant,3014.67,13
CLTIND01487,dormant,4967.01,21
CLTIND01489,dormant,6803.77,14
CLTIND01491,dormant,1615.28,8
CLTIND01492,dormant,1800.37,16
CLTIND01496,dormant,2362.67,5
CLTIND01497,dormant,3152.86,11
CLTIND01498,dormant,1594.3,10
CLTIND01499,dormant,1734.54,19
CLTIND01500,dormant,468.45,12
CLTIND01501,dormant,1835.32,11
CLTIND01502,dormant,14531.67,10
CLTIND01503,dormant,7783.65,8
CLTIND01504,dormant,868.85,10
CLTIND01505,dormant,1222.58,7
CLTIND01506,dormant,1028.02,9
CLTIND01507,dormant,664.4,5
CLTIND01508,dormant,9778.07,20
CLTIND01509,dormant,5896.21,18
CLTIND01510,dormant,1026.77,6
CLTIND01512,dormant,1392.74,7
CLTIND01513,dormant,390.73,5
CLTIND01514,dormant,2400.82,3
CLTIND01515,dormant,3299.76,9
CLTIND01516,dormant,2791.54,7
CLTIND01517,dormant,3343.31,12
CLTIND01518,dormant,4451.43,9
CLTIND01519,dormant,11167.68,8
CLTIND01520,dormant,1057.36,11
CLTIND01521,dormant,1907.31,6
CLTIND01522,dormant,1427.38,17
CLTIND01523,dormant,6546.14,6
CLTIND01524,dormant,569.47,12
CLTIND01525,dormant,686.9,9
CLTIND01526,dormant,5262.54,8
CLTIND01527,dormant,2318.83,9
CLTIND01528,dormant,1681.39,5
CLTIND01529,dormant,1161.67,7
CLTIND01530,dormant,8275.73,12
CLTIND01531,dormant,1842.62,11
CLTIND01533,dormant,638.66,9
CLTIND01535,dormant,32270.05,21
CLTIND01537,dormant,3886.47,12
CLTIND01538,dormant,1402.91,7
CLTIND01539,dormant,2362.43,10
CLTIND01540,dormant,1049.59,24
CLTIND01541,dormant,2485.78,16
CLTIND01542,dormant,2820.47,5
CLTIND01543,dormant,1059.45,10
CLTIND01544,dormant,3255.82,7
CLTIND01545,dormant,2533.85,7
CLTIND01547,dormant,907.29,8
CLTIND01548,dormant,214.69,16
CLTIND01549,dormant,6942.9,5
CLTIND01550,dormant,1389.11,4
CLTIND01552,dormant,1556.73,11
CLTIND01554,dormant,2686.64,9
CLTIND01555,dormant,2120.82,22
CLTIND01556,dormant,4842.88,8
CLTIND01557,dormant,2067.99,17
CLTIND01558,dormant,12898.18,2
CLTIND01559,dormant,7521.82,3
CLTIND01562,dormant,2730.52,12
CLTIND01564,dormant,1865.9,6
CLTIND01565,dormant,2600.83,5
CLTIND01566,dormant,3531.3,10
CLTIND01567,dormant,371.34,7
CLTIND01569,dormant,3797.41,5
CLTIND01571,dormant,198.69,4
CLTIND01572,dormant,5899.99,14
CLTIND01573,dormant,3379.23,6
CLTIND01575,dormant,2630.84,4
CLTIND01576,dormant,2379.42,8
CLTIND01577,dormant,9418.11,16
CLTIND01579,dormant,4790.14,11
CLTIND01580,dormant,1505.53,10
CLTIND01581,dormant,1415.25,14
CLTIND01582,dormant,1644.55,11
CLTIND01583,dormant,5262.07,17
CLTIND01584,dormant,665.33,8
CLTIND01585,dormant,1045.74,7
CLTIND01586,dormant,3286.53,8
CLTIND01587,dormant,419.74,6
CLTIND01588,dormant,7113.05,15
CLTIND01589,dormant,493.0,18
CLTIND01590,dormant,5718.22,10
CLTIND01592,dormant,1305.75,10
CLTIND01593,dormant,56322.16,11
CLTIND01595,dormant,2916.86,11
CLTIND01596,dormant,1151.09,6
CLTIND01597,dormant,1793.75,8
CLTIND01598,dormant,7000.54,15
CLTIND01599,dormant,1934.26,6
CLTIND01601,dormant,2816.06,4
CLTIND01603,dormant,14509.12,6
CLTIND01604,dormant,379.08,3
CLTIND01607,dormant,7847.24,7
CLTIND01608,dormant,9466.36,3
CLTIND01609,dormant,318.92,8
CLTIND01610,dormant,6389.82,8
CLTIND01611,dormant,2344.51,12
CLTIND01612,dormant,16164.45,12
CLTIND01613,dormant,8674.81,10
CLTIND01615,dormant,5648.2,6
CLTIND01616,dormant,9616.43,15
CLTIND01617,dormant,5178.74,9
CLTIND01618,dormant,6555.65,12
CLTIND01619,dormant,10905.12,11
CLTIND01620,dormant,40582.44,18
CLTIND01621,dormant,3355.15,15
CLTIND01622,dormant,456.82,16
CLTIND01623,dormant,1466.65,14
CLTIND01624,dormant,1240.47,14
CLTIND01626,dormant,678.82,7
CLTIND01627,dormant,1957.09,16
CLTIND01628,dormant,1171.6,10
CLTIND01630,dormant,2369.36,12
CLTIND01631,dormant,3736.81,15
CLTIND01632,dormant,592.84,6
CLTIND01633,dormant,9947.93,3
CLTIND01634,dormant,11266.93,11
CLTIND01636,dormant,3763.05,4
CLTIND01637,dormant,4497.04,17
CLTIND01638,dormant,3462.82,6
CLTIND01639,dormant,252.23,6
CLTIND01640,dormant,6426.67,23
CLTIND01641,dormant,4124.96,12
CLTIND01642,dormant,2033.76,6
CLTIND01643,dormant,807.52,16
CLTIND01644,dormant,2269.83,13
CLTIND01646,dormant,21171.29,10
CLTIND01648,dormant,18907.77,10
CLTIND01650,dormant,7135.62,9
CLTIND01651,dormant,3245.3,4
CLTIND01653,dormant,4619.18,11
CLTIND01654,dormant,397.16,8
CLTIND01655,dormant,4152.72,13
CLTIND01656,dormant,2240.76,14
CLTIND01658,dormant,2957.62,7
CLTIND01659,dormant,1504.7,10
CLTIND01660,dormant,5417.33,6
CLTIND01663,dormant,2188.7,8
CLTIND01664,dormant,1851.12,12
CLTIND01665,dormant,4607.45,10
CLTIND01667,dormant,10544.81,14
CLTIND01668,dormant,33317.35,8
CLTIND01669,dormant,10166.35,16
CLTIND01670,dormant,4140.3,24
CLTIND01672,dormant,4433.42,20
CLTIND01673,dormant,22656.03,8
CLTIND01674,dormant,21798.26,5
CLTIND01675,dormant,783.89,7
CLTIND01676,dormant,1093.82,9
CLTIND01677,dormant,2466.05,13
CLTIND01678,dormant,7073.1,15
CLTIND01679,dormant,2460.34,12
CLTIND01680,dormant,1197.51,4
CLTIND01681,dormant,5078.32,19
CLTIND01683,dormant,3373.4,6
CLTIND01684,dormant,14719.98,13
CLTIND01685,dormant,762.73,6
CLTIND01686,dormant,2746.31,21
CLTIND01687,dormant,2398.58,13
CLTIND01688,dormant,3875.62,4
CLTIND01689,dormant,4835.22,11
CLTIND01690,dormant,3785.23,8
CLTIND01692,dormant,3011.08,9
CLTIND01693,dormant,2164.12,8
CLTIND01694,dormant,4226.72,6
CLTIND01695,dormant,1472.67,4
CLTIND01697,dormant,10595.77,9
CLTIND01698,dormant,5951.58,7
CLTIND01700,dormant,3930.93,8
CLTIND01701,dormant,1224.61,13
CLTIND01703,dormant,6606.67,8
CLTIND01704,dormant,13447.91,10
CLTIND01705,dormant,2459.32,15
CLTIND01706,dormant,14149.82,16
CLTIND01707,dormant,1408.44,15
CLTIND01708,dormant,1915.37,12
CLTIND01709,dormant,5316.85,10
CLTIND01710,dormant,3672.22,14
CLTIND01711,dormant,811.59,23
CLTIND01712,dormant,12002.59,11
CLTIND01713,dormant,11526.48,10
CLTIND01715,dormant,2265.04,4
CLTIND01716,dormant,5491.76,7
CLTIND01717,dormant,2976.27,14
CLTIND01718,dormant,37365.52,14
CLTIND01719,dormant,3502.39,13
CLTIND01720,dormant,1237.95,20
CLTIND01722,dormant,12115.83,20
CLTIND01723,dormant,206.81,9
CLTIND01725,dormant,3193.98,8
CLTIND01727,dormant,263.67,7
CLTIND01728,dormant,7707.1,9
CLTIND01729,dormant,2548.57,9
CLTIND01730,dormant,3844.16,8
CLTIND01731,dormant,3039.5,6
CLTIND01733,dormant,1610.69,14
CLTIND01734,dormant,12632.99,5
CLTIND01735,dormant,1436.8,6
CLTIND01736,dormant,1324.31,24
CLTIND01738,dormant,31722.96,19
CLTIND01739,dormant,337.11,3
CLTIND01741,dormant,1457.86,6
CLTIND01742,dormant,4815.58,12
CLTIND01743,dormant,2954.08,11
CLTIND01744,dormant,4033.33,9
CLTIND01745,dormant,8595.08,10
CLTIND01746,dormant,257.87,10
CLTIND01748,dormant,4212.93,9
CLTIND01750,dormant,18807.9,13
CLTIND01751,dormant,15626.12,9
CLTIND01752,dormant,12579.95,14
CLTIND01753,dormant,4409.77,3
CLTIND01754,dormant,2425.23,14
CLTIND01755,dormant,553.28,5
CLTIND01756,dormant,3654.69,17
CLTIND01757,dormant,5046.64,20
CLTIND01758,dormant,3595.99,6
CLTIND01759,dormant,6735.75,12
CLTIND01760,dormant,2549.09,6
CLTIND01761,dormant,4481.25,10
CLTIND01762,dormant,2385.14,2
CLTIND01763,dormant,20354.47,21
CLTIND01764,dormant,22799.59,15
CLTIND01765,dormant,4081.66,10
CLTIND01766,dormant,1303.61,12
CLTIND01768,dormant,4330.41,10
CLTIND01770,dormant,835.62,4
CLTIND01771,dormant,5401.64,15
CLTIND01772,dormant,3341.16,11
CLTIND01773,dormant,2238.95,9
CLTIND01774,dormant,593.11,17
CLTIND01775,dormant,1079.24,13
CLTIND01776,dormant,32696.8,11
CLTIND01777,dormant,1823.45,9
CLTIND01778,dormant,5947.57,5
CLTIND01779,dormant,1171.43,5
CLTIND01780,dormant,3556.91,13
CLTIND01781,dormant,3882.89,13
CLTIND01782,dormant,3953.88,21
CLTIND01784,dormant,2562.67,12
CLTIND01785,dormant,6326.96,8
CLTIND01786,dormant,337.36,12
CLTIND01787,dormant,710.18,7
CLTIND01789,dormant,1251.39,9
CLTIND01790,dormant,2359.69,3
CLTIND01791,dormant,4216.47,8
CLTIND01792,dormant,6306.63,5
CLTIND01793,dormant,5853.37,12
CLTIND01794,dormant,8457.82,6
CLTIND01796,dormant,29769.05,13
CLTIND01797,dormant,978.2,2
CLTIND01799,dormant,4419.8,9
CLTIND01800,dormant,1706.53,6
CLTIND01801,dormant,456.75,8
CLTIND01802,dormant,3636.5,4
CLTIND01803,dormant,4830.73,13
CLTIND01805,dormant,2366.26,8
CLTIND01806,dormant,6416.47,15
CLTIND01808,dormant,21184.09,16
CLTIND01809,dormant,1211.68,20
CLTIND01811,dormant,841.35,5
CLTIND01812,dormant,2664.04,8
CLTIND01814,dormant,1107.74,15
CLTIND01815,dormant,1595.37,7
CLTIND01816,dormant,505.43,5
CLTIND01817,dormant,5403.41,7
CLTIND01818,dormant,4760.57,7
CLTIND01819,dormant,1872.08,11
CLTIND01820,dormant,2826.71,12
CLTIND01821,dormant,345.48,11
CLTIND01823,dormant,2314.79,12
CLTIND01824,dormant,24166.1,24
CLTIND01825,dormant,1208.9,4
CLTIND01826,dormant,1639.25,8
CLTIND01827,dormant,12289.92,12
CLTIND01828,dormant,6965.03,6
CLTIND01832,dormant,1242.4,24
CLTIND01833,dormant,9749.66,6
CLTIND01834,dormant,593.07,2
CLTIND01835,dormant,1491.92,16
CLTIND01836,dormant,7452.95,13
CLTIND01837,dormant,5395.02,9
CLTIND01838,dormant,1178.96,4
CLTIND01839,dormant,1841.42,14
CLTIND01840,dormant,4436.3,9
CLTIND01841,dormant,6227.37,14
CLTIND01843,dormant,2018.21,4
CLTIND01844,dormant,10257.53,11
CLTIND01846,dormant,1349.95,8
CLTIND01847,dormant,1968.96,2
CLTIND01848,dormant,6951.11,5
CLTIND01849,dormant,5952.15,2
CLTIND01851,dormant,1496.28,18
CLTIND01852,dormant,2952.58,9
CLTIND01853,dormant,3014.6,18
CLTIND01854,dormant,3428.93,11
CLTIND01855,dormant,6226.57,19
CLTIND01856,dormant,3982.96,19
CLTIND01858,dormant,3560.63,6
CLTIND01859,dormant,1022.85,19
CLTIND01860,dormant,3912.07,17
CLTIND01861,dormant,2931.63,6
CLTIND01862,dormant,2853.34,5
CLTIND01863,dormant,3579.53,14
CLTIND01864,dormant,571.75,8
CLTIND01865,dormant,2057.22,3
CLTIND01867,dormant,4744.85,9
CLTIND01868,dormant,9694.75,17
CLTIND01869,dormant,8029.1,15
CLTIND01870,dormant,21268.75,4
CLTIND01871,dormant,8447.35,11
CLTIND01872,dormant,12377.69,6
CLTIND01873,dormant,9550.65,12
CLTIND01874,dormant,2018.89,6
CLTIND01875,dormant,6556.69,20
CLTIND01878,dormant,20175.39,11
CLTIND01880,dormant,3301.81,20
CLTIND01882,dormant,543.0,5
CLTIND01883,dormant,13876.67,18
CLTIND01884,dormant,2146.25,11
CLTIND01885,dormant,6966.39,4
CLTIND01886,dormant,16539.99,13
CLTIND01887,dormant,64800.13,11
CLTIND01888,dormant,7482.1,8
CLTIND01890,dormant,9455.34,3
CLTIND01891,dormant,9816.37,16
CLTIND01892,dormant,5087.38,7
CLTIND01893,dormant,740.78,19
CLTIND01894,dormant,1537.79,7
CLTIND01895,dormant,7848.74,8
CLTIND01896,dormant,4139.0,20
CLTIND01897,dormant,588.01,18
CLTIND01898,dormant,4036.93,17
CLTIND01900,dormant,1702.3,11
CLTIND01901,dormant,5246.92,17
CLTIND01902,dormant,703.15,18
CLTIND01903,dormant,1080.19,13
CLTIND01904,dormant,11412.97,23
CLTIND01905,dormant,1741.11,11
CLTIND01906,dormant,618.77,5
CLTIND01908,dormant,2934.68,4
CLTIND01909,dormant,593.57,9
CLTIND01910,dormant,11388.56,7
CLTIND01911,dormant,3714.0,13
CLTIND01912,dormant,42425.15,5
CLTIND01915,dormant,1872.09,7
CLTIND01916,dormant,17100.17,17
CLTIND01917,dormant,8665.73,17
CLTIND01919,dormant,4635.67,5
CLTIND01921,dormant,17746.22,10
CLTIND01922,dormant,12994.18,13
CLTIND01923,dormant,1736.95,15
CLTIND01924,dormant,10829.01,9
CLTIND01925,dormant,1700.53,16
CLTIND01926,dormant,35299.82,25
CLTIND01927,dormant,1935.12,4
CLTIND01928,dormant,3831.39,10
CLTIND01929,dormant,1449.19,6
CLTIND01930,dormant,3840.23,10
CLTIND01931,dormant,461.8,13
CLTIND01932,dormant,7719.53,21
CLTIND01933,dormant,2658.4,9
CLTIND01934,dormant,926.96,8
CLTIND01935,dormant,875.11,9
CLTIND01936,dormant,1550.55,4
CLTIND01938,dormant,6885.76,28
CLTIND01939,dormant,1403.32,11
CLTIND01940,dormant,14725.2,12
CLTIND01941,dormant,17474.53,11
CLTIND01942,dormant,1221.98,24
CLTIND01944,dormant,23097.44,14
CLTIND01946,dormant,2128.2,8
CLTIND01947,dormant,4069.8,12
CLTIND01948,dormant,993.35,9
CLTIND01949,dormant,1720.31,9
CLTIND01950,dormant,1006.14,17
CLTIND01951,dormant,2648.31,10
CLTIND01952,dormant,8056.57,26
CLTIND01953,dormant,5427.9,17
CLTIND01954,dormant,3015.94,5
CLTIND01955,dormant,34228.43,8
CLTIND01957,dormant,22264.84,11
CLTIND01958,dormant,774.49,9
CLTIND01959,dormant,2343.91,5
CLTIND01961,dormant,860.26,9
CLTIND01962,dormant,6709.75,10
CLTIND01963,dormant,3917.47,16
CLTIND01964,dormant,4789.49,13
CLTIND01965,dormant,476.72,7
CLTIND01966,dormant,1376.92,11
CLTIND01967,dormant,13603.43,10
CLTIND01968,dormant,2767.16,15
CLTIND01969,dormant,8561.56,12
CLTIND01970,dormant,873.15,6
CLTIND01972,dormant,15155.13,11
CLTIND01973,dormant,6547.61,12
CLTIND01974,dormant,691.89,22
CLTIND01975,dormant,3067.22,18
CLTIND01977,dormant,6745.12,6
CLTIND01978,dormant,5247.47,9
CLTIND01979,dormant,5231.77,11
CLTIND01980,dormant,12333.79,25
CLTIND01981,dormant,947.31,3
CLTIND01983,dormant,1035.14,3
CLTIND01984,dormant,8496.95,14
CLTIND01985,dormant,2923.63,9
CLTIND01986,dormant,827.46,12
CLTIND01987,dormant,3920.17,5
CLTIND01988,dormant,13887.8,15
CLTIND01989,dormant,4247.19,3
CLTIND01990,dormant,2946.34,5
CLTIND01992,dormant,2344.75,6
CLTIND01993,dormant,4390.14,9
CLTIND01994,dormant,9092.35,7
CLTIND01995,dormant,9848.44,7
CLTIND01997,dormant,2126.26,3
CLTIND01998,dormant,5254.21,10
CLTIND02000,dormant,4257.18,7
CLTIND02004,dormant,4075.45,22
CLTIND02005,dormant,8452.43,9
CLTIND02008,dormant,257.16,8
CLTIND02010,dormant,2282.66,7
CLTIND02011,dormant,1135.81,10
CLTIND02012,dormant,42248.12,8
CLTIND02014,dormant,6562.47,14
CLTIND02015,dormant,1173.44,7
CLTIND02016,dormant,1712.48,4
CLTIND02017,dormant,4672.76,22
CLTIND02019,dormant,20127.33,14
CLTIND02020,dormant,10282.39,9
CLTIND02021,dormant,4646.17,16
CLTIND02023,dormant,400.46,5
CLTIND02024,dormant,4158.37,13
CLTIND02026,dormant,3061.02,20
CLTIND02027,dormant,5950.31,7
CLTIND02028,dormant,2657.47,15
CLTIND02029,dormant,3185.78,19
CLTIND02032,dormant,7182.01,6
CLTIND02034,dormant,5011.32,5
CLTIND02036,dormant,8863.81,5
CLTIND02037,dormant,10768.31,10
CLTIND02038,dormant,7977.99,4
CLTIND02039,dormant,1175.0,3
CLTIND02042,dormant,1622.01,4
CLTIND02043,dormant,9857.92,11
CLTIND02044,dormant,9178.44,12
CLTIND02045,dormant,2644.69,25
CLTIND02046,dormant,13236.39,8
CLTIND02047,dormant,9229.82,15
CLTIND02048,dormant,6925.17,17
CLTIND02049,dormant,1272.15,6
CLTIND02051,dormant,3031.19,19
CLTIND02052,dormant,5595.43,7
CLTIND02053,dormant,1290.07,12
CLTIND02054,dormant,1500.8,18
CLTIND02055,dormant,8721.2,11
CLTIND02056,dormant,10983.23,7
CLTIND02057,dormant,6136.2,5
CLTIND02058,dormant,1450.29,10
CLTIND02060,dormant,7779.19,9
CLTIND02061,dormant,9141.92,15
CLTIND02062,dormant,14859.95,22
CLTIND02064,dormant,1960.87,6
CLTIND02066,dormant,785.61,11
CLTIND02067,dormant,7431.81,7
CLTIND02068,dormant,3612.19,8
CLTIND02069,dormant,698.97,7
CLTIND02070,dormant,17690.74,14
CLTIND02071,dormant,2535.4,3
CLTIND02072,dormant,495.16,7
CLTIND02073,dormant,1001.05,6
CLTIND02074,dormant,1970.15,17
CLTIND02075,dormant,2550.24,4
CLTIND02076,dormant,3724.39,10
CLTIND02077,dormant,7047.78,10
CLTIND02078,dormant,4372.3,12
CLTIND02079,dormant,38821.25,20
CLTIND02080,dormant,3831.32,22
CLTIND02081,dormant,10372.16,11
CLTIND02083,dormant,395.98,9
CLTIND02084,dormant,5439.82,8
CLTIND02085,dormant,33504.81,9
CLTIND02086,dormant,2613.36,10
CLTIND02089,dormant,1072.77,2
CLTIND02090,dormant,554.83,20
CLTIND02091,dormant,3186.71,13
CLTIND02092,dormant,1140.83,13
CLTIND02093,dormant,3158.76,22
CLTIND02095,dormant,1373.63,10
CLTIND02096,dormant,1030.69,4
CLTIND02099,dormant,1082.25,10
CLTIND02100,dormant,2633.34,14
CLTIND02101,dormant,6861.98,13
CLTIND02102,dormant,1738.77,11
CLTIND02103,dormant,3411.86,11
CLTIND02104,dormant,2615.91,4
CLTIND02105,dormant,828.24,8
CLTIND02106,dormant,12692.02,12
CLTIND02107,dormant,2897.45,6
CLTIND02108,dormant,5534.18,13
CLTIND02109,dormant,884.31,15
CLTIND02111,dormant,12184.86,4
CLTIND02113,dormant,2005.52,4
CLTIND02114,dormant,11042.81,16
CLTIND02115,dormant,4804.95,10
CLTIND02116,dormant,4641.46,15
CLTIND02117,dormant,4314.59,8
CLTIND02118,dormant,2946.61,6
CLTIND02119,dormant,11501.9,19
CLTIND02120,dormant,35269.2,8
CLTIND02122,dormant,10453.13,12
CLTIND02124,dormant,5075.21,24
CLTIND02125,dormant,5469.17,12
CLTIND02126,dormant,2842.32,12
CLTIND02127,dormant,27332.52,14
CLTIND02128,dormant,6755.13,10
CLTIND02130,dormant,5245.18,27
CLTIND02131,dormant,1228.85,7
CLTIND02132,dormant,5170.53,7
CLTIND02134,dormant,15679.4,4
CLTIND02135,dormant,1786.99,7
CLTIND02136,dormant,1414.3,3
CLTIND02137,dormant,2027.59,15
CLTIND02138,dormant,8145.23,4
CLTIND02140,dormant,557.14,22
CLTIND02141,dormant,5378.23,11
CLTIND02142,dormant,3689.22,11
CLTIND02143,dormant,6542.77,13
CLTIND02144,dormant,1483.77,5
CLTIND02145,dormant,596.07,10
CLTIND02147,dormant,15784.79,10
CLTIND02149,dormant,15630.96,20
CLTIND02150,dormant,4952.57,17
CLTIND02151,dormant,5886.33,4
CLTIND02153,dormant,7383.19,15
CLTIND02154,dormant,2264.85,8
CLTIND02155,dormant,8644.85,7
CLTIND02157,dormant,3568.59,16
CLTIND02158,dormant,1447.66,18
CLTIND02159,dormant,11908.95,7
CLTIND02161,dormant,7193.02,3
CLTIND02162,dormant,16574.81,11
CLTIND02163,dormant,8072.38,20
CLTIND02165,dormant,640.09,11
CLTIND02166,dormant,1754.34,8
CLTIND02167,dormant,1463.1,23
CLTIND02168,dormant,12294.12,9
CLTIND02169,dormant,7506.56,12
CLTIND02170,dormant,2764.58,14
CLTIND02172,dormant,1614.51,8
CLTIND02173,dormant,461.67,12
CLTIND02174,dormant,1917.25,11
CLTIND02175,dormant,2110.9,6
CLTIND02176,dormant,580.1,15
CLTIND02177,dormant,2643.34,20
CLTIND02178,dormant,2368.48,6
CLTIND02179,dormant,2028.85,9
CLTIND02181,dormant,9733.81,8
CLTIND02182,dormant,806.42,12
CLTIND02183,dormant,2410.43,8
CLTIND02184,dormant,1249.5,10
CLTIND02185,dormant,6005.57,10
CLTIND02186,dormant,7905.85,10
CLTIND02187,dormant,2857.25,5
CLTIND02188,dormant,6946.61,9
CLTIND02189,dormant,472.8,14
CLTIND02190,dormant,6841.32,11
CLTIND02191,dormant,20126.85,28
CLTIND02192,dormant,17460.75,11
CLTIND02193,dormant,5175.15,11
CLTIND02194,dormant,6550.3,13
CLTIND02195,dormant,632.92,10
CLTIND02196,dormant,2156.68,12
CLTIND02197,dormant,5572.43,6
CLTIND02198,dormant,6160.96,29
CLTIND02199,dormant,2248.17,10
CLTIND02200,dormant,334.61,18
CLTIND02201,dormant,1121.05,14
CLTIND02202,dormant,347.46,12
CLTIND02204,dormant,2120.82,4
CLTIND02205,dormant,2105.94,12
CLTIND02206,dormant,2676.79,18
CLTIND02207,dormant,2188.38,17
CLTIND02210,dormant,11274.42,14
CLTIND02211,dormant,2243.45,12
CLTIND02212,dormant,5425.71,18
CLTIND02213,dormant,3218.99,9
CLTIND02214,dormant,3049.02,10
CLTIND02215,dormant,4164.36,14
CLTIND02216,dormant,12250.24,19
CLTIND02217,dormant,38534.58,11
CLTIND02218,dormant,1829.15,8
CLTIND02219,dormant,5372.7,9
CLTIND02220,dormant,2746.17,9
CLTIND02221,dormant,6579.32,9
CLTIND02222,dormant,909.05,8
CLTIND02223,dormant,9239.42,1
CLTIND02225,dormant,18830.3,11
CLTIND02226,dormant,2746.32,16
CLTIND02227,dormant,2151.19,5
CLTIND02228,dormant,2916.61,6
CLTIND02229,dormant,567.35,14
CLTIND02230,dormant,1472.25,9
CLTIND02231,dormant,3951.8,9
CLTIND02233,dormant,973.25,9
CLTIND02234,dormant,3310.84,16
CLTIND02235,dormant,1262.73,3
CLTIND02236,dormant,1961.74,13
CLTIND02237,dormant,1637.05,5
CLTIND02238,dormant,41011.48,8
CLTIND02239,dormant,739.85,13
CLTIND02240,dormant,3978.92,4
CLTIND02242,dormant,1199.24,14
CLTIND02243,dormant,516.93,10
CLTIND02244,dormant,3054.01,13
CLTIND02245,dormant,2089.64,15
CLTIND02246,dormant,23468.42,20
CLTIND02247,dormant,4799.53,11
CLTIND02248,dormant,8478.2,7
CLTIND02249,dormant,2733.66,7
CLTIND02251,dormant,1495.24,9
CLTIND02252,dormant,2620.56,8
CLTIND02254,dormant,6418.35,10
CLTIND02255,dormant,10689.55,7
CLTIND02256,dormant,1410.08,13
CLTIND02257,dormant,1661.05,15
CLTIND02258,dormant,7053.1,9
CLTIND02259,dormant,6713.38,12
CLTIND02260,dormant,972.9,16
CLTIND02263,dormant,6517.78,22
CLTIND02267,dormant,2581.85,6
CLTIND02268,dormant,7713.43,17
CLTIND02269,dormant,13878.7,2
CLTIND02270,dormant,6632.04,8
CLTIND02271,dormant,2535.83,11
CLTIND02273,dormant,410.03,12
CLTIND02274,dormant,564.24,9
CLTIND02275,dormant,6197.98,22
CLTIND02278,dormant,4932.3,20
CLTIND02279,dormant,7092.11,7
CLTIND02280,dormant,1126.05,12
CLTIND02281,dormant,6360.73,22
CLTIND02282,dormant,2780.38,8
CLTIND02283,dormant,15296.77,25
CLTIND02284,dormant,9569.92,5
CLTIND02285,dormant,2915.5,10
CLTIND02286,dormant,1832.97,15
CLTIND02287,dormant,2944.59,11
CLTIND02288,dormant,2790.81,9
CLTIND02289,dormant,1957.58,16
CLTIND02290,dormant,17850.1,11
CLTIND02291,dormant,2609.71,9
CLTIND02292,dormant,791.67,4
CLTIND02293,dormant,2429.25,12
CLTIND02294,dormant,1643.07,21
CLTIND02295,dormant,9364.4,17
CLTIND02297,dormant,12054.63,17
CLTIND02298,dormant,6845.28,10
CLTIND02299,dormant,6416.62,11
CLTIND02300,dormant,1191.32,7
CLTIND02301,dormant,460.09,3
CLTIND02303,dormant,21568.69,6
CLTIND02304,dormant,7369.6,8
CLTIND02305,dormant,2003.95,17
CLTIND02306,dormant,5871.33,8
CLTIND02307,dormant,4554.34,25
CLTIND02309,dormant,2017.93,12
CLTIND02310,dormant,3295.52,8
CLTIND02311,dormant,27818.17,16
CLTIND02312,dormant,6785.1,9
CLTIND02313,dormant,5271.54,13
CLTIND02314,dormant,4481.29,20
CLTIND02316,dormant,1554.76,11
CLTIND02317,dormant,3344.68,10
CLTIND02318,dormant,1921.11,5
CLTIND02319,dormant,3497.27,11
CLTIND02320,dormant,1395.22,11
CLTIND02322,dormant,2406.13,9
CLTIND02323,dormant,5112.8,10
CLTIND02325,dormant,5250.47,12
CLTIND02326,dormant,4622.89,20
CLTIND02327,dormant,6434.25,6
CLTIND02328,dormant,2123.13,5
CLTIND02329,dormant,15581.13,16
CLTIND02330,dormant,1753.92,11
CLTIND02331,dormant,423.51,6
CLTIND02333,dormant,5108.19,9
CLTIND02334,dormant,8091.87,9
CLTIND02335,dormant,2207.11,4
CLTIND02336,dormant,8624.54,7
CLTIND02337,dormant,3925.91,22
CLTIND02338,dormant,6370.59,8
CLTIND02339,dormant,3544.37,19
CLTIND02340,dormant,2490.4,13
CLTIND02341,dormant,5722.76,12
CLTIND02342,dormant,5717.3,15
CLTIND02343,dormant,6632.13,13
CLTIND02344,dormant,5733.13,11
CLTIND02345,dormant,7587.78,6
CLTIND02346,dormant,4614.47,16
CLTIND02347,dormant,17179.92,13
CLTIND02348,dormant,5692.49,3
CLTIND02349,dormant,2845.02,12
CLTIND02350,dormant,1200.19,13
CLTIND02351,dormant,5150.98,16
CLTIND02353,dormant,467.38,9
CLTIND02354,dormant,2591.13,6
CLTIND02355,dormant,1207.75,10
CLTIND02356,dormant,3539.89,15
CLTIND02357,dormant,3664.88,18
CLTIND02358,dormant,364.56,6
CLTIND02360,dormant,8599.65,9
CLTIND02361,dormant,3817.49,10
CLTIND02362,dormant,9211.21,8
CLTIND02363,dormant,3510.8,4
CLTIND02364,dormant,1404.13,8
CLTIND02365,dormant,1370.39,12
CLTIND02367,dormant,992.41,14
CLTIND02368,dormant,6454.51,10
CLTIND02369,dormant,3006.66,6
CLTIND02370,dormant,1882.28,12
CLTIND02371,dormant,8325.58,1
CLTIND02372,dormant,9092.41,8
CLTIND02373,dormant,8717.66,7
CLTIND02374,dormant,1604.54,33
CLTIND02375,dormant,4296.23,11
CLTIND02376,dormant,262.22,4
CLTIND02377,dormant,8039.65,15
CLTIND02379,dormant,450.89,6
CLTIND02380,dormant,1286.79,6
CLTIND02381,dormant,4565.68,14
CLTIND02383,dormant,5814.09,14
CLTIND02384,dormant,1908.57,3
CLTIND02387,dormant,1064.57,5
CLTIND02388,dormant,2948.58,6
CLTIND02389,dormant,1027.36,13
CLTIND02390,dormant,4801.82,10
CLTIND02391,dormant,9244.62,18
CLTIND02392,dormant,7936.82,17
CLTIND02393,dormant,6383.84,26
CLTIND02396,dormant,1274.78,5
CLTIND02398,dormant,13407.64,10
CLTIND02400,dormant,1263.8,8
CLTIND02403,dormant,868.91,3
CLTIND02405,dormant,4261.63,6
CLTIND02406,dormant,3133.73,14
CLTIND02407,dormant,1953.51,17
CLTIND02411,dormant,9710.56,10
CLTIND02412,dormant,18855.29,10
CLTIND02413,dormant,1913.63,13
CLTIND02414,dormant,16265.06,20
CLTIND02415,dormant,3453.31,12
CLTIND02416,dormant,12212.87,6
CLTIND02417,dormant,1812.67,10
CLTIND02418,dormant,1706.41,7
CLTIND02419,dormant,12113.26,14
CLTIND02421,dormant,12627.83,17
CLTIND02422,dormant,1868.9,8
CLTIND02423,dormant,3007.31,10
CLTIND02424,dormant,2201.94,12
CLTIND02425,dormant,1331.74,8
CLTIND02426,dormant,23896.72,2
CLTIND02427,dormant,18537.94,14
CLTIND02428,dormant,1476.98,12
CLTIND02429,dormant,2399.98,16
CLTIND02430,dormant,1265.68,17
CLTIND02431,dormant,1614.53,17
CLTIND02433,dormant,999.3,8
CLTIND02436,dormant,8480.08,9
CLTIND02437,dormant,4042.38,9
CLTIND02438,dormant,7051.67,19
CLTIND02439,dormant,5497.28,12
CLTIND02440,dormant,4884.62,16
CLTIND02441,dormant,926.88,13
CLTIND02442,dormant,3235.38,13
CLTIND02443,dormant,9158.3,10
CLTIND02444,dormant,37747.09,9
CLTIND02445,dormant,1798.55,6
CLTIND02446,dormant,10336.38,9
CLTIND02447,dormant,4327.44,14
CLTIND02448,dormant,3051.69,9
CLTIND02449,dormant,1176.17,5
CLTIND02450,dormant,1175.83,6
CLTIND02451,dormant,333.93,10
CLTIND02452,dormant,2100.58,6
CLTIND02453,dormant,3833.03,16
CLTIND02454,dormant,1050.53,4
CLTIND02455,dormant,3141.76,4
CLTIND02456,dormant,6252.22,9
CLTIND02459,dormant,683.41,8
CLTIND02460,dormant,972.3,8
CLTIND02461,dormant,3374.12,5
CLTIND02463,dormant,981.92,6
CLTIND02464,dormant,804.09,8
CLTIND02465,dormant,5275.83,32
CLTIND02467,dormant,992.86,5
CLTIND02469,dormant,599.81,14
CLTIND02470,dormant,1983.75,25
CLTIND02471,dormant,3676.08,12
CLTIND02472,dormant,2682.77,9
CLTIND02474,dormant,129163.58,10
CLTIND02475,dormant,5503.84,9
CLTIND02476,dormant,1361.44,18
CLTIND02477,dormant,430.1,9
CLTIND02478,dormant,289.5,6
CLTIND02479,dormant,3468.7,9
CLTIND02480,dormant,175.46,15
CLTIND02482,dormant,2398.66,12
CLTIND02483,dormant,6430.96,18
CLTIND02484,dormant,4827.1,17
CLTIND02486,dormant,359.24,9
CLTIND02488,dormant,2480.1,7
CLTIND02489,dormant,4380.48,11
CLTIND02490,dormant,1800.04,14
CLTIND02491,dormant,322.81,7
CLTIND02492,dormant,4648.06,11
CLTIND02493,dormant,645.48,5
CLTIND02494,dormant,884.44,9
CLTIND02495,dormant,1971.08,11
CLTIND02496,dormant,812.36,8
CLTIND02497,dormant,11445.34,7
CLTIND02500,dormant,1856.75,12
CLTIND02501,dormant,2049.23,3
CLTIND02502,dormant,2558.3,13
CLTIND02503,dormant,10836.67,11
CLTIND02504,dormant,10632.82,13
CLTIND02507,dormant,1901.92,15
CLTIND02508,dormant,9752.64,6
CLTIND02509,dormant,12192.05,5
CLTIND02510,dormant,9283.43,17
CLTIND02511,dormant,53657.48,18
CLTIND02512,dormant,2393.2,14
CLTIND02513,dormant,17317.82,17
CLTIND02514,dormant,890.14,20
CLTIND02515,dormant,17891.15,15
CLTIND02516,dormant,4050.97,5
CLTIND02517,dormant,4946.37,12
CLTIND02518,dormant,11319.01,4
CLTIND02521,dormant,664.42,10
CLTIND02522,dormant,15016.13,19
CLTIND02523,dormant,11060.99,18
CLTIND02524,dormant,4008.62,13
CLTIND02525,dormant,677.26,8
CLTIND02526,dormant,4734.08,9
CLTIND02527,dormant,1408.81,9
CLTIND02528,dormant,511.78,2
CLTIND02530,dormant,8369.66,6
CLTIND02531,dormant,10093.31,16
CLTIND02532,dormant,3324.33,5
CLTIND02534,dormant,5897.12,11
CLTIND02535,dormant,2642.69,2
CLTIND02536,dormant,1058.09,12
CLTIND02537,dormant,6050.54,8
CLTIND02538,dormant,2953.35,13
CLTIND02539,dormant,3282.44,4
CLTIND02540,dormant,1488.08,9
CLTIND02541,dormant,6583.75,7
CLTIND02542,dormant,3708.64,16
CLTIND02543,dormant,5351.27,19
CLTIND02544,dormant,1336.4,15
CLTIND02545,dormant,12238.18,24
CLTIND02546,dormant,9356.85,11
CLTIND02547,dormant,1283.46,6
CLTIND02548,dormant,1995.8,6
CLTIND02549,dormant,2684.04,19
CLTIND02550,dormant,3056.66,7
CLTIND02551,dormant,1555.39,11
CLTIND02552,dormant,17299.82,13
CLTIND02553,dormant,10311.32,11
CLTIND02554,dormant,2075.22,3
CLTIND02555,dormant,5205.31,6
CLTIND02556,dormant,679.99,4
CLTIND02557,dormant,4539.94,7
CLTIND02558,dormant,2205.03,18
CLTIND02559,dormant,1068.1,12
CLTIND02560,dormant,13594.89,8
CLTIND02562,dormant,2134.84,4
CLTIND02563,dormant,3361.48,13
CLTIND02564,dormant,24114.92,20
CLTIND02566,dormant,4002.83,17
CLTIND02567,dormant,2970.18,9
CLTIND02568,dormant,36498.9,10
CLTIND02569,dormant,2564.51,7
CLTIND02570,dormant,1380.35,9
CLTIND02571,dormant,26620.0,13
CLTIND02572,dormant,429.65,6
CLTIND02573,dormant,8001.93,17
CLTIND02574,dormant,961.82,7
CLTIND02575,dormant,39777.34,12
CLTIND02576,dormant,1017.43,7
CLTIND02577,dormant,321.09,14
CLTIND02578,dormant,617.4,10
CLTIND02579,dormant,5822.64,7
CLTIND02580,dormant,543.52,7
CLTIND02582,dormant,37679.43,8
CLTIND02583,dormant,52164.91,15
CLTIND02584,dormant,890.42,7
CLTIND02585,dormant,14798.81,10
CLTIND02586,dormant,6320.5,8
CLTIND02587,dormant,285.78,9
CLTIND02588,dormant,2850.05,12
CLTIND02589,dormant,1516.07,15
CLTIND02590,dormant,1711.94,10
CLTIND02591,dormant,10903.71,11
CLTIND02594,dormant,9916.16,5
CLTIND02595,dormant,11151.34,15
CLTIND02596,dormant,5433.58,10
CLTIND02597,dormant,1952.82,17
CLTIND02598,dormant,1465.07,3
CLTIND02599,dormant,22033.45,19
CLTIND02600,dormant,2519.7,3
CLTIND02601,dormant,5715.29,8
CLTIND02602,dormant,5563.06,10
CLTIND02603,dormant,10197.89,11
CLTIND02604,dormant,840.63,8
CLTIND02605,dormant,844.12,13
CLTIND02607,dormant,2467.64,8
CLTIND02608,dormant,3475.96,12
CLTIND02609,dormant,1378.83,10
CLTIND02611,dormant,3556.85,12
CLTIND02612,dormant,1766.16,20
CLTIND02613,dormant,85342.1,13
CLTIND02614,dormant,3262.25,15
CLTIND02615,dormant,1728.96,7
CLTIND02617,dormant,4802.88,5
CLTIND02618,dormant,17222.65,7
CLTIND02619,dormant,1659.71,19
CLTIND02620,dormant,3386.55,14
CLTIND02624,dormant,4131.08,11
CLTIND02625,dormant,3321.06,14
CLTIND02626,dormant,6482.59,12
CLTIND02627,dormant,29099.92,19
CLTIND02628,dormant,1426.43,4
CLTIND02629,dormant,5486.89,13
CLTIND02632,dormant,2355.85,4
CLTIND02633,dormant,1483.67,15
CLTIND02634,dormant,9025.2,4
CLTIND02635,dormant,4718.92,17
CLTIND02636,dormant,834.41,14
CLTIND02637,dormant,6187.28,12
CLTIND02638,dormant,16094.6,9
CLTIND02639,dormant,8888.44,10
CLTIND02640,dormant,5732.23,8
CLTIND02641,dormant,6374.78,6
CLTIND02642,dormant,1751.95,7
CLTIND02643,dormant,23360.69,9
CLTIND02644,dormant,5321.52,8
CLTIND02645,dormant,1253.18,10
CLTIND02646,dormant,1611.56,15
CLTIND02647,dormant,4898.6,17
CLTIND02648,dormant,7145.22,10
CLTIND02649,dormant,2796.54,18
CLTIND02650,dormant,3931.88,7
CLTIND02651,dormant,2211.37,11
CLTIND02652,dormant,1940.55,10
CLTIND02653,dormant,11632.6,9
CLTIND02654,dormant,593.5,6
CLTIND02656,dormant,7469.26,9
CLTIND02657,dormant,2473.01,8
CLTIND02658,dormant,638.19,4
CLTIND02659,dormant,3772.08,11
CLTIND02660,dormant,9851.0,9
CLTIND02661,dormant,1726.78,16
CLTIND02662,dormant,3519.25,22
CLTIND02663,dormant,18743.27,4
CLTIND02664,dormant,7835.17,5
CLTIND02665,dormant,2918.61,18
CLTIND02666,dormant,5559.4,9
CLTIND02667,dormant,27926.39,6
CLTIND02668,dormant,2215.29,4
CLTIND02669,dormant,11041.3,14
CLTIND02670,dormant,9069.66,21
CLTIND02671,dormant,2984.64,15
CLTIND02672,dormant,663.55,18
CLTIND02674,dormant,1631.88,10
CLTIND02676,dormant,13419.48,17
CLTIND02677,dormant,30838.52,23
CLTIND02679,dormant,18528.9,21
CLTIND02680,dormant,1771.65,6
CLTIND02681,dormant,21735.2,21
CLTIND02685,dormant,13860.7,13
CLTIND02686,dormant,1109.59,16
CLTIND02687,dormant,11793.74,21
CLTIND02688,dormant,1780.57,1
CLTIND02689,dormant,5956.21,6
CLTIND02690,dormant,3433.18,9
CLTIND02691,dormant,837.86,13
CLTIND02692,dormant,1558.38,3
CLTIND02693,dormant,5558.07,13
CLTIND02694,dormant,8385.73,7
CLTIND02695,dormant,5333.5,18
CLTIND02696,dormant,6226.29,13
CLTIND02697,dormant,3664.29,9
CLTIND02698,dormant,7451.14,7
CLTIND02699,dormant,1404.44,9
CLTIND02700,dormant,15579.61,4
CLTIND02701,dormant,605.5,10
CLTIND02703,dormant,11159.06,6
CLTIND02704,dormant,1804.17,10
CLTIND02705,dormant,9405.37,10
CLTIND02706,dormant,3757.75,5
CLTIND02707,dormant,6204.03,11
CLTIND02708,dormant,4457.53,10
CLTIND02709,dormant,3668.01,2
CLTIND02712,dormant,5382.78,24
CLTIND02713,dormant,20473.27,20
CLTIND02714,dormant,4940.85,9
CLTIND02716,dormant,13150.16,11
CLTIND02717,dormant,5748.15,17
CLTIND02718,dormant,12379.16,2
CLTIND02719,dormant,889.91,16
CLTIND02720,dormant,1550.75,8
CLTIND02722,dormant,7001.43,20
CLTIND02723,dormant,8134.26,20
CLTIND02724,dormant,10195.41,14
CLTIND02725,dormant,23698.67,16
CLTIND02726,dormant,21519.75,17
CLTIND02727,dormant,3547.19,17
CLTIND02729,dormant,3830.37,13
CLTIND02730,dormant,10952.14,9
CLTIND02731,dormant,418.28,12
CLTIND02734,dormant,1608.97,9
CLTIND02736,dormant,12298.72,8
CLTIND02737,dormant,258.2,9
CLTIND02740,dormant,502.01,11
CLTIND02742,dormant,3239.81,6
CLTIND02743,dormant,9082.31,12
CLTIND02744,dormant,2178.07,11
CLTIND02745,dormant,6098.14,6
CLTIND02746,dormant,7590.45,11
CLTIND02747,dormant,12698.66,24
CLTIND02748,dormant,5932.02,22
CLTIND02749,dormant,4370.55,13
CLTIND02750,dormant,5113.14,18
CLTIND02752,dormant,17373.35,8
CLTIND02753,dormant,1494.94,16
CLTIND02754,dormant,996.78,7
CLTIND02755,dormant,6956.0,13
CLTIND02756,dormant,22410.11,11
CLTIND02757,dormant,1269.37,6
CLTIND02758,dormant,311.33,10
CLTIND02759,dormant,634.07,2
CLTIND02760,dormant,5180.28,6
CLTIND02761,dormant,4206.16,18
CLTIND02762,dormant,984.21,14
CLTIND02763,dormant,887.25,6
CLTIND02764,dormant,1990.49,11
CLTIND02765,dormant,2398.85,13
CLTIND02766,dormant,11515.48,17
CLTIND02767,dormant,302.36,2
CLTIND02769,dormant,1329.06,10
CLTIND02771,dormant,8041.07,9
CLTIND02773,dormant,3287.69,18
CLTIND02774,dormant,15924.01,13
CLTIND02775,dormant,4256.2,7
CLTIND02777,dormant,563.56,15
CLTIND02778,dormant,513.92,12
CLTIND02779,dormant,567.02,6
CLTIND02780,dormant,25882.47,17
CLTIND02781,dormant,5688.61,3
CLTIND02782,dormant,549.7,8
CLTIND02784,dormant,5634.78,13
CLTIND02785,dormant,7577.86,5
CLTIND02786,dormant,1870.95,14
CLTIND02787,dormant,2691.99,2
CLTIND02788,dormant,13722.97,5
CLTIND02790,dormant,6209.5,16
CLTIND02791,dormant,318.05,13
CLTIND02792,dormant,4750.46,10
CLTIND02794,dormant,11706.17,17
CLTIND02795,dormant,750.82,2
CLTIND02796,dormant,511.78,13
CLTIND02797,dormant,3148.34,3
CLTIND02798,dormant,1680.01,6
CLTIND02799,dormant,33224.49,22
CLTIND02800,dormant,2474.87,12
CLTIND02801,dormant,1609.75,10
CLTIND02802,dormant,4673.71,14
CLTIND02803,dormant,332.28,11
CLTIND02804,dormant,2304.1,7
CLTIND02807,dormant,3969.14,11
CLTIND02808,dormant,940.64,12
CLTIND02810,dormant,3997.08,9
CLTIND02812,dormant,2259.06,9
CLTIND02813,dormant,12787.03,14
CLTIND02814,dormant,9776.5,27
CLTIND02815,dormant,789.5,13
CLTIND02816,dormant,2781.05,10
CLTIND02817,dormant,1761.38,13
CLTIND02818,dormant,72644.32,21
CLTIND02819,dormant,739.9,12
CLTIND02820,dormant,5998.59,14
CLTIND02821,dormant,5701.02,17
CLTIND02822,dormant,2517.37,9
CLTIND02823,dormant,2010.38,8
CLTIND02824,dormant,6804.84,8
CLTIND02825,dormant,19414.77,22
CLTIND02826,dormant,1991.95,14
CLTIND02827,dormant,1538.77,11
CLTIND02828,dormant,778.03,13
CLTIND02829,dormant,2731.31,5
CLTIND02831,dormant,2905.01,12
CLTIND02832,dormant,644.25,3
CLTIND02834,dormant,15578.74,13
CLTIND02835,dormant,9107.36,9
CLTIND02836,dormant,1806.12,8
CLTIND02837,dormant,3568.07,2
CLTIND02838,dormant,13602.86,4
CLTIND02840,dormant,5759.32,18
CLTIND02841,dormant,14875.86,11
CLTIND02842,dormant,4464.94,14
CLTIND02843,dormant,499.26,8
CLTIND02844,dormant,10359.87,6
CLTIND02846,dormant,1900.15,5
CLTIND02848,dormant,1711.38,8
CLTIND02849,dormant,727.21,9
CLTIND02850,dormant,456.22,13
CLTIND02851,dormant,799.25,3
CLTIND02852,dormant,5129.77,16
CLTIND02853,dormant,7736.1,20
CLTIND02854,dormant,5136.05,19
CLTIND02855,dormant,31178.14,20
CLTIND02856,dormant,846.53,12
CLTIND02857,dormant,20935.26,15
CLTIND02858,dormant,2430.03,4
CLTIND02859,dormant,4306.85,14
CLTIND02861,dormant,3816.58,8
CLTIND02862,dormant,3637.7,19
CLTIND02863,dormant,3349.49,7
CLTIND02864,dormant,1924.47,9
CLTIND02866,dormant,2986.83,7
CLTIND02867,dormant,1863.17,12
CLTIND02868,dormant,7260.95,7
CLTIND02869,dormant,1599.39,16
CLTIND02870,dormant,703.2,22
CLTIND02871,dormant,984.48,9
CLTIND02872,dormant,3597.86,17
CLTIND02873,dormant,1551.12,10
CLTIND02875,dormant,6230.48,13
CLTIND02876,dormant,8936.93,11
CLTIND02877,dormant,2537.4,8
CLTIND02879,dormant,4006.55,15
CLTIND02880,dormant,3277.64,15
CLTIND02881,dormant,1384.1,5
CLTIND02882,dormant,1814.55,18
CLTIND02884,dormant,943.64,16
CLTIND02885,dormant,2865.1,14
CLTIND02886,dormant,225.38,11
CLTIND02887,dormant,953.22,12
CLTIND02888,dormant,1198.0,17
CLTIND02889,dormant,28645.64,8
CLTIND02890,dormant,1193.83,3
CLTIND02891,dormant,1266.62,11
CLTIND02894,dormant,1241.07,4
CLTIND02896,dormant,3657.31,12
CLTIND02899,dormant,5935.57,17
CLTIND02900,dormant,3432.91,7
CLTIND02901,dormant,2757.54,5
CLTIND02902,dormant,4007.74,16
CLTIND02903,dormant,710.92,8
CLTIND02904,dormant,528.5,24
CLTIND02905,dormant,2925.74,16
CLTIND02906,dormant,919.7,6
CLTIND02907,dormant,19091.61,14
CLTIND02908,dormant,1418.01,1
CLTIND02910,dormant,16497.74,15
CLTIND02911,dormant,13698.11,21
CLTIND02912,dormant,2158.31,16
CLTIND02913,dormant,3695.84,0
CLTIND02914,dormant,510.13,16
CLTIND02915,dormant,213.59,8
CLTIND02916,dormant,2540.95,6
CLTIND02917,dormant,10523.84,6
CLTIND02918,dormant,4645.77,15
CLTIND02919,dormant,5758.78,16
CLTIND02920,dormant,14025.48,8
CLTIND02921,dormant,2872.86,28
CLTIND02923,dormant,4155.86,16
CLTIND02924,dormant,930.12,2
CLTIND02926,dormant,15893.27,14
CLTIND02927,dormant,14835.67,7
CLTIND02928,dormant,7877.72,15
CLTIND02929,dormant,3594.9,12
CLTIND02931,dormant,1087.62,4
CLTIND02932,dormant,2403.17,4
CLTIND02933,dormant,5196.3,10
CLTIND02934,dormant,1420.09,11
CLTIND02935,dormant,3840.32,16
CLTIND02937,dormant,2886.86,6
CLTIND02938,dormant,4439.33,3
CLTIND02939,dormant,12745.59,7
CLTIND02940,dormant,1969.35,10
CLTIND02942,dormant,476.9,19
CLTIND02947,dormant,945.46,11
CLTIND02949,dormant,4845.44,6
CLTIND02950,dormant,8180.37,17
CLTIND02951,dormant,3083.32,13
CLTIND02952,dormant,3260.94,6
CLTIND02953,dormant,441.72,8
CLTIND02954,dormant,8877.95,9
CLTIND02955,dormant,48363.11,17
CLTIND02956,dormant,2388.67,15
CLTIND02957,dormant,4636.38,5
CLTIND02959,dormant,6778.45,12
CLTIND02960,dormant,6498.94,5
CLTIND02961,dormant,9385.21,9
CLTIND02962,dormant,2546.22,12
CLTIND02963,dormant,2703.53,12
CLTIND02964,dormant,20135.06,28
CLTIND02965,dormant,809.91,2
CLTIND02966,dormant,2805.96,13
CLTIND02967,dormant,36766.29,11
CLTIND02968,dormant,208.5,18
CLTIND02969,dormant,28713.34,11
CLTIND02971,dormant,16730.07,9
CLTIND02972,dormant,3292.13,13
CLTIND02973,dormant,1249.52,12
CLTIND02974,dormant,3130.32,7
CLTIND02975,dormant,869.67,5
CLTIND02976,dormant,3723.7,9
CLTIND02977,dormant,4127.72,5
CLTIND02978,dormant,5690.12,15
CLTIND02979,dormant,1260.68,20
CLTIND02980,dormant,6783.9,17
CLTIND02983,dormant,1427.22,8
CLTIND02984,dormant,221.35,5
CLTIND02985,dormant,20212.15,12
CLTIND02986,dormant,4228.99,5
CLTIND02987,dormant,471.41,13
CLTIND02989,dormant,2303.26,9
CLTIND02990,dormant,2032.73,15
CLTIND02991,dormant,2254.68,16
CLTIND02992,dormant,2865.93,11
CLTIND02993,dormant,13288.67,22
CLTIND02995,dormant,1185.31,15
CLTIND02996,dormant,1150.05,4
CLTIND02997,dormant,5291.54,5
CLTIND02999,dormant,11268.28,18
CLTIND03000,dormant,2190.15,7
CLTIND03001,dormant,4046.56,4
CLTIND03002,dormant,429.02,3
CLTIND03005,dormant,1781.4,11
CLTIND03006,dormant,7792.46,3
CLTIND03007,dormant,2567.75,11
CLTIND03008,dormant,5597.98,6
CLTIND03009,dormant,4249.72,10
CLTIND03010,dormant,29134.41,11
CLTIND03011,dormant,229.16,8
CLTIND03012,dormant,2303.69,15
CLTIND03013,dormant,1030.87,12
CLTIND03014,dormant,1779.98,11
CLTIND03017,dormant,54991.75,9
CLTIND03018,dormant,27264.4,13
CLTIND03019,dormant,9008.26,19
CLTIND03020,dormant,7306.52,9
CLTIND03021,dormant,121.84,18
CLTIND03022,dormant,3324.26,20
CLTIND03024,dormant,1347.89,10
CLTIND03027,dormant,878.37,6
CLTIND03028,dormant,953.9,4
CLTIND03029,dormant,7224.7,18
CLTIND03030,dormant,4470.07,11
CLTIND03031,dormant,357.8,10
CLTIND03032,dormant,708.88,9
CLTIND03033,dormant,1304.78,7
CLTIND03034,dormant,3154.85,11
CLTIND03035,dormant,12155.05,24
CLTIND03036,dormant,2783.89,7
CLTIND03038,dormant,3352.79,15
CLTIND03039,dormant,2832.85,16
CLTIND03040,dormant,1010.1,17
CLTIND03041,dormant,27016.39,11
CLTIND03042,dormant,233.56,7
CLTIND03043,dormant,3106.97,22
CLTIND03045,dormant,20437.09,13
CLTIND03046,dormant,712.76,7
CLTIND03047,dormant,6282.06,12
CLTIND03049,dormant,2091.08,7
CLTIND03051,dormant,8307.46,4
CLTIND03053,dormant,2122.98,9
CLTIND03054,dormant,964.97,9
CLTIND03055,dormant,2049.47,13
CLTIND03057,dormant,427.76,11
CLTIND03058,dormant,8300.03,20
CLTIND03060,dormant,5764.32,16
CLTIND03061,dormant,3142.19,4
CLTIND03062,dormant,17853.12,15
CLTIND03065,dormant,800.36,8
CLTIND03066,dormant,19761.34,2
CLTIND03067,dormant,9271.64,11
CLTIND03068,dormant,920.67,13
CLTIND03070,dormant,4061.73,10
CLTIND03071,dormant,1412.32,9
CLTIND03073,dormant,1770.6,7
CLTIND03077,dormant,4203.84,22
CLTIND03078,dormant,1335.42,14
CLTIND03079,dormant,2762.99,16
CLTIND03080,dormant,4488.22,13
CLTIND03081,dormant,20775.25,24
CLTIND03082,dormant,2834.23,13
CLTIND03083,dormant,1048.26,13
CLTIND03084,dormant,2606.58,6
CLTIND03086,dormant,12625.91,9
CLTIND03087,dormant,5752.54,4
CLTIND03088,dormant,6412.08,8
CLTIND03089,dormant,4376.86,6
CLTIND03090,dormant,2418.02,16
CLTIND03091,dormant,9513.66,34
CLTIND03092,dormant,1842.93,2
CLTIND03093,dormant,430.85,2
CLTIND03094,dormant,11157.53,24
CLTIND03095,dormant,1408.5,11
CLTIND03096,dormant,836.45,12
CLTIND03097,dormant,2250.82,11
CLTIND03099,dormant,7714.78,17
CLTIND03100,dormant,1953.51,18
CLTIND03102,dormant,19057.59,4
CLTIND03104,dormant,3581.62,14
CLTIND03105,dormant,4464.73,17
CLTIND03106,dormant,1501.45,8
CLTIND03107,dormant,5631.54,6
CLTIND03108,dormant,4894.58,7
CLTIND03109,dormant,353.58,16
CLTIND03110,dormant,8722.06,17
CLTIND03111,dormant,6410.92,8
CLTIND03112,dormant,8855.25,8
CLTIND03113,dormant,1786.72,9
CLTIND03114,dormant,3096.05,5
CLTIND03117,dormant,6220.65,18
CLTIND03119,dormant,6033.93,5
CLTIND03120,dormant,4719.08,14
CLTIND03121,dormant,3495.73,4
CLTIND03122,dormant,3948.71,9
CLTIND03123,dormant,11059.47,10
CLTIND03124,dormant,7672.15,3
CLTIND03125,dormant,4087.58,9
CLTIND03126,dormant,1025.26,7
CLTIND03127,dormant,2507.09,12
CLTIND03128,dormant,2058.99,13
CLTIND03129,dormant,5762.04,11
CLTIND03130,dormant,3068.69,6
CLTIND03132,dormant,10624.1,13
CLTIND03133,dormant,7757.94,15
CLTIND03134,dormant,8422.42,15
CLTIND03135,dormant,624.18,15
CLTIND03136,dormant,4650.35,13
CLTIND03137,dormant,6972.47,10
CLTIND03138,dormant,1438.21,11
CLTIND03139,dormant,536.0,13
CLTIND03140,dormant,4599.57,17
CLTIND03141,dormant,4448.15,9
CLTIND03142,dormant,769.68,11
CLTIND03143,dormant,6652.9,8
CLTIND03145,dormant,5133.55,18
CLTIND03146,dormant,520.71,8
CLTIND03147,dormant,202.34,9
CLTIND03149,dormant,30982.08,17
CLTIND03151,dormant,1464.29,14
CLTIND03152,dormant,4497.0,13
CLTIND03153,dormant,1036.3,14
CLTIND03154,dormant,1925.85,14
CLTIND03155,dormant,5731.4,15
CLTIND03156,dormant,1566.49,15
CLTIND03157,dormant,11291.18,18
CLTIND03158,dormant,1529.64,16
CLTIND03159,dormant,2430.35,9
CLTIND03160,dormant,54389.95,13
CLTIND03161,dormant,1114.53,24
CLTIND03163,dormant,4187.22,11
CLTIND03165,dormant,2798.62,14
CLTIND03169,dormant,1611.02,4
CLTIND03170,dormant,35985.75,12
CLTIND03172,dormant,1789.98,6
CLTIND03174,dormant,2424.71,7
CLTIND03175,dormant,2335.03,14
CLTIND03176,dormant,3985.35,8
CLTIND03177,dormant,5582.44,5
CLTIND03178,dormant,986.53,5
CLTIND03180,dormant,655.33,10
CLTIND03181,dormant,3750.19,5
CLTIND03182,dormant,512.12,15
CLTIND03184,dormant,5446.34,10
CLTIND03185,dormant,22371.84,16
CLTIND03186,dormant,13517.65,12
CLTIND03187,dormant,2056.19,5
CLTIND03188,dormant,2789.05,13
CLTIND03189,dormant,243.66,7
CLTIND03190,dormant,7141.2,12
CLTIND03191,dormant,57011.37,5
CLTIND03194,dormant,22899.29,10
CLTIND03195,dormant,653.8,19
CLTIND03196,dormant,2849.83,8
CLTIND03197,dormant,9241.17,7
CLTIND03199,dormant,19990.81,15
CLTIND03200,dormant,3534.12,6
CLTIND03202,dormant,1981.15,12
CLTIND03204,dormant,1979.68,7
CLTIND03205,dormant,1281.59,15
CLTIND03206,dormant,4424.37,14
CLTIND03207,dormant,1910.21,14
CLTIND03208,dormant,2577.1,14
CLTIND03209,dormant,16792.11,10
CLTIND03210,dormant,9520.75,12
CLTIND03211,dormant,7269.8,8
CLTIND03212,dormant,12351.66,22
CLTIND03213,dormant,4567.23,3
CLTIND03214,dormant,2146.37,6
CLTIND03215,dormant,1141.9,34
CLTIND03216,dormant,4908.61,15
CLTIND03217,dormant,6602.83,11
CLTIND03218,dormant,6413.15,13
CLTIND03219,dormant,704.99,6
CLTIND03220,dormant,2037.87,4
CLTIND03221,dormant,8972.28,7
CLTIND03222,dormant,3005.1,15
CLTIND03223,dormant,903.39,10
CLTIND03224,dormant,1692.75,26
CLTIND03225,dormant,10058.94,14
CLTIND03227,dormant,4622.36,6
CLTIND03228,dormant,5173.78,6
CLTIND03230,dormant,1177.88,12
CLTIND03231,dormant,11866.94,21
CLTIND03233,dormant,7616.85,9
CLTIND03234,dormant,1273.36,17
CLTIND03235,dormant,9209.02,22
CLTIND03236,dormant,1255.08,12
CLTIND03238,dormant,1208.58,6
CLTIND03239,dormant,4850.71,10
CLTIND03240,dormant,814.96,12
CLTIND03241,dormant,7796.26,9
CLTIND03242,dormant,1953.76,15
CLTIND03243,dormant,3068.18,15
CLTIND03244,dormant,2220.05,20
CLTIND03247,dormant,15455.45,17
CLTIND03248,dormant,6215.44,16
CLTIND03249,dormant,4022.27,9
CLTIND03250,dormant,10507.89,11
CLTIND03251,dormant,1740.72,11
CLTIND03252,dormant,2530.6,9
CLTIND03253,dormant,4764.17,11
CLTIND03254,dormant,14470.42,12
CLTIND03255,dormant,1861.28,3
CLTIND03256,dormant,3211.33,16
CLTIND03257,dormant,209.21,21
CLTIND03258,dormant,23118.07,15
CLTIND03260,dormant,3291.42,13
CLTIND03261,dormant,3135.83,12
CLTIND03262,dormant,493.85,15
CLTIND03263,dormant,1718.96,8
CLTIND03264,dormant,2283.78,10
CLTIND03265,dormant,3410.12,11
CLTIND03266,dormant,4889.08,12
CLTIND03267,dormant,389.77,17
CLTIND03269,dormant,2109.46,11
CLTIND03271,dormant,14108.43,10
CLTIND03272,dormant,67846.34,13
CLTIND03274,dormant,5541.14,10
CLTIND03275,dormant,1196.99,12
CLTIND03276,dormant,5620.07,13
CLTIND03277,dormant,1219.43,8
CLTIND03278,dormant,2429.7,14
CLTIND03279,dormant,2487.35,5
CLTIND03281,dormant,1386.01,12
CLTIND03282,dormant,5577.42,8
CLTIND03283,dormant,6923.4,21
CLTIND03284,dormant,11192.99,3
CLTIND03285,dormant,16293.13,11
CLTIND03287,dormant,13202.94,18
CLTIND03290,dormant,1599.31,12
CLTIND03291,dormant,3470.76,10
CLTIND03292,dormant,5728.7,15
CLTIND03293,dormant,4047.81,11
CLTIND03294,dormant,739.68,12
CLTIND03295,dormant,6955.72,13
CLTIND03296,dormant,16879.52,22
CLTIND03297,dormant,1445.44,7
CLTIND03298,dormant,34939.63,17
CLTIND03299,dormant,5220.66,9
CLTIND03300,dormant,2526.76,6
CLTIND03301,dormant,6607.17,17
CLTIND03302,dormant,4442.05,7
CLTIND03303,dormant,3259.33,13
CLTIND03305,dormant,5822.49,19
CLTIND03306,dormant,213.74,12
CLTIND03308,dormant,3637.63,8
CLTIND03309,dormant,11559.68,11
CLTIND03310,dormant,3040.37,4
CLTIND03311,dormant,1523.37,6
CLTIND03312,dormant,1210.85,7
CLTIND03313,dormant,168.9,8
CLTIND03314,dormant,1494.97,7
CLTIND03315,dormant,2030.22,16
CLTIND03316,dormant,10307.42,5
CLTIND03317,dormant,10728.68,19
CLTIND03318,dormant,8239.93,13
CLTIND03319,dormant,12343.76,19
CLTIND03320,dormant,1981.41,11
CLTIND03321,dormant,3379.1,14
CLTIND03322,dormant,1226.49,10
CLTIND03323,dormant,25948.28,9
CLTIND03324,dormant,6072.07,12
CLTIND03325,dormant,13525.85,8
CLTIND03326,dormant,5050.31,9
CLTIND03327,dormant,2373.82,1
CLTIND03328,dormant,4398.6,7
CLTIND03330,dormant,15080.11,11
CLTIND03331,dormant,6007.41,12
CLTIND03332,dormant,8374.92,10
CLTIND03333,dormant,13664.32,9
CLTIND03334,dormant,4934.62,18
CLTIND03335,dormant,9420.83,14
CLTIND03338,dormant,1297.06,12
CLTIND03339,dormant,3676.3,11
CLTIND03340,dormant,1966.73,8
CLTIND03341,dormant,1957.17,9
CLTIND03342,dormant,6956.45,9
CLTIND03343,dormant,8841.44,11
CLTIND03344,dormant,1772.23,24
CLTIND03345,dormant,7641.9,4
CLTIND03346,dormant,280.41,7
CLTIND03349,dormant,1344.85,10
CLTIND03350,dormant,1597.38,9
CLTIND03351,dormant,1165.06,7
CLTIND03352,dormant,1126.65,7
CLTIND03353,dormant,339.78,10
CLTIND03354,dormant,1151.23,6
CLTIND03355,dormant,2422.94,11
CLTIND03356,dormant,1659.78,14
CLTIND03357,dormant,5588.18,27
CLTIND03360,dormant,1711.75,17
CLTIND03363,dormant,6379.53,19
CLTIND03364,dormant,2537.09,7
CLTIND03366,dormant,2638.83,7
CLTIND03367,dormant,3695.6,12
CLTIND03368,dormant,28770.12,14
CLTIND03369,dormant,4973.01,16
CLTIND03370,dormant,1779.4,4
CLTIND03371,dormant,814.09,17
CLTIND03374,dormant,1218.11,10
CLTIND03375,dormant,527.54,11
CLTIND03376,dormant,36817.89,22
CLTIND03377,dormant,9292.54,12
CLTIND03378,dormant,930.38,13
CLTIND03379,dormant,1439.02,12
CLTIND03380,dormant,4491.63,6
CLTIND03381,dormant,6428.94,10
CLTIND03382,dormant,6553.91,26
CLTIND03383,dormant,4313.01,8
CLTIND03384,dormant,266.34,12
CLTIND03386,dormant,2872.93,15
CLTIND03387,dormant,7815.22,7
CLTIND03388,dormant,833.01,8
CLTIND03389,dormant,3098.5,22
CLTIND03390,dormant,8342.27,15
CLTIND03392,dormant,3454.22,2
CLTIND03393,dormant,9731.87,17
CLTIND03394,dormant,7072.64,8
CLTIND03395,dormant,9187.76,6
CLTIND03396,dormant,286.63,8
CLTIND03397,dormant,4137.25,7
CLTIND03398,dormant,13232.98,11
CLTIND03399,dormant,1628.18,6
CLTIND03402,dormant,3981.2,8
CLTIND03403,dormant,1144.89,4
CLTIND03404,dormant,5366.34,17
CLTIND03405,dormant,7797.51,14
CLTIND03406,dormant,834.93,6
CLTIND03407,dormant,40070.71,13
CLTIND03408,dormant,943.16,10
CLTIND03409,dormant,1571.55,12
CLTIND03410,dormant,4828.07,11
CLTIND03411,dormant,1288.08,12
CLTIND03412,dormant,2458.69,9
CLTIND03413,dormant,10071.3,15
CLTIND03415,dormant,24001.0,16
CLTIND03417,dormant,8533.07,10
CLTIND03418,dormant,985.7,5
CLTIND03419,dormant,4776.12,6
CLTIND03420,dormant,12616.75,13
CLTIND03421,dormant,2005.16,23
CLTIND03422,dormant,2872.58,23
CLTIND03423,dormant,2784.45,12
CLTIND03424,dormant,3667.53,8
CLTIND03425,dormant,5285.07,9
CLTIND03426,dormant,3828.19,8
CLTIND03427,dormant,3081.84,14
CLTIND03428,dormant,1192.42,11
CLTIND03429,dormant,587.9,14
CLTIND03430,dormant,5967.9,7
CLTIND03432,dormant,804.7,11
CLTIND03433,dormant,5930.73,9
CLTIND03434,dormant,9256.22,17
CLTIND03437,dormant,1777.7,14
CLTIND03438,dormant,7530.85,20
CLTIND03440,dormant,28744.96,15
CLTIND03441,dormant,6152.36,15
CLTIND03442,dormant,6382.66,7
CLTIND03443,dormant,9606.21,10
CLTIND03444,dormant,11901.85,18
CLTIND03445,dormant,5452.79,16
CLTIND03447,dormant,25396.54,18
CLTIND03448,dormant,811.96,5
CLTIND03450,dormant,2244.42,15
CLTIND03451,dormant,1651.43,11
CLTIND03453,dormant,759.12,19
CLTIND03454,dormant,2036.41,6
CLTIND03455,dormant,54.47,9
CLTIND03457,dormant,11191.51,24
CLTIND03458,dormant,4496.7,11
CLTIND03459,dormant,5496.34,13
CLTIND03460,dormant,6415.93,18
CLTIND03461,dormant,1821.41,7
CLTIND03462,dormant,8778.47,15
CLTIND03463,dormant,3083.81,7
CLTIND03464,dormant,5259.5,8
CLTIND03466,dormant,3965.02,20
CLTIND03467,dormant,1301.12,6
CLTIND03469,dormant,3617.68,19
CLTIND03470,dormant,4642.48,14
CLTIND03471,dormant,7589.82,6
CLTIND03472,dormant,5643.07,17
CLTIND03473,dormant,1229.03,9
CLTIND03474,dormant,449.73,8
CLTIND03475,dormant,6052.15,12
CLTIND03476,dormant,3270.95,5
CLTIND03477,dormant,10277.39,8
CLTIND03478,dormant,340.56,4
CLTIND03479,dormant,1441.54,15
CLTIND03480,dormant,18375.19,11
CLTIND03481,dormant,554.42,6
CLTIND03482,dormant,2184.12,18
CLTIND03483,dormant,6123.2,28
CLTIND03484,dormant,4677.93,18
CLTIND03485,dormant,6660.39,13
CLTIND03487,dormant,2791.61,2
CLTIND03488,dormant,903.71,6
CLTIND03489,dormant,2813.27,12
CLTIND03490,dormant,10146.89,10
CLTIND03491,dormant,1802.18,20
CLTIND03492,dormant,2122.67,3
CLTIND03493,dormant,4251.78,22
CLTIND03494,dormant,22433.84,17
CLTIND03495,dormant,5669.15,14
CLTIND03496,dormant,4454.38,11
CLTIND03497,dormant,3852.98,18
CLTIND03498,dormant,1951.45,3
CLTIND03499,dormant,19302.33,14
CLTIND03500,dormant,4081.07,10
CLTIND03501,dormant,3187.9,20
CLTIND03502,dormant,5342.21,9
CLTIND03505,dormant,965.77,9
CLTIND03507,dormant,2780.4,12
CLTIND03508,dormant,2222.91,10
CLTIND03509,dormant,3525.69,13
CLTIND03511,dormant,1641.6,13
CLTIND03512,dormant,1951.12,11
CLTIND03513,dormant,4172.54,6
CLTIND03514,dormant,2028.73,20
CLTIND03515,dormant,1398.25,9
CLTIND03516,dormant,11670.11,14
CLTIND03518,dormant,933.14,9
CLTIND03519,dormant,9932.14,10
CLTIND03520,dormant,2371.73,18
CLTIND03521,dormant,4528.12,17
CLTIND03523,dormant,3894.32,5
CLTIND03524,dormant,104.86,10
CLTIND03526,dormant,4640.91,13
CLTIND03527,dormant,4176.29,10
CLTIND03528,dormant,1874.6,5
CLTIND03529,dormant,2209.3,15
CLTIND03530,dormant,3667.39,11
CLTIND03531,dormant,419.32,8
CLTIND03532,dormant,1162.69,3
CLTIND03533,dormant,7474.65,6
CLTIND03534,dormant,8624.05,15
CLTIND03536,dormant,3697.2,18
CLTIND03537,dormant,23339.38,9
CLTIND03538,dormant,28754.51,14
CLTIND03539,dormant,9319.83,2
CLTIND03540,dormant,3537.75,6
CLTIND03541,dormant,38646.51,11
CLTIND03545,dormant,4757.45,8
CLTIND03546,dormant,1718.3,13
CLTIND03547,dormant,4722.44,5
CLTIND03548,dormant,5610.19,10
CLTIND03549,dormant,575.2,15
CLTIND03550,dormant,41137.39,9
CLTIND03551,dormant,22980.79,13
CLTIND03552,dormant,1963.51,13
CLTIND03553,dormant,2806.41,6
CLTIND03555,dormant,6857.52,13
CLTIND03556,dormant,2013.39,20
CLTIND03558,dormant,1444.26,9
CLTIND03559,dormant,1702.73,7
CLTIND03560,dormant,10455.07,15
CLTIND03561,dormant,5640.73,10
CLTIND03562,dormant,2777.52,11
CLTIND03563,dormant,15527.6,19
CLTIND03564,dormant,113.33,9
CLTIND03565,dormant,7201.13,14
CLTIND03568,dormant,22379.39,13
CLTIND03569,dormant,4108.85,14
CLTIND03570,dormant,2079.74,11
CLTIND03571,dormant,1875.25,7
CLTIND03572,dormant,4517.37,7
CLTIND03574,dormant,3692.81,6
CLTIND03575,dormant,8375.02,11
CLTIND03576,dormant,8510.38,10
CLTIND03577,dormant,1320.52,9
CLTIND03579,dormant,1914.78,20
CLTIND03580,dormant,5204.21,18
CLTIND03581,dormant,4388.88,10
CLTIND03582,dormant,1760.85,6
CLTIND03583,dormant,27766.33,10
CLTIND03584,dormant,6643.69,15
CLTIND03585,dormant,1459.07,11
CLTIND03586,dormant,2645.13,6
CLTIND03587,dormant,431.28,8
CLTIND03588,dormant,2314.54,10
CLTIND03590,dormant,6665.52,9
CLTIND03591,dormant,1075.51,7
CLTIND03592,dormant,2286.54,14
CLTIND03593,dormant,1067.4,3
CLTIND03594,dormant,1764.57,19
CLTIND03595,dormant,2479.93,8
CLTIND03596,dormant,2281.72,15
CLTIND03598,dormant,2535.84,6
CLTIND03599,dormant,1753.26,14
CLTIND03600,dormant,2510.62,9
CLTIND03601,dormant,1114.32,8
CLTIND03602,dormant,1599.23,11
CLTIND03603,dormant,5770.23,10
CLTIND03604,dormant,1822.78,5
CLTIND03605,dormant,17515.85,14
CLTIND03606,dormant,2270.53,17
CLTIND03607,dormant,5268.84,13
CLTIND03608,dormant,4441.45,7
CLTIND03610,dormant,21587.28,14
CLTIND03611,dormant,1539.04,15
CLTIND03612,dormant,34583.99,30
CLTIND03613,dormant,6085.01,9
CLTIND03615,dormant,355.7,7
CLTIND03617,dormant,5221.13,3
CLTIND03619,dormant,2342.41,3
CLTIND03620,dormant,12467.13,18
CLTIND03621,dormant,5035.12,17
CLTIND03622,dormant,2407.43,8
CLTIND03624,dormant,2429.15,4
CLTIND03625,dormant,874.35,9
CLTIND03626,dormant,2527.21,7
CLTIND03629,dormant,4427.99,17
CLTIND03632,dormant,3934.08,8
CLTIND03633,dormant,579.83,4
CLTIND03634,dormant,3482.4,10
CLTIND03635,dormant,4011.37,11
CLTIND03636,dormant,1863.95,8
CLTIND03637,dormant,9553.59,2
CLTIND03638,dormant,1798.88,14
CLTIND03639,dormant,2789.99,17
CLTIND03640,dormant,2187.53,6
CLTIND03642,dormant,2049.6,4
CLTIND03643,dormant,9474.59,9
CLTIND03644,dormant,3541.46,9
CLTIND03645,dormant,1471.0,6
CLTIND03646,dormant,344.64,8
CLTIND03647,dormant,685.69,10
CLTIND03648,dormant,584.15,9
CLTIND03649,dormant,4938.04,10
CLTIND03650,dormant,8171.33,12
CLTIND03651,dormant,412.3,11
CLTIND03652,dormant,8926.62,13
CLTIND03653,dormant,7110.72,14
CLTIND03654,dormant,669.55,12
CLTIND03655,dormant,3115.3,9
CLTIND03656,dormant,6088.72,9
CLTIND03657,dormant,1725.49,22
CLTIND03658,dormant,1084.84,19
CLTIND03659,dormant,2122.68,0
CLTIND03660,dormant,3583.59,5
CLTIND03661,dormant,2607.76,13
CLTIND03662,dormant,4065.58,5
CLTIND03663,dormant,702.46,10
CLTIND03664,dormant,1254.96,4
CLTIND03665,dormant,4413.14,9
CLTIND03666,dormant,5159.61,9
CLTIND03667,dormant,2395.49,19
CLTIND03668,dormant,27412.63,10
CLTIND03669,dormant,15250.36,8
CLTIND03671,dormant,976.85,9
CLTIND03672,dormant,365.83,3
CLTIND03673,dormant,4287.56,11
CLTIND03675,dormant,8309.57,12
CLTIND03676,dormant,994.82,5
CLTIND03677,dormant,233.15,7
CLTIND03678,dormant,9887.21,6
CLTIND03679,dormant,8919.39,9
CLTIND03681,dormant,6932.35,8
CLTIND03682,dormant,724.73,9
CLTIND03683,dormant,3246.0,12
CLTIND03685,dormant,1720.37,15
CLTIND03686,dormant,578.23,7
CLTIND03687,dormant,2721.78,8
CLTIND03688,dormant,1121.55,10
CLTIND03689,dormant,32106.6,11
CLTIND03691,dormant,13779.06,14
CLTIND03692,dormant,411.48,12
CLTIND03695,dormant,5773.82,18
CLTIND03696,dormant,4999.65,15
CLTIND03699,dormant,17396.4,16
CLTIND03700,dormant,1565.95,16
CLTIND03701,dormant,1089.25,22
CLTIND03702,dormant,50364.99,18
CLTIND03703,dormant,17657.01,11
CLTIND03705,dormant,2985.5,19
CLTIND03708,dormant,4168.22,6
CLTIND03709,dormant,10015.83,9
CLTIND03710,dormant,7998.26,6
CLTIND03711,dormant,5936.95,6
CLTIND03712,dormant,2793.76,6
CLTIND03713,dormant,3727.62,10
CLTIND03716,dormant,1151.48,8
CLTIND03718,dormant,778.95,11
CLTIND03719,dormant,10872.26,13
CLTIND03721,dormant,68595.18,13
CLTIND03722,dormant,1058.16,7
CLTIND03724,dormant,700.05,8
CLTIND03725,dormant,8726.45,17
CLTIND03726,dormant,1712.88,9
CLTIND03727,dormant,904.96,10
CLTIND03728,dormant,1451.83,12
CLTIND03729,dormant,8390.16,18
CLTIND03731,dormant,554.59,16
CLTIND03733,dormant,2717.05,18
CLTIND03734,dormant,5183.12,7
CLTIND03735,dormant,4585.05,6
CLTIND03736,dormant,1174.58,8
CLTIND03737,dormant,2686.47,18
CLTIND03738,dormant,3827.8,20
CLTIND03739,dormant,10274.15,16
CLTIND03741,dormant,92534.06,30
CLTIND03742,dormant,3397.0,12
CLTIND03743,dormant,25921.53,14
CLTIND03744,dormant,7610.83,2
CLTIND03745,dormant,2649.31,7
CLTIND03746,dormant,99.71,9
CLTIND03749,dormant,26507.56,15
CLTIND03750,dormant,1442.4,16
CLTIND03751,dormant,446.71,13
CLTIND03752,dormant,2924.62,4
CLTIND03755,dormant,7453.36,13
CLTIND03756,dormant,23202.04,7
CLTIND03757,dormant,3170.2,6
CLTIND03758,dormant,3274.4,12
CLTIND03759,dormant,5164.93,15
CLTIND03760,dormant,6141.78,7
CLTIND03762,dormant,2463.57,5
CLTIND03763,dormant,3492.88,5
CLTIND03764,dormant,4470.41,6
CLTIND03765,dormant,11214.57,12
CLTIND03766,dormant,2017.76,11
CLTIND03767,dormant,10305.13,8
CLTIND03768,dormant,2119.07,13
CLTIND03769,dormant,5660.25,8
CLTIND03770,dormant,5820.75,7
CLTIND03772,dormant,11028.84,21
CLTIND03773,dormant,1130.81,5
CLTIND03774,dormant,2037.06,6
CLTIND03775,dormant,68782.32,16
CLTIND03777,dormant,808.93,19
CLTIND03778,dormant,858.37,8
CLTIND03779,dormant,2205.35,12
CLTIND03780,dormant,1183.02,17
CLTIND03781,dormant,1747.88,7
CLTIND03782,dormant,7429.57,15
CLTIND03784,dormant,9001.18,13
CLTIND03785,dormant,2988.97,5
CLTIND03786,dormant,5420.69,15
CLTIND03787,dormant,1617.14,1
CLTIND03788,dormant,405.87,7
CLTIND03789,dormant,1275.14,7
CLTIND03790,dormant,15463.37,14
CLTIND03791,dormant,6624.27,13
CLTIND03793,dormant,29565.19,17
CLTIND03794,dormant,1410.03,21
CLTIND03795,dormant,1439.2,7
CLTIND03796,dormant,4257.96,9
CLTIND03797,dormant,518.39,5
CLTIND03798,dormant,2076.84,6
CLTIND03799,dormant,4431.21,5
CLTIND03800,dormant,3947.16,6
CLTIND03801,dormant,986.28,15
CLTIND03802,dormant,2192.71,19
CLTIND03803,dormant,8997.1,14
CLTIND03804,dormant,7843.78,11
CLTIND03807,dormant,1025.39,17
CLTIND03808,dormant,4684.57,16
CLTIND03809,dormant,19597.16,4
CLTIND03810,dormant,2485.15,14
CLTIND03813,dormant,9360.42,16
CLTIND03814,dormant,16607.55,19
CLTIND03815,dormant,6657.97,16
CLTIND03816,dormant,2172.8,18
CLTIND03817,dormant,5248.88,18
CLTIND03818,dormant,22693.96,9
CLTIND03819,dormant,3758.45,12
CLTIND03820,dormant,1240.36,5
CLTIND03821,dormant,3667.73,18
CLTIND03822,dormant,1582.21,25
CLTIND03823,dormant,24882.47,9
CLTIND03824,dormant,74607.97,8
CLTIND03825,dormant,2457.29,17
CLTIND03826,dormant,3025.09,18
CLTIND03827,dormant,5060.18,18
CLTIND03829,dormant,9249.43,10
CLTIND03830,dormant,4724.36,11
CLTIND03831,dormant,7572.06,16
CLTIND03832,dormant,6917.04,6
CLTIND03833,dormant,751.46,7
CLTIND03834,dormant,631.08,7
CLTIND03835,dormant,8318.18,15
CLTIND03836,dormant,9007.12,10
CLTIND03837,dormant,5062.73,23
CLTIND03838,dormant,8799.17,16
CLTIND03839,dormant,5547.19,5
CLTIND03840,dormant,10011.62,12
CLTIND03841,dormant,1733.55,1
CLTIND03842,dormant,1232.11,15
CLTIND03843,dormant,2167.39,20
CLTIND03844,dormant,2270.08,19
CLTIND03845,dormant,537.3,10
CLTIND03847,dormant,22359.62,12
CLTIND03848,dormant,7846.4,18
CLTIND03850,dormant,9330.75,12
CLTIND03851,dormant,17250.16,14
CLTIND03852,dormant,44760.06,20
CLTIND03853,dormant,2136.77,3
CLTIND03854,dormant,1372.25,13
CLTIND03855,dormant,6331.38,13
CLTIND03856,dormant,1675.25,11
CLTIND03857,dormant,1931.81,10
CLTIND03858,dormant,6908.83,5
CLTIND03859,dormant,1382.72,12
CLTIND03860,dormant,362.48,9
CLTIND03862,dormant,1440.84,13
CLTIND03864,dormant,1136.66,9
CLTIND03865,dormant,742.99,7
CLTIND03866,dormant,1308.6,14
CLTIND03867,dormant,13326.11,16
CLTIND03868,dormant,690.33,13
CLTIND03870,dormant,3230.65,7
CLTIND03872,dormant,5918.94,10
CLTIND03873,dormant,543.41,9
CLTIND03874,dormant,7015.4,10
CLTIND03875,dormant,877.65,8
CLTIND03876,dormant,3589.91,5
CLTIND03878,dormant,6159.78,28
CLTIND03879,dormant,985.2,22
CLTIND03880,dormant,5117.27,14
CLTIND03881,dormant,2032.71,7
CLTIND03882,dormant,15287.69,2
CLTIND03883,dormant,1958.55,11
CLTIND03885,dormant,10973.67,4
CLTIND03886,dormant,24294.92,13
CLTIND03887,dormant,1460.46,5
CLTIND03888,dormant,156.65,3
CLTIND03890,dormant,472.08,11
CLTIND03891,dormant,6833.43,18
CLTIND03892,dormant,34389.5,13
CLTIND03893,dormant,216.67,15
CLTIND03894,dormant,829.4,14
CLTIND03895,dormant,6739.8,16
CLTIND03896,dormant,583.88,9
CLTIND03897,dormant,2303.44,6
CLTIND03898,dormant,1999.19,4
CLTIND03899,dormant,4720.63,13
CLTIND03900,dormant,651.73,21
CLTIND03901,dormant,2201.67,14
CLTIND03902,dormant,4921.8,13
CLTIND03903,dormant,4711.66,19
CLTIND03905,dormant,891.6,5
CLTIND03906,dormant,10709.25,11
CLTIND03907,dormant,4802.83,14
CLTIND03908,dormant,4098.54,13
CLTIND03909,dormant,14515.26,18
CLTIND03910,dormant,6333.93,5
CLTIND03911,dormant,5063.11,16
CLTIND03913,dormant,383.17,10
CLTIND03914,dormant,2783.92,4
CLTIND03915,dormant,27942.12,22
CLTIND03917,dormant,1825.46,8
CLTIND03918,dormant,8788.89,5
CLTIND03919,dormant,3395.74,6
CLTIND03920,dormant,11110.35,16
CLTIND03922,dormant,7549.67,14
CLTIND03923,dormant,5062.94,12
CLTIND03924,dormant,32093.86,21
CLTIND03925,dormant,7133.09,2
CLTIND03926,dormant,8293.15,7
CLTIND03929,dormant,4013.32,6
CLTIND03930,dormant,3935.65,17
CLTIND03931,dormant,2109.05,16
CLTIND03932,dormant,8484.11,8
CLTIND03933,dormant,2026.6,7
CLTIND03934,dormant,3763.74,7
CLTIND03935,dormant,3635.06,8
CLTIND03936,dormant,9676.14,11
CLTIND03937,dormant,3718.74,7
CLTIND03938,dormant,33877.49,15
CLTIND03940,dormant,8993.17,8
CLTIND03941,dormant,7579.17,22
CLTIND03942,dormant,239.27,18
CLTIND03943,dormant,1105.04,17
CLTIND03944,dormant,902.21,7
CLTIND03945,dormant,21541.79,18
CLTIND03946,dormant,417.21,8
CLTIND03947,dormant,22423.76,19
CLTIND03949,dormant,1424.61,21
CLTIND03950,dormant,3755.81,13
CLTIND03951,dormant,4131.0,20
CLTIND03953,dormant,4451.04,7
CLTIND03954,dormant,525.22,9
CLTIND03955,dormant,1173.8,10
CLTIND03956,dormant,3078.51,5
CLTIND03957,dormant,4158.96,10
CLTIND03958,dormant,5000.78,11
CLTIND03960,dormant,9062.5,9
CLTIND03962,dormant,3386.49,9
CLTIND03963,dormant,10950.46,11
CLTIND03964,dormant,2889.64,13
CLTIND03965,dormant,11737.41,18
CLTIND03966,dormant,1281.06,7
CLTIND03967,dormant,5678.9,7
CLTIND03968,dormant,40623.37,13
CLTIND03969,dormant,294.1,9
CLTIND03971,dormant,8590.88,4
CLTIND03972,dormant,1564.13,10
CLTIND03973,dormant,4289.0,3
CLTIND03974,dormant,6278.96,8
CLTIND03975,dormant,2541.65,10
CLTIND03977,dormant,20938.87,24
CLTIND03980,dormant,8398.74,17
CLTIND03981,dormant,836.87,5
CLTIND03982,dormant,4339.79,19
CLTIND03983,dormant,117394.06,10
CLTIND03984,dormant,5194.82,12
CLTIND03985,dormant,6274.11,17
CLTIND03987,dormant,2437.09,8
CLTIND03988,dormant,459.98,4
CLTIND03989,dormant,275.89,10
CLTIND03990,dormant,8448.06,14
CLTIND03991,dormant,1195.32,16
CLTIND03994,dormant,5884.15,17
CLTIND03995,dormant,5563.63,19
CLTIND03996,dormant,2263.24,19
CLTIND03997,dormant,12097.56,12
CLTIND03998,dormant,3062.58,6
CLTIND03999,dormant,2276.32,11
CLTIND04000,dormant,5790.78,10
CLTIND04001,dormant,1373.21,8
CLTIND04002,dormant,1769.41,8
CLTIND04005,dormant,1955.57,14
CLTIND04006,dormant,5467.69,6
CLTIND04007,dormant,3218.13,13
CLTIND04008,dormant,1379.72,8
CLTIND04011,dormant,4896.41,4
CLTIND04012,dormant,5966.75,4
CLTIND04013,dormant,3042.14,3
CLTIND04014,dormant,1318.62,15
CLTIND04016,dormant,4823.33,10
CLTIND04017,dormant,2463.58,10
CLTIND04018,dormant,406.6,5
CLTIND04019,dormant,728.13,18
CLTIND04020,dormant,2559.91,5
CLTIND04021,dormant,3507.37,8
CLTIND04022,dormant,1917.45,11
CLTIND04023,dormant,2801.77,7
CLTIND04024,dormant,4052.52,6
CLTIND04025,dormant,1301.38,8
CLTIND04026,dormant,1702.11,9
CLTIND04027,dormant,768.46,22
CLTIND04028,dormant,3155.54,11
CLTIND04029,dormant,648.53,12
CLTIND04030,dormant,8122.0,15
CLTIND04032,dormant,73625.79,20
CLTIND04033,dormant,2679.6,21
CLTIND04034,dormant,2873.93,4
CLTIND04035,dormant,407.9,8
CLTIND04036,dormant,5496.25,6
CLTIND04037,dormant,884.25,10
CLTIND04038,dormant,841.21,8
CLTIND04039,dormant,5901.62,7
CLTIND04040,dormant,2295.31,6
CLTIND04041,dormant,17419.04,4
CLTIND04042,dormant,428.7,11
CLTIND04045,dormant,756.16,10
CLTIND04046,dormant,1976.48,14
CLTIND04047,dormant,5732.13,13
CLTIND04049,dormant,2408.8,3
CLTIND04050,dormant,370.52,6
CLTIND04051,dormant,2966.97,16
CLTIND04052,dormant,980.84,4
CLTIND04053,dormant,14867.06,24
CLTIND04054,dormant,833.86,10
CLTIND04055,dormant,2134.32,14
CLTIND04057,dormant,4150.91,5
CLTIND04059,dormant,8792.36,18
CLTIND04060,dormant,6014.37,27
CLTIND04061,dormant,8181.05,4
CLTIND04062,dormant,986.71,10
CLTIND04064,dormant,512.95,15
CLTIND04065,dormant,2478.84,11
CLTIND04066,dormant,5823.36,5
CLTIND04067,dormant,1264.05,6
CLTIND04069,dormant,1079.75,13
CLTIND04070,dormant,1497.07,6
CLTIND04072,dormant,750.35,7
CLTIND04073,dormant,1359.18,20
CLTIND04074,dormant,343.65,19
CLTIND04075,dormant,6986.25,11
CLTIND04076,dormant,6865.08,12
CLTIND04078,dormant,1526.46,3
CLTIND04080,dormant,3043.8,6
CLTIND04081,dormant,2840.32,4
CLTIND04082,dormant,399.15,1
CLTIND04083,dormant,8083.23,20
CLTIND04084,dormant,7289.01,18
CLTIND04086,dormant,12288.52,14
CLTIND04088,dormant,11787.32,15
CLTIND04089,dormant,1038.24,16
CLTIND04091,dormant,5471.85,16
CLTIND04092,dormant,4052.3,32
CLTIND04093,dormant,8613.82,12
CLTIND04094,dormant,1430.26,9
CLTIND04095,dormant,1931.61,6
CLTIND04096,dormant,20060.96,8
CLTIND04097,dormant,4815.57,8
CLTIND04098,dormant,1138.0,5
CLTIND04099,dormant,1127.69,4
CLTIND04100,dormant,1060.47,12
CLTIND04101,dormant,917.98,11
CLTIND04102,dormant,533.57,10
CLTIND04103,dormant,4435.71,15
CLTIND04104,dormant,15457.69,11
CLTIND04105,dormant,4641.3,4
CLTIND04106,dormant,1753.52,9
CLTIND04107,dormant,40261.73,18
CLTIND04108,dormant,2506.96,12
CLTIND04109,dormant,7602.89,15
CLTIND04111,dormant,2074.34,6
CLTIND04113,dormant,1720.13,6
CLTIND04114,dormant,13190.08,5
CLTIND04115,dormant,4682.99,7
CLTIND04117,dormant,118.09,10
CLTIND04119,dormant,4222.32,2
CLTIND04120,dormant,4606.97,16
CLTIND04122,dormant,2811.17,9
CLTIND04123,dormant,850.79,6
CLTIND04124,dormant,2095.47,8
CLTIND04125,dormant,4261.23,22
CLTIND04126,dormant,9656.18,6
CLTIND04127,dormant,461.26,6
CLTIND04128,dormant,1116.3,10
CLTIND04129,dormant,24456.28,4
CLTIND04131,dormant,11873.84,13
CLTIND04135,dormant,25346.77,13
CLTIND04136,dormant,22663.98,8
CLTIND04137,dormant,1150.07,9
CLTIND04139,dormant,4221.15,15
CLTIND04140,dormant,18422.21,14
CLTIND04142,dormant,1260.49,12
CLTIND04145,dormant,34224.33,14
CLTIND04146,dormant,16876.54,9
CLTIND04148,dormant,6174.86,9
CLTIND04149,dormant,383.23,10
CLTIND04150,dormant,8988.07,5
CLTIND04151,dormant,3061.09,8
CLTIND04153,dormant,25858.2,8
CLTIND04154,dormant,14800.51,14
CLTIND04155,dormant,33850.36,8
CLTIND04156,dormant,1995.15,8
CLTIND04157,dormant,6283.0,10
CLTIND04158,dormant,1532.19,24
CLTIND04159,dormant,1974.05,3
CLTIND04160,dormant,1504.71,9
CLTIND04161,dormant,7380.6,12
CLTIND04162,dormant,1305.68,7
CLTIND04164,dormant,639.63,10
CLTIND04165,dormant,7278.74,22
CLTIND04166,dormant,1248.64,18
CLTIND04167,dormant,830.1,10
CLTIND04169,dormant,629.65,12
CLTIND04170,dormant,1776.25,15
CLTIND04171,dormant,3122.81,5
CLTIND04172,dormant,785.67,24
CLTIND04173,dormant,1282.1,7
CLTIND04174,dormant,18995.6,10
CLTIND04175,dormant,6236.34,17
CLTIND04176,dormant,7974.5,10
CLTIND04177,dormant,3379.17,14
CLTIND04178,dormant,2957.97,9
CLTIND04179,dormant,5708.4,11
CLTIND04180,dormant,1166.95,12
CLTIND04181,dormant,17917.33,12
CLTIND04182,dormant,39487.29,15
CLTIND04183,dormant,969.38,7
CLTIND04185,dormant,6267.98,7
CLTIND04186,dormant,3252.95,16
CLTIND04188,dormant,1022.99,15
CLTIND04189,dormant,7885.36,23
CLTIND04191,dormant,291.13,12
CLTIND04192,dormant,2752.55,9
CLTIND04193,dormant,4395.46,5
CLTIND04194,dormant,1062.24,17
CLTIND04195,dormant,1554.11,11
CLTIND04196,dormant,5093.02,16
CLTIND04197,dormant,299.82,8
CLTIND04198,dormant,1864.43,13
CLTIND04199,dormant,9313.92,19
CLTIND04200,dormant,1546.32,16
CLTIND04202,dormant,9195.12,8
CLTIND04203,dormant,6473.6,11
CLTIND04204,dormant,4344.82,6
CLTIND04205,dormant,542.68,6
CLTIND04206,dormant,5266.34,10
CLTIND04207,dormant,23545.53,2
CLTIND04208,dormant,789.05,9
CLTIND04209,dormant,2024.59,9
CLTIND04210,dormant,848.7,15
CLTIND04211,dormant,11624.49,14
CLTIND04212,dormant,4238.12,6
CLTIND04213,dormant,13927.58,19
CLTIND04215,dormant,24057.43,10
CLTIND04216,dormant,14845.38,14
CLTIND04217,dormant,1967.16,22
CLTIND04218,dormant,1287.15,11
CLTIND04219,dormant,1442.58,9
CLTIND04220,dormant,912.82,15
CLTIND04221,dormant,10818.58,18
CLTIND04222,dormant,5370.38,13
CLTIND04223,dormant,9774.26,10
CLTIND04224,dormant,2121.57,20
CLTIND04225,dormant,5297.68,10
CLTIND04226,dormant,1492.96,14
CLTIND04227,dormant,6151.83,13
CLTIND04228,dormant,1949.35,13
CLTIND04229,dormant,3068.03,7
CLTIND04230,dormant,5260.39,5
CLTIND04231,dormant,1595.71,15
CLTIND04232,dormant,6931.35,9
CLTIND04233,dormant,4534.1,17
CLTIND04234,dormant,14105.32,19
CLTIND04235,dormant,23276.45,9
CLTIND04236,dormant,3854.73,4
CLTIND04238,dormant,16234.58,15
CLTIND04239,dormant,5818.79,6
CLTIND04240,dormant,3144.63,9
CLTIND04241,dormant,2300.27,14
CLTIND04242,dormant,1327.08,12
CLTIND04244,dormant,2402.18,15
CLTIND04245,dormant,3843.59,7
CLTIND04247,dormant,3973.09,8
CLTIND04249,dormant,4496.25,15
CLTIND04250,dormant,2085.38,11
CLTIND04251,dormant,8663.52,7
CLTIND04252,dormant,673.82,16
CLTIND04253,dormant,13243.48,13
CLTIND04254,dormant,1312.12,10
CLTIND04255,dormant,1862.17,19
CLTIND04256,dormant,5985.96,5
CLTIND04259,dormant,8400.03,14
CLTIND04260,dormant,730.9,13
CLTIND04261,dormant,3755.63,18
CLTIND04263,dormant,12541.49,11
CLTIND04264,dormant,2852.51,9
CLTIND04265,dormant,247.62,3
CLTIND04266,dormant,8765.42,9
CLTIND04267,dormant,4930.42,8
CLTIND04268,dormant,4554.42,6
CLTIND04269,dormant,5601.12,3
CLTIND04270,dormant,2056.94,8
CLTIND04271,dormant,1563.86,10
CLTIND04272,dormant,277.42,13
CLTIND04273,dormant,1969.38,11
CLTIND04274,dormant,7690.34,22
CLTIND04275,dormant,68138.63,7
CLTIND04276,dormant,3092.94,22
CLTIND04277,dormant,796.28,4
CLTIND04278,dormant,15890.55,10
CLTIND04279,dormant,1525.57,19
CLTIND04280,dormant,2635.09,9
CLTIND04281,dormant,7429.72,6
CLTIND04282,dormant,2206.65,4
CLTIND04283,dormant,1481.47,12
CLTIND04284,dormant,1943.17,8
CLTIND04285,dormant,4318.32,9
CLTIND04286,dormant,6581.44,13
CLTIND04287,dormant,2743.95,12
CLTIND04289,dormant,2598.25,6
CLTIND04290,dormant,5515.01,22
CLTIND04291,dormant,4587.8,6
CLTIND04292,dormant,753.44,12
CLTIND04293,dormant,2856.0,13
CLTIND04294,dormant,3681.27,11
CLTIND04295,dormant,799.16,11
CLTIND04296,dormant,15708.98,14
CLTIND04297,dormant,4841.61,12
CLTIND04298,dormant,24014.95,10
CLTIND04299,dormant,7829.36,11
CLTIND04300,dormant,3133.92,13
CLTIND04302,dormant,825.3,11
CLTIND04304,dormant,297.89,6
CLTIND04307,dormant,487.76,17
CLTIND04308,dormant,11843.92,13
CLTIND04309,dormant,3301.99,9
CLTIND04310,dormant,3490.17,3
CLTIND04312,dormant,1417.84,11
CLTIND04314,dormant,5937.24,13
CLTIND04315,dormant,11306.89,7
CLTIND04316,dormant,6913.53,11
CLTIND04317,dormant,3844.29,8
CLTIND04318,dormant,700.48,9
CLTIND04319,dormant,21327.7,4
CLTIND04321,dormant,7291.06,13
CLTIND04322,dormant,1099.51,9
CLTIND04324,dormant,4038.56,3
CLTIND04325,dormant,857.02,8
CLTIND04326,dormant,3583.27,11
CLTIND04327,dormant,1476.31,5
CLTIND04328,dormant,3798.47,6
CLTIND04329,dormant,1167.32,6
CLTIND04330,dormant,14188.7,21
CLTIND04331,dormant,6444.22,16
CLTIND04332,dormant,3339.07,9
CLTIND04333,dormant,5707.93,10
CLTIND04335,dormant,1220.76,8
CLTIND04336,dormant,9924.11,9
CLTIND04337,dormant,2832.33,7
CLTIND04338,dormant,2681.1,21
CLTIND04340,dormant,4105.47,17
CLTIND04341,dormant,3439.6,7
CLTIND04342,dormant,1258.87,10
CLTIND04343,dormant,8528.07,16
CLTIND04344,dormant,8292.8,8
CLTIND04345,dormant,3060.01,13
CLTIND04346,dormant,6523.14,16
CLTIND04348,dormant,4335.16,6
CLTIND04350,dormant,1825.99,7
CLTIND04351,dormant,1607.03,19
CLTIND04352,dormant,1735.76,8
CLTIND04353,dormant,913.76,12
CLTIND04354,dormant,464.18,15
CLTIND04355,dormant,2522.23,15
CLTIND04356,dormant,6528.39,11
CLTIND04357,dormant,9781.21,12
CLTIND04358,dormant,314.62,10
CLTIND04359,dormant,33378.17,19
CLTIND04360,dormant,2430.44,16
CLTIND04361,dormant,3409.18,4
CLTIND04362,dormant,2188.31,10
CLTIND04363,dormant,3319.92,9
CLTIND04364,dormant,10355.45,17
CLTIND04365,dormant,9191.8,8
CLTIND04366,dormant,1278.79,9
CLTIND04367,dormant,11400.46,6
CLTIND04369,dormant,3317.0,17
CLTIND04370,dormant,723.92,13
CLTIND04371,dormant,5899.08,8
CLTIND04372,dormant,4981.82,6
CLTIND04373,dormant,1712.49,8
CLTIND04374,dormant,2162.16,7
CLTIND04375,dormant,4365.39,12
CLTIND04376,dormant,4702.58,6
CLTIND04377,dormant,4417.24,18
CLTIND04378,dormant,33103.51,10
CLTIND04379,dormant,3973.27,16
CLTIND04380,dormant,9028.29,6
CLTIND04381,dormant,1359.27,8
CLTIND04382,dormant,5109.91,10
CLTIND04383,dormant,790.92,9
CLTIND04384,dormant,1825.33,11
CLTIND04385,dormant,5821.11,20
CLTIND04386,dormant,6294.06,4
CLTIND04389,dormant,2303.5,8
CLTIND04390,dormant,1673.47,20
CLTIND04391,dormant,2592.69,6
CLTIND04393,dormant,1098.12,21
CLTIND04394,dormant,1297.57,6
CLTIND04395,dormant,5476.11,2
CLTIND04396,dormant,2399.36,4
CLTIND04397,dormant,2593.63,17
CLTIND04398,dormant,5647.42,16
CLTIND04399,dormant,2721.34,10
CLTIND04400,dormant,7904.21,7
CLTIND04401,dormant,9750.91,14
CLTIND04402,dormant,4047.52,16
CLTIND04403,dormant,1045.16,9
CLTIND04404,dormant,5695.65,18
CLTIND04405,dormant,559.59,3
CLTIND04406,dormant,2487.62,11
CLTIND04407,dormant,22832.52,13
CLTIND04408,dormant,9194.16,25
CLTIND04409,dormant,1445.18,10
CLTIND04410,dormant,3185.64,5
CLTIND04411,dormant,2480.58,12
CLTIND04412,dormant,3327.49,11
CLTIND04413,dormant,2304.0,6
CLTIND04414,dormant,2546.93,10
CLTIND04415,dormant,7308.14,13
CLTIND04416,dormant,8901.4,12
CLTIND04417,dormant,1555.2,4
CLTIND04418,dormant,1012.69,10
CLTIND04419,dormant,520.33,7
CLTIND04420,dormant,4643.03,11
CLTIND04421,dormant,844.72,12
CLTIND04422,dormant,10694.95,15
CLTIND04424,dormant,15057.37,13
CLTIND04425,dormant,894.76,16
CLTIND04426,dormant,2406.87,11
CLTIND04427,dormant,8038.4,11
CLTIND04428,dormant,1888.09,13
CLTIND04429,dormant,7462.19,8
CLTIND04430,dormant,2316.9,8
CLTIND04431,dormant,8622.13,5
CLTIND04432,dormant,2455.25,6
CLTIND04433,dormant,17980.7,7
CLTIND04434,dormant,4794.45,7
CLTIND04439,dormant,3037.29,11
CLTIND04440,dormant,1977.69,11
CLTIND04441,dormant,13114.68,19
CLTIND04442,dormant,3933.7,12
CLTIND04443,dormant,894.44,18
CLTIND04444,dormant,3402.02,11
CLTIND04445,dormant,28238.41,12
CLTIND04446,dormant,6219.56,7
CLTIND04447,dormant,581.56,14
CLTIND04448,dormant,5446.74,12
CLTIND04449,dormant,605.79,6
CLTIND04450,dormant,1030.08,5
CLTIND04451,dormant,11829.3,5
CLTIND04452,dormant,4872.36,7
CLTIND04453,dormant,663.19,3
CLTIND04454,dormant,2025.52,4
CLTIND04455,dormant,889.11,18
CLTIND04457,dormant,1849.93,7
CLTIND04460,dormant,1494.06,7
CLTIND04461,dormant,13696.88,17
CLTIND04462,dormant,2829.05,8
CLTIND04463,dormant,424.76,9
CLTIND04464,dormant,1662.37,10
CLTIND04465,dormant,5404.23,7
CLTIND04466,dormant,3491.26,18
CLTIND04468,dormant,2617.9,9
CLTIND04469,dormant,3813.41,16
CLTIND04470,dormant,18129.08,22
CLTIND04471,dormant,5624.44,14
CLTIND04472,dormant,1060.67,14
CLTIND04473,dormant,13775.44,15
CLTIND04474,dormant,3432.24,15
CLTIND04475,dormant,3545.95,10
CLTIND04476,dormant,14465.85,14
CLTIND04477,dormant,31601.72,10
CLTIND04479,dormant,1571.66,15
CLTIND04480,dormant,2056.39,11
CLTIND04481,dormant,2440.06,5
CLTIND04482,dormant,3711.04,6
CLTIND04483,dormant,4538.48,13
CLTIND04484,dormant,6448.29,10
CLTIND04485,dormant,988.47,10
CLTIND04487,dormant,1714.77,11
CLTIND04490,dormant,2646.7,18
CLTIND04491,dormant,2198.94,3
CLTIND04492,dormant,2030.19,7
CLTIND04494,dormant,5053.42,6
CLTIND04496,dormant,23170.26,14
CLTIND04497,dormant,9277.99,12
CLTIND04498,dormant,14626.35,23
CLTIND04499,dormant,7199.97,9
CLTIND04500,dormant,7361.43,3
CLTIND04501,dormant,1838.96,11
CLTIND04502,dormant,4429.38,9
CLTIND04503,dormant,19765.64,10
CLTIND04504,dormant,3988.11,14
CLTIND04506,dormant,4476.98,5
CLTIND04509,dormant,21815.04,21
CLTIND04510,dormant,4588.22,10
CLTIND04511,dormant,1383.8,6
CLTIND04512,dormant,3449.97,13
CLTIND04513,dormant,8759.36,15
CLTIND04514,dormant,5121.94,10
CLTIND04515,dormant,3714.32,3
CLTIND04516,dormant,1295.71,5
CLTIND04517,dormant,1326.71,8
CLTIND04518,dormant,232.81,5
CLTIND04519,dormant,625.18,8
CLTIND04520,dormant,7543.94,3
CLTIND04521,dormant,667.88,6
CLTIND04522,dormant,3580.2,15
CLTIND04523,dormant,6278.35,9
CLTIND04524,dormant,66363.55,19
CLTIND04525,dormant,18049.68,11
CLTIND04526,dormant,10531.48,2
CLTIND04527,dormant,23048.66,18
CLTIND04529,dormant,24345.58,11
CLTIND04530,dormant,13577.8,14
CLTIND04531,dormant,8573.07,23
CLTIND04533,dormant,14835.14,18
CLTIND04534,dormant,26422.8,12
CLTIND04535,dormant,170.77,9
CLTIND04536,dormant,21797.28,14
CLTIND04537,dormant,2713.26,5
CLTIND04539,dormant,9297.81,2
CLTIND04540,dormant,8625.19,11
CLTIND04542,dormant,7395.04,13
CLTIND04543,dormant,1657.69,10
CLTIND04544,dormant,31838.02,15
CLTIND04547,dormant,10124.16,19
CLTIND04548,dormant,777.88,5
CLTIND04549,dormant,1728.94,10
CLTIND04550,dormant,1394.46,12
CLTIND04551,dormant,5021.12,15
CLTIND04552,dormant,285.6,12
CLTIND04553,dormant,4687.93,7
CLTIND04554,dormant,4316.27,7
CLTIND04555,dormant,3562.02,7
CLTIND04556,dormant,2776.84,9
CLTIND04557,dormant,511.58,4
CLTIND04558,dormant,1981.36,10
CLTIND04559,dormant,5603.38,7
CLTIND04560,dormant,6070.95,13
CLTIND04561,dormant,4390.72,12
CLTIND04562,dormant,4294.79,15
CLTIND04563,dormant,702.8,7
CLTIND04564,dormant,12970.16,15
CLTIND04565,dormant,7494.22,27
CLTIND04567,dormant,9019.59,10
CLTIND04568,dormant,7734.47,11
CLTIND04570,dormant,2315.4,8
CLTIND04571,dormant,326.24,4
CLTIND04572,dormant,2792.45,3
CLTIND04573,dormant,1623.11,7
CLTIND04574,dormant,19737.42,8
CLTIND04575,dormant,7848.37,4
CLTIND04576,dormant,4407.93,17
CLTIND04577,dormant,5479.01,25
CLTIND04578,dormant,1809.57,9
CLTIND04579,dormant,4945.38,4
CLTIND04580,dormant,1686.84,9
CLTIND04581,dormant,1206.05,14
CLTIND04582,dormant,1412.13,13
CLTIND04583,dormant,1078.8,9
CLTIND04584,dormant,2949.89,8
CLTIND04585,dormant,1899.47,13
CLTIND04586,dormant,4766.93,12
CLTIND04587,dormant,3467.85,7
CLTIND04588,dormant,4032.33,11
CLTIND04589,dormant,42284.78,13
CLTIND04590,dormant,8400.44,14
CLTIND04591,dormant,6351.29,15
CLTIND04592,dormant,9937.78,10
CLTIND04593,dormant,100867.5,15
CLTIND04595,dormant,3550.44,4
CLTIND04596,dormant,1227.48,5
CLTIND04598,dormant,2697.79,11
CLTIND04599,dormant,1981.24,8
CLTIND04600,dormant,4545.66,22
CLTIND04601,dormant,1506.45,8
CLTIND04602,dormant,4447.12,7
CLTIND04603,dormant,1504.07,0
CLTIND04604,dormant,11976.68,11
CLTIND04605,dormant,4008.24,9
CLTIND04608,dormant,202.48,15
CLTIND04610,dormant,1352.88,15
CLTIND04611,dormant,7643.73,9
CLTIND04612,dormant,5307.66,9
CLTIND04613,dormant,3465.39,12
CLTIND04614,dormant,1727.35,5
CLTIND04615,dormant,5456.31,9
CLTIND04616,dormant,27705.84,9
CLTIND04617,dormant,789.86,5
CLTIND04618,dormant,6887.28,10
CLTIND04620,dormant,394.62,17
CLTIND04622,dormant,1546.23,5
CLTIND04624,dormant,750.79,26
CLTIND04625,dormant,23492.48,15
CLTIND04628,dormant,7152.47,11
CLTIND04629,dormant,7731.15,15
CLTIND04630,dormant,1831.17,8
CLTIND04631,dormant,2735.11,11
CLTIND04632,dormant,5624.52,8
CLTIND04633,dormant,9569.6,9
CLTIND04634,dormant,15028.72,9
CLTIND04635,dormant,3036.95,12
CLTIND04636,dormant,1430.07,10
CLTIND04637,dormant,6850.34,19
CLTIND04639,dormant,5368.18,14
CLTIND04641,dormant,9027.24,11
CLTIND04642,dormant,1866.98,14
CLTIND04643,dormant,16761.04,18
CLTIND04644,dormant,2447.66,6
CLTIND04646,dormant,2129.1,9
CLTIND04647,dormant,4067.11,8
CLTIND04648,dormant,2196.52,13
CLTIND04649,dormant,3438.56,14
CLTIND04650,dormant,1258.75,16
CLTIND04651,dormant,2387.02,10
CLTIND04653,dormant,1056.87,5
CLTIND04656,dormant,54149.88,8
CLTIND04657,dormant,914.6,6
CLTIND04658,dormant,808.21,9
CLTIND04659,dormant,1897.11,11
CLTIND04660,dormant,1429.2,9
CLTIND04662,dormant,11054.16,13
CLTIND04663,dormant,1412.52,14
CLTIND04664,dormant,2715.13,4
CLTIND04665,dormant,21418.83,19
CLTIND04666,dormant,1790.06,15
CLTIND04667,dormant,2110.97,15
CLTIND04668,dormant,767.06,21
CLTIND04669,dormant,2515.2,4
CLTIND04670,dormant,13212.33,11
CLTIND04671,dormant,24805.97,18
CLTIND04672,dormant,4151.78,14
CLTIND04673,dormant,1347.66,18
CLTIND04674,dormant,776.87,16
CLTIND04675,dormant,2845.42,17
CLTIND04676,dormant,5712.55,5
CLTIND04677,dormant,4376.57,10
CLTIND04678,dormant,2191.76,13
CLTIND04679,dormant,925.78,11
CLTIND04680,dormant,8877.37,16
CLTIND04682,dormant,1579.03,15
CLTIND04683,dormant,5361.71,8
CLTIND04684,dormant,1927.19,9
CLTIND04685,dormant,1279.93,20
CLTIND04686,dormant,1503.87,9
CLTIND04687,dormant,4753.22,1
CLTIND04688,dormant,387.91,8
CLTIND04689,dormant,1531.28,11
CLTIND04690,dormant,44465.43,17
CLTIND04691,dormant,1036.22,8
CLTIND04692,dormant,347.07,6
CLTIND04693,dormant,8104.18,10
CLTIND04694,dormant,2534.72,8
CLTIND04695,dormant,929.8,10
CLTIND04696,dormant,6739.91,20
CLTIND04697,dormant,4531.71,20
CLTIND04698,dormant,1290.34,13
CLTIND04699,dormant,1390.67,6
CLTIND04701,dormant,2491.18,13
CLTIND04703,dormant,9061.93,20
CLTIND04704,dormant,2732.31,11
CLTIND04705,dormant,2146.81,9
CLTIND04706,dormant,2304.33,1
CLTIND04708,dormant,2040.46,6
CLTIND04709,dormant,719.28,15
CLTIND04710,dormant,1248.31,6
CLTIND04711,dormant,4948.5,12
CLTIND04713,dormant,3699.06,18
CLTIND04714,dormant,999.29,21
CLTIND04715,dormant,10996.1,9
CLTIND04716,dormant,2992.43,21
CLTIND04717,dormant,5972.27,10
CLTIND04719,dormant,784.43,7
CLTIND04720,dormant,1239.19,18
CLTIND04721,dormant,1664.36,8
CLTIND04722,dormant,3536.33,9
CLTIND04723,dormant,4142.37,5
CLTIND04724,dormant,3439.37,15
CLTIND04725,dormant,6395.79,8
CLTIND04726,dormant,3019.62,9
CLTIND04727,dormant,4212.42,13
CLTIND04728,dormant,1610.07,17
CLTIND04730,dormant,1626.84,8
CLTIND04731,dormant,1101.12,10
CLTIND04732,dormant,16670.11,21
CLTIND04733,dormant,1926.08,2
CLTIND04735,dormant,11048.43,14
CLTIND04736,dormant,9161.41,12
CLTIND04737,dormant,806.57,11
CLTIND04738,dormant,145.38,4
CLTIND04740,dormant,1110.9,7
CLTIND04741,dormant,1716.74,9
CLTIND04742,dormant,948.75,13
CLTIND04744,dormant,4316.04,14
CLTIND04745,dormant,2612.39,14
CLTIND04746,dormant,2899.09,7
CLTIND04749,dormant,1932.56,6
CLTIND04751,dormant,2871.56,6
CLTIND04752,dormant,9869.94,16
CLTIND04754,dormant,199.13,5
CLTIND04755,dormant,49393.68,15
CLTIND04757,dormant,376.57,13
CLTIND04758,dormant,2682.12,11
CLTIND04759,dormant,4530.69,13
CLTIND04760,dormant,18564.27,22
CLTIND04761,dormant,1321.57,8
CLTIND04762,dormant,2040.54,8
CLTIND04763,dormant,4293.94,15
CLTIND04764,dormant,8707.18,8
CLTIND04765,dormant,1650.95,7
CLTIND04767,dormant,823.55,10
CLTIND04768,dormant,1391.77,7
CLTIND04769,dormant,361.51,11
CLTIND04770,dormant,1613.42,11
CLTIND04771,dormant,7645.11,5
CLTIND04772,dormant,6522.65,4
CLTIND04773,dormant,4452.65,7
CLTIND04774,dormant,1271.58,14
CLTIND04776,dormant,519.16,9
CLTIND04777,dormant,516.14,8
CLTIND04778,dormant,3282.26,7
CLTIND04779,dormant,6441.51,8
CLTIND04781,dormant,2995.36,10
CLTIND04782,dormant,2436.2,9
CLTIND04783,dormant,1663.86,12
CLTIND04784,dormant,1064.75,18
CLTIND04785,dormant,19035.08,16
CLTIND04786,dormant,8324.25,8
CLTIND04788,dormant,1564.7,7
CLTIND04789,dormant,899.74,18
CLTIND04790,dormant,35638.0,9
CLTIND04791,dormant,3150.35,15
CLTIND04792,dormant,5413.4,5
CLTIND04793,dormant,2202.57,14
CLTIND04794,dormant,45351.1,7
CLTIND04795,dormant,3401.9,13
CLTIND04797,dormant,1030.41,9
CLTIND04798,dormant,12436.56,4
CLTIND04799,dormant,1513.6,14
CLTIND04800,dormant,3687.22,11
CLTIND04801,dormant,3438.19,3
CLTIND04803,dormant,3893.13,16
CLTIND04805,dormant,2195.17,15
CLTIND04806,dormant,4348.38,10
CLTIND04807,dormant,1860.39,16
CLTIND04808,dormant,598.86,13
CLTIND04809,dormant,383.15,6
CLTIND04810,dormant,4290.65,11
CLTIND04811,dormant,963.47,10
CLTIND04815,dormant,43189.43,17
CLTIND04816,dormant,6469.8,13
CLTIND04817,dormant,1629.85,6
CLTIND04818,dormant,17812.62,3
CLTIND04819,dormant,6036.62,18
CLTIND04820,dormant,3262.14,11
CLTIND04821,dormant,1444.61,19
CLTIND04822,dormant,1941.46,5
CLTIND04823,dormant,48721.48,11
CLTIND04824,dormant,4206.1,10
CLTIND04827,dormant,634.73,5
CLTIND04828,dormant,6627.57,12
CLTIND04829,dormant,1155.57,11
CLTIND04830,dormant,1853.95,6
CLTIND04833,dormant,21178.38,19
CLTIND04834,dormant,1041.72,14
CLTIND04835,dormant,2310.58,3
CLTIND04836,dormant,278.1,21
CLTIND04837,dormant,3341.32,8
CLTIND04839,dormant,6950.49,19
CLTIND04840,dormant,607.54,6
CLTIND04841,dormant,1549.11,19
CLTIND04842,dormant,6642.85,13
CLTIND04843,dormant,5848.32,6
CLTIND04845,dormant,6230.76,9
CLTIND04847,dormant,5198.16,6
CLTIND04848,dormant,4102.9,9
CLTIND04849,dormant,1615.62,12
CLTIND04850,dormant,10265.01,10
CLTIND04851,dormant,32686.63,17
CLTIND04852,dormant,1151.5,7
CLTIND04854,dormant,2399.17,13
CLTIND04855,dormant,2649.75,11
CLTIND04856,dormant,6465.13,13
CLTIND04857,dormant,7947.48,20
CLTIND04858,dormant,20028.79,19
CLTIND04859,dormant,918.62,6
CLTIND04860,dormant,4233.36,18
CLTIND04861,dormant,15942.3,7
CLTIND04862,dormant,3789.83,18
CLTIND04863,dormant,16733.35,21
CLTIND04864,dormant,1227.44,11
CLTIND04865,dormant,3456.16,7
CLTIND04866,dormant,480.35,11
CLTIND04869,dormant,473.53,4
CLTIND04870,dormant,4180.13,14
CLTIND04871,dormant,3488.65,17
CLTIND04872,dormant,7726.73,16
CLTIND04873,dormant,3032.87,12
CLTIND04874,dormant,2082.37,6
CLTIND04875,dormant,5931.19,14
CLTIND04876,dormant,1584.31,5
CLTIND04877,dormant,1702.98,12
CLTIND04878,dormant,1569.31,3
CLTIND04879,dormant,2076.27,13
CLTIND04880,dormant,778.06,12
CLTIND04881,dormant,1804.37,16
CLTIND04883,dormant,3175.26,15
CLTIND04884,dormant,3767.15,19
CLTIND04885,dormant,1969.41,9
CLTIND04887,dormant,14655.94,10
CLTIND04888,dormant,2534.9,11
CLTIND04889,dormant,1413.16,14
CLTIND04891,dormant,4593.48,5
CLTIND04892,dormant,21343.49,10
CLTIND04893,dormant,3250.67,15
CLTIND04894,dormant,4073.72,18
CLTIND04895,dormant,1542.04,4
CLTIND04896,dormant,4211.35,8
CLTIND04897,dormant,2447.97,13
CLTIND04899,dormant,2618.11,4
CLTIND04900,dormant,2976.12,12
CLTIND04901,dormant,3997.87,7
CLTIND04902,dormant,10569.16,22
CLTIND04903,dormant,15538.01,13
CLTIND04904,dormant,4658.28,10
CLTIND04905,dormant,13102.35,11
CLTIND04906,dormant,5998.67,8
CLTIND04908,dormant,689.19,13
CLTIND04909,dormant,597.56,7
CLTIND04910,dormant,27138.94,13
CLTIND04911,dormant,14526.85,9
CLTIND04912,dormant,2543.0,8
CLTIND04914,dormant,7316.58,18
CLTIND04915,dormant,5491.3,16
CLTIND04916,dormant,374.69,12
CLTIND04917,dormant,1915.29,9
CLTIND04918,dormant,16742.9,21
CLTIND04919,dormant,6963.91,6
CLTIND04920,dormant,1882.46,10
CLTIND04921,dormant,1013.87,19
CLTIND04922,dormant,7543.47,22
CLTIND04923,dormant,943.2,14
CLTIND04924,dormant,7727.1,20
CLTIND04925,dormant,8813.21,7
CLTIND04926,dormant,10483.74,7
CLTIND04928,dormant,8145.14,12
CLTIND04929,dormant,3171.47,16
CLTIND04930,dormant,6644.12,11
CLTIND04931,dormant,512.07,9
CLTIND04932,dormant,2304.03,16
CLTIND04933,dormant,4188.88,13
CLTIND04935,dormant,1289.17,12
CLTIND04936,dormant,13601.18,10
CLTIND04937,dormant,2719.31,8
CLTIND04938,dormant,4282.54,6
CLTIND04939,dormant,1036.23,11
CLTIND04942,dormant,1096.06,10
CLTIND04943,dormant,7233.33,19
CLTIND04944,dormant,4130.87,6
CLTIND04946,dormant,2173.91,17
CLTIND04949,dormant,1634.14,10
CLTIND04950,dormant,1898.84,18
CLTIND04952,dormant,27198.86,12
CLTIND04953,dormant,909.42,8
CLTIND04954,dormant,5178.04,9
CLTIND04955,dormant,7487.63,14
CLTIND04957,dormant,7261.22,5
CLTIND04958,dormant,995.05,6
CLTIND04960,dormant,4550.85,9
CLTIND04961,dormant,3376.08,12
CLTIND04962,dormant,6146.17,5
CLTIND04963,dormant,5120.61,15
CLTIND04964,dormant,2032.39,9
CLTIND04965,dormant,12642.49,18
CLTIND04966,dormant,201094.0,17
CLTIND04967,dormant,4307.16,16
CLTIND04968,dormant,20713.51,7
CLTIND04969,dormant,1116.17,15
CLTIND04970,dormant,1466.41,18
CLTIND04971,dormant,6647.23,15
CLTIND04974,dormant,3761.94,3
CLTIND04975,dormant,18542.83,15
CLTIND04977,dormant,1552.92,20
CLTIND04978,dormant,8033.77,14
CLTIND04979,dormant,11242.33,17
CLTIND04980,dormant,21073.79,7
CLTIND04981,dormant,12426.74,20
CLTIND04983,dormant,18397.05,24
CLTIND04985,dormant,2210.57,13
CLTIND04986,dormant,4363.79,20
CLTIND04987,dormant,33819.09,16
CLTIND04988,dormant,6022.87,13
CLTIND04989,dormant,858.96,4
CLTIND04990,dormant,10410.24,7
CLTIND04991,dormant,1792.0,17
CLTIND04993,dormant,5157.52,6
CLTIND04996,dormant,1393.66,5
CLTIND04997,dormant,17663.82,8
CLTIND04998,dormant,2650.81,11
CLTIND04999,dormant,3022.42,4
CLTIND05000,dormant,1520.94,24
CLTIND05001,dormant,14824.12,5
CLTIND05002,dormant,7161.38,17
CLTIND05003,dormant,1110.88,6
CLTIND05004,dormant,1661.45,5
CLTIND05005,dormant,2237.95,20
CLTIND05006,dormant,4809.57,5
CLTIND05007,dormant,2956.93,17
CLTIND05008,dormant,6630.34,8
CLTIND05009,dormant,3922.55,6
CLTIND05010,dormant,6432.17,7
CLTIND05011,dormant,2671.11,9
CLTIND05012,dormant,7036.86,6
CLTIND05013,dormant,3296.37,11
CLTIND05014,dormant,658.37,7
CLTIND05015,dormant,3439.19,14
CLTIND05016,dormant,9976.43,5
CLTIND05017,dormant,13447.06,15
CLTIND05018,dormant,2379.99,13
CLTIND05019,dormant,3620.87,12
CLTIND05020,dormant,5394.96,12
CLTIND05021,dormant,3435.25,6
CLTIND05022,dormant,4242.72,6
CLTIND05023,dormant,2853.28,13
CLTIND05024,dormant,4529.72,10
CLTIND05026,dormant,1083.81,14
CLTIND05028,dormant,22909.02,7
CLTIND05029,dormant,4850.61,14
CLTIND05030,dormant,38466.73,13
CLTIND05031,dormant,3520.55,9
CLTIND05032,dormant,4627.29,15
CLTIND05034,dormant,22568.24,13
CLTIND05035,dormant,1432.26,1
CLTIND05036,dormant,562.22,12
CLTIND05038,dormant,11030.66,16
CLTIND05039,dormant,9347.4,22
CLTIND05040,dormant,1705.4,11
CLTIND05041,dormant,1612.17,9
CLTIND05042,dormant,1198.12,8
CLTIND05043,dormant,63419.2,5
CLTIND05044,dormant,4249.45,9
CLTIND05045,dormant,1179.63,9
CLTIND05046,dormant,5582.48,22
CLTIND05047,dormant,1118.69,11
CLTIND05048,dormant,1644.55,14
CLTIND05049,dormant,1263.88,11
CLTIND05050,dormant,3816.5,20
CLTIND05051,dormant,1440.85,18
CLTIND05053,dormant,2769.93,11
CLTIND05054,dormant,3360.9,13
CLTIND05055,dormant,2672.5,18
CLTIND05056,dormant,2192.77,11
CLTIND05059,dormant,8522.26,10
CLTIND05060,dormant,9128.0,10
CLTIND05061,dormant,6692.68,9
CLTIND05062,dormant,1525.0,14
CLTIND05063,dormant,32610.21,12
CLTIND05064,dormant,3496.54,9
CLTIND05065,dormant,10907.08,12
CLTIND05066,dormant,2432.31,8
CLTIND05067,dormant,4541.41,13
CLTIND05068,dormant,4268.8,7
CLTIND05069,dormant,2480.53,4
CLTIND05070,dormant,10027.68,8
CLTIND05071,dormant,4120.9,3
CLTIND05073,dormant,2495.01,8
CLTIND05074,dormant,2938.24,8
CLTIND05075,dormant,14303.78,17
CLTIND05076,dormant,5911.36,10
CLTIND05077,dormant,10969.21,16
CLTIND05079,dormant,5436.45,20
CLTIND05080,dormant,1847.99,15
CLTIND05081,dormant,6030.43,13
CLTIND05082,dormant,2715.18,14
CLTIND05083,dormant,2056.3,13
CLTIND05084,dormant,697.83,9
CLTIND05085,dormant,7950.36,12
CLTIND05086,dormant,3525.53,5
CLTIND05087,dormant,6496.03,7
CLTIND05088,dormant,5554.67,9
CLTIND05090,dormant,511.35,7
CLTIND05091,dormant,5278.6,21
CLTIND05092,dormant,1741.55,17
CLTIND05093,dormant,1214.71,15
CLTIND05094,dormant,2102.08,8
CLTIND05096,dormant,2747.06,9
CLTIND05097,dormant,1639.9,9
CLTIND05098,dormant,7543.64,11
CLTIND05099,dormant,5411.36,21
CLTIND05100,dormant,3903.17,3
CLTIND05101,dormant,2152.04,17
CLTIND05102,dormant,9625.28,8
CLTIND05103,dormant,5327.42,7
CLTIND05104,dormant,1056.08,3
CLTIND05105,dormant,2546.43,10
CLTIND05106,dormant,1307.47,9
CLTIND05108,dormant,4041.7,8
CLTIND05109,dormant,2680.26,19
CLTIND05110,dormant,1418.11,16
CLTIND05111,dormant,2765.29,13
CLTIND05112,dormant,1097.49,3
CLTIND05113,dormant,9541.17,5
CLTIND05114,dormant,6082.78,15
CLTIND05115,dormant,3069.48,11
CLTIND05116,dormant,884.75,12
CLTIND05117,dormant,9266.42,18
CLTIND05118,dormant,8089.3,29
CLTIND05119,dormant,516.41,9
CLTIND05120,dormant,2257.07,7
CLTIND05122,dormant,2989.95,16
CLTIND05124,dormant,3596.95,18
CLTIND05125,dormant,5855.2,31
CLTIND05126,dormant,1556.8,17
CLTIND05128,dormant,2957.33,13
CLTIND05130,dormant,1222.44,5
CLTIND05131,dormant,2617.72,7
CLTIND05132,dormant,105.8,1
CLTIND05133,dormant,7024.01,3
CLTIND05134,dormant,2632.82,8
CLTIND05135,dormant,788.55,14
CLTIND05136,dormant,4759.77,10
CLTIND05138,dormant,545.12,10
CLTIND05139,dormant,2424.22,11
CLTIND05140,dormant,3359.83,9
CLTIND05141,dormant,363.57,10
CLTIND05142,dormant,2129.39,9
CLTIND05143,dormant,3913.69,15
CLTIND05144,dormant,9515.32,13
CLTIND05145,dormant,3803.34,9
CLTIND05147,dormant,4205.05,3
CLTIND05148,dormant,6150.66,11
CLTIND05150,dormant,1162.11,22
CLTIND05151,dormant,991.17,6
CLTIND05152,dormant,914.06,18
CLTIND05153,dormant,7490.54,17
CLTIND05154,dormant,9792.03,5
CLTIND05156,dormant,7586.43,8
CLTIND05157,dormant,8381.73,8
CLTIND05158,dormant,6573.88,13
CLTIND05159,dormant,2215.76,3
CLTIND05160,dormant,7040.81,11
CLTIND05161,dormant,2638.34,8
CLTIND05162,dormant,4858.98,8
CLTIND05163,dormant,2757.54,3
CLTIND05165,dormant,4957.77,19
CLTIND05166,dormant,2785.63,16
CLTIND05167,dormant,9827.32,24
CLTIND05169,dormant,4174.09,15
CLTIND05170,dormant,778.76,6
CLTIND05171,dormant,13798.67,8
CLTIND05172,dormant,2994.73,12
CLTIND05173,dormant,908.73,6
CLTIND05174,dormant,3991.74,3
CLTIND05176,dormant,1084.66,10
CLTIND05178,dormant,6279.24,14
CLTIND05180,dormant,11154.15,12
CLTIND05181,dormant,8866.57,10
CLTIND05183,dormant,2593.81,16
CLTIND05184,dormant,8415.38,15
CLTIND05185,dormant,12132.65,9
CLTIND05186,dormant,271.46,8
CLTIND05187,dormant,8095.05,11
CLTIND05188,dormant,1792.72,5
CLTIND05189,dormant,3329.4,10
CLTIND05191,dormant,12925.74,8
CLTIND05192,dormant,2861.8,10
CLTIND05193,dormant,2410.74,13
CLTIND05194,dormant,18940.12,21
CLTIND05195,dormant,1516.31,13
CLTIND05196,dormant,3675.24,7
CLTIND05198,dormant,1922.2,18
CLTIND05199,dormant,6082.72,8
CLTIND05201,dormant,5782.37,15
CLTIND05202,dormant,33569.17,9
CLTIND05203,dormant,10682.24,18
CLTIND05204,dormant,64087.29,25
CLTIND05205,dormant,3107.99,11
CLTIND05206,dormant,2343.85,8
CLTIND05207,dormant,9086.6,9
CLTIND05209,dormant,1523.6,19
CLTIND05210,dormant,4969.32,11
CLTIND05212,dormant,4208.13,26
CLTIND05213,dormant,8791.97,10
CLTIND05214,dormant,4225.39,9
CLTIND05215,dormant,1181.62,12
CLTIND05216,dormant,16538.5,14
CLTIND05217,dormant,3964.89,3
CLTIND05218,dormant,5090.26,8
CLTIND05219,dormant,2005.17,10
CLTIND05220,dormant,729.22,5
CLTIND05221,dormant,3287.46,5
CLTIND05222,dormant,3182.23,13
CLTIND05223,dormant,1009.47,5
CLTIND05225,dormant,3710.91,7
CLTIND05226,dormant,60689.03,20
CLTIND05228,dormant,3774.69,19
CLTIND05229,dormant,2422.95,8
CLTIND05230,dormant,10781.55,17
CLTIND05232,dormant,3969.18,12
CLTIND05233,dormant,24206.64,18
CLTIND05234,dormant,2603.28,4
CLTIND05235,dormant,2621.06,21
CLTIND05236,dormant,16498.51,8
CLTIND05237,dormant,2329.47,8
CLTIND05241,dormant,15641.67,19
CLTIND05243,dormant,10159.75,12
CLTIND05244,dormant,10272.59,7
CLTIND05245,dormant,596.15,9
CLTIND05246,dormant,1752.07,6
CLTIND05248,dormant,2193.2,7
CLTIND05249,dormant,21473.81,4
CLTIND05250,dormant,11463.27,14
CLTIND05251,dormant,1471.49,6
CLTIND05252,dormant,5359.38,3
CLTIND05253,dormant,9040.01,7
CLTIND05254,dormant,3265.41,7
CLTIND05255,dormant,186.32,10
CLTIND05256,dormant,1510.8,4
CLTIND05258,dormant,1113.73,5
CLTIND05259,dormant,1851.71,15
CLTIND05260,dormant,6570.79,12
CLTIND05261,dormant,12803.84,16
CLTIND05262,dormant,1138.99,15
CLTIND05263,dormant,639.22,12
CLTIND05264,dormant,3159.65,6
CLTIND05265,dormant,3787.82,7
CLTIND05266,dormant,1815.66,9
CLTIND05267,dormant,664.55,13
CLTIND05269,dormant,4231.72,23
CLTIND05270,dormant,2521.48,15
CLTIND05271,dormant,16856.83,10
CLTIND05272,dormant,796.66,6
CLTIND05273,dormant,4123.75,12
CLTIND05274,dormant,554.72,6
CLTIND05275,dormant,4738.19,16
CLTIND05276,dormant,4435.87,17
CLTIND05277,dormant,1900.02,7
CLTIND05278,dormant,6874.14,18
CLTIND05279,dormant,37408.82,7
CLTIND05281,dormant,1350.66,7
CLTIND05282,dormant,2276.09,18
CLTIND05283,dormant,14521.78,10
CLTIND05285,dormant,11192.41,15
CLTIND05286,dormant,1135.96,6
CLTIND05287,dormant,14571.64,11
CLTIND05288,dormant,1112.38,7
CLTIND05289,dormant,2182.27,9
CLTIND05290,dormant,2288.09,5
CLTIND05291,dormant,6504.86,6
CLTIND05292,dormant,2467.73,25
CLTIND05293,dormant,11332.05,6
CLTIND05294,dormant,3320.91,9
CLTIND05295,dormant,3646.08,24
CLTIND05296,dormant,5321.67,17
CLTIND05297,dormant,2087.23,9
CLTIND05298,dormant,2785.73,2
CLTIND05299,dormant,1866.83,5
CLTIND05300,dormant,25293.35,14
CLTIND05301,dormant,3256.6,5
CLTIND05303,dormant,1783.08,10
CLTIND05304,dormant,683.79,21
CLTIND05305,dormant,5866.77,18
CLTIND05306,dormant,6775.27,14
CLTIND05307,dormant,6420.78,23
CLTIND05308,dormant,4369.7,18
CLTIND05309,dormant,1045.05,6
CLTIND05310,dormant,3606.48,12
CLTIND05311,dormant,1483.61,11
CLTIND05312,dormant,1317.84,6
CLTIND05313,dormant,3832.91,5
CLTIND05315,dormant,14360.58,3
CLTIND05316,dormant,853.2,6
CLTIND05318,dormant,692.1,11
CLTIND05319,dormant,4487.91,14
CLTIND05320,dormant,1808.95,9
CLTIND05322,dormant,1662.41,9
CLTIND05323,dormant,3930.57,7
CLTIND05324,dormant,2558.96,6
CLTIND05325,dormant,6494.73,3
CLTIND05326,dormant,36998.31,12
CLTIND05327,dormant,2380.6,9
CLTIND05328,dormant,6468.9,24
CLTIND05329,dormant,1706.05,5
CLTIND05330,dormant,7789.25,20
CLTIND05331,dormant,2981.83,10
CLTIND05332,dormant,2881.61,8
CLTIND05333,dormant,31127.89,8
CLTIND05334,dormant,2304.89,10
CLTIND05335,dormant,638.45,4
CLTIND05336,dormant,4758.59,9
CLTIND05337,dormant,3238.28,4
CLTIND05338,dormant,34633.83,17
CLTIND05339,dormant,937.21,18
CLTIND05340,dormant,10558.37,13
CLTIND05341,dormant,1230.26,10
CLTIND05342,dormant,4608.31,14
CLTIND05343,dormant,3956.7,11
CLTIND05344,dormant,599.25,12
CLTIND05345,dormant,11308.96,7
CLTIND05347,dormant,2351.41,15
CLTIND05348,dormant,3081.03,8
CLTIND05349,dormant,2546.89,7
CLTIND05350,dormant,2325.07,7
CLTIND05352,dormant,5758.06,3
CLTIND05353,dormant,3386.79,14
CLTIND05354,dormant,639.8,8
CLTIND05355,dormant,21733.6,8
CLTIND05356,dormant,835.98,14
CLTIND05358,dormant,12338.48,6
CLTIND05359,dormant,2730.28,4
CLTIND05360,dormant,2402.75,21
CLTIND05361,dormant,2643.02,2
CLTIND05362,dormant,1419.96,9
CLTIND05363,dormant,9454.78,12
CLTIND05364,dormant,12232.8,11
CLTIND05365,dormant,368.58,8
CLTIND05366,dormant,5949.36,26
CLTIND05367,dormant,18668.35,21
CLTIND05368,dormant,1067.2,10
CLTIND05369,dormant,3449.65,2
CLTIND05370,dormant,3283.86,13
CLTIND05371,dormant,3942.96,11
CLTIND05372,dormant,1513.65,7
CLTIND05374,dormant,2188.95,3
CLTIND05377,dormant,993.69,5
CLTIND05378,dormant,2642.57,10
CLTIND05379,dormant,2382.73,2
CLTIND05380,dormant,15099.27,11
CLTIND05381,dormant,5138.82,15
CLTIND05382,dormant,7576.18,8
CLTIND05383,dormant,2649.76,10
CLTIND05384,dormant,980.36,8
CLTIND05385,dormant,18042.21,8
CLTIND05386,dormant,2790.45,7
CLTIND05387,dormant,1938.78,5
CLTIND05388,dormant,8008.88,3
CLTIND05390,dormant,12752.28,19
CLTIND05391,dormant,15900.38,10
CLTIND05392,dormant,7483.2,8
CLTIND05393,dormant,13110.9,19
CLTIND05394,dormant,1565.74,5
CLTIND05396,dormant,3563.17,7
CLTIND05397,dormant,1218.48,18
CLTIND05398,dormant,2642.97,6
CLTIND05399,dormant,3836.47,8
CLTIND05400,dormant,6074.14,6
CLTIND05401,dormant,2001.02,11
CLTIND05403,dormant,37391.83,6
CLTIND05404,dormant,2394.13,7
CLTIND05405,dormant,12186.45,7
CLTIND05406,dormant,6415.24,21
CLTIND05407,dormant,12495.22,15
CLTIND05408,dormant,1303.31,12
CLTIND05409,dormant,12894.5,9
CLTIND05410,dormant,6197.1,8
CLTIND05412,dormant,3466.33,13
CLTIND05413,dormant,410.09,6
CLTIND05414,dormant,19887.33,5
CLTIND05416,dormant,2771.72,13
CLTIND05417,dormant,1465.09,15
CLTIND05419,dormant,1439.07,4
CLTIND05420,dormant,12703.86,13
CLTIND05421,dormant,2827.54,11
CLTIND05423,dormant,5824.86,4
CLTIND05425,dormant,1494.24,17
CLTIND05426,dormant,53260.27,11
CLTIND05427,dormant,1854.15,22
CLTIND05430,dormant,26677.27,11
CLTIND05431,dormant,4826.68,1
CLTIND05433,dormant,373.93,12
CLTIND05434,dormant,2303.62,15
CLTIND05435,dormant,3303.45,12
CLTIND05436,dormant,15141.77,9
CLTIND05437,dormant,6227.86,7
CLTIND05438,dormant,1064.26,9
CLTIND05439,dormant,1156.43,11
CLTIND05440,dormant,663.57,8
CLTIND05441,dormant,6643.62,13
CLTIND05442,dormant,5539.7,14
CLTIND05443,dormant,4210.96,11
CLTIND05445,dormant,1094.14,16
CLTIND05446,dormant,27461.36,12
CLTIND05447,dormant,968.81,9
CLTIND05448,dormant,1779.23,13
CLTIND05449,dormant,306.93,25
CLTIND05453,dormant,2293.46,18
CLTIND05454,dormant,8989.39,26
CLTIND05456,dormant,12431.55,11
CLTIND05457,dormant,2235.74,10
CLTIND05459,dormant,2481.76,7
CLTIND05460,dormant,5786.16,6
CLTIND05461,dormant,6007.33,4
CLTIND05462,dormant,56582.37,11
CLTIND05463,dormant,3742.74,6
CLTIND05464,dormant,691.16,8
CLTIND05465,dormant,20755.99,14
CLTIND05467,dormant,19634.71,11
CLTIND05469,dormant,11487.45,10
CLTIND05471,dormant,10023.32,12
CLTIND05472,dormant,1170.36,10
CLTIND05473,dormant,4108.19,6
CLTIND05474,dormant,1807.63,12
CLTIND05475,dormant,4803.06,28
CLTIND05476,dormant,846.33,15
CLTIND05477,dormant,703.8,10
CLTIND05478,dormant,5642.79,3
CLTIND05479,dormant,1110.62,13
CLTIND05482,dormant,10107.52,13
CLTIND05483,dormant,5174.89,18
CLTIND05484,dormant,9631.31,6
CLTIND05485,dormant,3959.24,17
CLTIND05487,dormant,390.37,3
CLTIND05488,dormant,8870.17,10
CLTIND05489,dormant,533.31,7
CLTIND05490,dormant,1236.25,4
CLTIND05492,dormant,643.78,8
CLTIND05493,dormant,2138.81,5
CLTIND05495,dormant,2045.69,8
CLTIND05496,dormant,2122.9,8
CLTIND05497,dormant,4865.2,8
CLTIND05498,dormant,7070.79,9
CLTIND05500,dormant,2317.68,8
CLTIND05501,dormant,3839.81,8
CLTIND05503,dormant,14660.05,6
CLTIND05504,dormant,790.09,8
CLTIND05505,dormant,12056.19,14
CLTIND05506,dormant,2885.56,21
CLTIND05507,dormant,6113.82,9
CLTIND05508,dormant,1968.88,5
CLTIND05511,dormant,1972.34,5
CLTIND05513,dormant,3467.68,9
CLTIND05514,dormant,2071.69,9
CLTIND05515,dormant,893.55,5
CLTIND05516,dormant,3628.02,9
CLTIND05517,dormant,397.62,7
CLTIND05518,dormant,2296.76,16
CLTIND05519,dormant,11681.97,20
CLTIND05521,dormant,9063.2,15
CLTIND05523,dormant,2936.54,11
CLTIND05524,dormant,1255.49,8
CLTIND05525,dormant,155.77,18
CLTIND05526,dormant,19663.73,25
CLTIND05528,dormant,1604.85,15
CLTIND05529,dormant,22065.37,15
CLTIND05530,dormant,11378.51,14
CLTIND05531,dormant,972.85,12
CLTIND05532,dormant,1123.64,10
CLTIND05533,dormant,3950.8,4
CLTIND05534,dormant,2246.34,9
CLTIND05535,dormant,852.97,12
CLTIND05536,dormant,1545.98,4
CLTIND05537,dormant,1624.74,16
CLTIND05538,dormant,408.83,16
CLTIND05539,dormant,1400.76,9
CLTIND05540,dormant,2344.15,14
CLTIND05541,dormant,5934.25,16
CLTIND05542,dormant,1273.56,7
CLTIND05543,dormant,15483.84,20
CLTIND05546,dormant,7224.64,5
CLTIND05547,dormant,1640.94,18
CLTIND05548,dormant,14629.39,10
CLTIND05549,dormant,12762.39,14
CLTIND05550,dormant,68202.73,23
CLTIND05551,dormant,3828.91,6
CLTIND05552,dormant,4931.12,14
CLTIND05553,dormant,2608.85,8
CLTIND05554,dormant,2540.35,7
CLTIND05555,dormant,3007.16,15
CLTIND05556,dormant,6983.55,7
CLTIND05557,dormant,2863.7,5
CLTIND05558,dormant,614.43,13
CLTIND05559,dormant,434.62,13
CLTIND05560,dormant,1827.18,22
CLTIND05561,dormant,17188.61,8
CLTIND05562,dormant,6012.13,11
CLTIND05563,dormant,8459.81,6
CLTIND05564,dormant,2359.89,6
CLTIND05566,dormant,3769.59,9
CLTIND05567,dormant,9176.79,11
CLTIND05568,dormant,5382.91,13
CLTIND05569,dormant,1773.35,8
CLTIND05570,dormant,2765.38,5
CLTIND05571,dormant,15662.05,12
CLTIND05573,dormant,3391.45,13
CLTIND05574,dormant,760.33,9
CLTIND05578,dormant,1906.04,13
CLTIND05579,dormant,3861.28,24
CLTIND05580,dormant,3713.38,3
CLTIND05582,dormant,1573.9,10
CLTIND05583,dormant,782.63,6
CLTIND05584,dormant,3595.79,7
CLTIND05585,dormant,166.05,10
CLTIND05586,dormant,14837.27,4
CLTIND05589,dormant,7107.73,6
CLTIND05590,dormant,1848.12,15
CLTIND05591,dormant,3597.93,9
CLTIND05592,dormant,2810.79,4
CLTIND05594,dormant,2942.5,16
CLTIND05595,dormant,3032.84,8
CLTIND05597,dormant,6921.82,4
CLTIND05598,dormant,1613.07,10
CLTIND05600,dormant,2159.27,8
CLTIND05601,dormant,4468.44,7
CLTIND05602,dormant,2096.31,15
CLTIND05603,dormant,620.8,9
CLTIND05604,dormant,4166.62,11
CLTIND05605,dormant,5078.3,10
CLTIND05608,dormant,801.47,23
CLTIND05609,dormant,759.47,3
CLTIND05611,dormant,332.98,10
CLTIND05612,dormant,9156.69,13
CLTIND05613,dormant,3176.45,14
CLTIND05614,dormant,2838.49,6
CLTIND05615,dormant,4378.11,8
CLTIND05616,dormant,3671.87,6
CLTIND05617,dormant,5503.06,15
CLTIND05618,dormant,2260.2,5
CLTIND05619,dormant,5788.77,6
CLTIND05620,dormant,470.33,18
CLTIND05621,dormant,2304.09,10
CLTIND05622,dormant,4987.47,4
CLTIND05623,dormant,1729.84,12
CLTIND05624,dormant,3517.29,15
CLTIND05625,dormant,4859.2,13
CLTIND05627,dormant,1032.64,3
CLTIND05628,dormant,4513.02,14
CLTIND05629,dormant,1139.53,5
CLTIND05630,dormant,8032.21,20
CLTIND05631,dormant,6225.18,10
CLTIND05634,dormant,1397.12,14
CLTIND05635,dormant,3072.23,15
CLTIND05636,dormant,3404.37,7
CLTIND05637,dormant,1385.39,7
CLTIND05638,dormant,2755.66,15
CLTIND05639,dormant,3368.33,7
CLTIND05640,dormant,1409.65,12
CLTIND05641,dormant,3815.58,20
CLTIND05642,dormant,4710.21,5
CLTIND05644,dormant,1564.08,19
CLTIND05645,dormant,1096.6,22
CLTIND05646,dormant,5808.15,11
CLTIND05647,dormant,2624.1,12
CLTIND05648,dormant,4136.28,7
CLTIND05649,dormant,5073.14,13
CLTIND05650,dormant,751.15,12
CLTIND05651,dormant,386.96,9
CLTIND05652,dormant,9132.22,14
CLTIND05653,dormant,328.21,4
CLTIND05654,dormant,4749.67,6
CLTIND05655,dormant,2637.58,6
CLTIND05656,dormant,1356.23,6
CLTIND05657,dormant,6312.01,8
CLTIND05658,dormant,1700.97,7
CLTIND05660,dormant,602.48,5
CLTIND05661,dormant,6610.88,19
CLTIND05662,dormant,12312.5,11
CLTIND05663,dormant,11914.26,20
CLTIND05664,dormant,626.7,6
CLTIND05665,dormant,6656.2,16
CLTIND05666,dormant,22163.87,10
CLTIND05667,dormant,1888.84,15
CLTIND05669,dormant,1763.4,13
CLTIND05671,dormant,621.67,11
CLTIND05672,dormant,5071.21,5
CLTIND05674,dormant,2047.65,7
CLTIND05675,dormant,3736.32,9
CLTIND05676,dormant,41038.96,13
CLTIND05677,dormant,2056.25,7
CLTIND05678,dormant,420.74,6
CLTIND05679,dormant,1858.98,14
CLTIND05680,dormant,3062.84,16
CLTIND05681,dormant,6318.83,12
CLTIND05683,dormant,2395.48,22
CLTIND05685,dormant,3546.17,7
CLTIND05686,dormant,2680.47,16
CLTIND05687,dormant,611.87,8
CLTIND05688,dormant,2541.29,3
CLTIND05690,dormant,1760.18,3
CLTIND05691,dormant,8126.94,14
CLTIND05692,dormant,22668.62,12
CLTIND05694,dormant,8271.96,3
CLTIND05695,dormant,1483.49,10
CLTIND05696,dormant,49620.98,4
CLTIND05698,dormant,5134.37,6
CLTIND05699,dormant,9846.91,16
CLTIND05700,dormant,6681.34,6
CLTIND05701,dormant,1262.97,10
CLTIND05702,dormant,7297.42,16
CLTIND05704,dormant,947.99,5
CLTIND05705,dormant,3839.97,10
CLTIND05706,dormant,1776.99,4
CLTIND05707,dormant,2476.56,9
CLTIND05710,dormant,163.7,3
CLTIND05712,dormant,5147.63,13
CLTIND05714,dormant,18571.9,21
CLTIND05715,dormant,5605.0,11
CLTIND05716,dormant,1988.05,20
CLTIND05717,dormant,55113.53,7
CLTIND05718,dormant,1184.18,11
CLTIND05719,dormant,2136.1,11
CLTIND05720,dormant,1007.37,8
CLTIND05721,dormant,804.47,8
CLTIND05722,dormant,11294.3,6
CLTIND05723,dormant,2321.24,7
CLTIND05724,dormant,6431.04,18
CLTIND05725,dormant,1231.51,10
CLTIND05726,dormant,1116.95,9
CLTIND05727,dormant,4569.68,19
CLTIND05728,dormant,1948.45,7
CLTIND05729,dormant,7484.31,11
CLTIND05730,dormant,2180.7,6
CLTIND05731,dormant,10216.48,13
CLTIND05732,dormant,1318.06,8
CLTIND05733,dormant,40072.09,28
CLTIND05734,dormant,1165.6,14
CLTIND05737,dormant,3528.02,14
CLTIND05738,dormant,2908.83,13
CLTIND05739,dormant,3348.23,11
CLTIND05740,dormant,10107.2,9
CLTIND05741,dormant,17522.34,2
CLTIND05742,dormant,250.14,12
CLTIND05745,dormant,1599.53,4
CLTIND05746,dormant,2314.94,6
CLTIND05747,dormant,5377.76,6
CLTIND05748,dormant,1540.61,12
CLTIND05749,dormant,6952.28,19
CLTIND05750,dormant,4522.84,7
CLTIND05751,dormant,730.74,11
CLTIND05753,dormant,2401.39,11
CLTIND05755,dormant,398.8,15
CLTIND05757,dormant,928.12,9
CLTIND05758,dormant,6002.26,12
CLTIND05759,dormant,2486.21,9
CLTIND05762,dormant,4507.19,16
CLTIND05763,dormant,2300.21,7
CLTIND05764,dormant,721.7,12
CLTIND05765,dormant,10237.08,15
CLTIND05766,dormant,15315.68,14
CLTIND05767,dormant,8472.73,10
CLTIND05769,dormant,923.91,5
CLTIND05770,dormant,795.78,6
CLTIND05771,dormant,6751.08,10
CLTIND05772,dormant,9993.12,17
CLTIND05773,dormant,1007.87,10
CLTIND05775,dormant,943.77,15
CLTIND05776,dormant,8465.38,13
CLTIND05777,dormant,5240.27,18
CLTIND05779,dormant,1769.16,15
CLTIND05780,dormant,807.75,12
CLTIND05781,dormant,4379.41,15
CLTIND05782,dormant,10186.2,10
CLTIND05783,dormant,3735.49,7
CLTIND05784,dormant,2055.61,13
CLTIND05785,dormant,11791.84,13
CLTIND05786,dormant,7624.35,18
CLTIND05787,dormant,2405.77,11
CLTIND05790,dormant,23579.69,4
CLTIND05791,dormant,18133.85,16
CLTIND05792,dormant,155.28,12
CLTIND05793,dormant,22504.41,12
CLTIND05794,dormant,5262.34,6
CLTIND05795,dormant,2802.17,5
CLTIND05796,dormant,1194.27,6
CLTIND05797,dormant,2673.71,7
CLTIND05798,dormant,3240.18,6
CLTIND05799,dormant,6714.92,15
CLTIND05800,dormant,16190.91,8
CLTIND05801,dormant,2252.84,21
CLTIND05802,dormant,13709.83,7
CLTIND05803,dormant,663.83,6
CLTIND05804,dormant,29253.9,10
CLTIND05805,dormant,763.03,8
CLTIND05806,dormant,2596.01,13
CLTIND05807,dormant,1104.54,10
CLTIND05808,dormant,1088.67,10
CLTIND05809,dormant,2395.12,17
CLTIND05810,dormant,8854.25,5
CLTIND05811,dormant,2020.47,23
CLTIND05813,dormant,991.79,8
CLTIND05814,dormant,13442.31,6
CLTIND05816,dormant,1101.22,10
CLTIND05817,dormant,862.29,5
CLTIND05818,dormant,23297.41,3
CLTIND05820,dormant,972.99,13
CLTIND05821,dormant,3835.41,12
CLTIND05822,dormant,5940.73,13
CLTIND05823,dormant,3157.89,6
CLTIND05824,dormant,10073.81,13
CLTIND05825,dormant,5596.87,13
CLTIND05826,dormant,2621.74,10
CLTIND05828,dormant,4008.97,12
CLTIND05830,dormant,26255.88,11
CLTIND05831,dormant,11831.02,9
CLTIND05832,dormant,6723.13,6
CLTIND05833,dormant,4780.21,3
CLTIND05834,dormant,11645.25,20
CLTIND05835,dormant,2710.02,9
CLTIND05836,dormant,1133.28,11
CLTIND05837,dormant,9871.56,8
CLTIND05838,dormant,22140.28,13
CLTIND05839,dormant,705.94,8
CLTIND05840,dormant,8548.73,21
CLTIND05841,dormant,28018.64,18
CLTIND05843,dormant,612.67,14
CLTIND05844,dormant,2339.35,6
CLTIND05845,dormant,18033.56,6
CLTIND05846,dormant,3529.38,13
CLTIND05847,dormant,10490.69,10
CLTIND05848,dormant,7950.67,16
CLTIND05849,dormant,3908.07,19
CLTIND05850,dormant,6258.17,27
CLTIND05852,dormant,4148.15,17
CLTIND05853,dormant,3024.35,8
CLTIND05854,dormant,2366.61,9
CLTIND05855,dormant,2623.23,5
CLTIND05856,dormant,926.74,15
CLTIND05857,dormant,25381.57,13
CLTIND05858,dormant,831.15,9
CLTIND05859,dormant,1125.96,7
CLTIND05861,dormant,2594.43,22
CLTIND05862,dormant,2713.74,13
CLTIND05864,dormant,790.71,15
CLTIND05865,dormant,6168.36,8
CLTIND05866,dormant,1676.73,23
CLTIND05867,dormant,6481.14,11
CLTIND05868,dormant,6841.81,3
CLTIND05869,dormant,8088.42,4
CLTIND05870,dormant,11917.17,13
CLTIND05871,dormant,845.4,21
CLTIND05872,dormant,1127.19,6
CLTIND05875,dormant,18540.79,6
CLTIND05878,dormant,2022.92,10
CLTIND05879,dormant,15675.48,12
CLTIND05881,dormant,1982.73,13
CLTIND05882,dormant,1142.02,15
CLTIND05883,dormant,520.53,13
CLTIND05884,dormant,24696.42,7
CLTIND05885,dormant,19389.58,14
CLTIND05886,dormant,16250.18,11
CLTIND05887,dormant,19103.27,7
CLTIND05889,dormant,610.74,9
CLTIND05890,dormant,5739.91,6
CLTIND05891,dormant,3406.21,12
CLTIND05892,dormant,11940.0,8
CLTIND05893,dormant,1348.32,8
CLTIND05894,dormant,1597.86,10
CLTIND05895,dormant,625.78,5
CLTIND05896,dormant,13306.59,6
CLTIND05897,dormant,1029.89,18
CLTIND05898,dormant,10468.26,13
CLTIND05899,dormant,4686.11,12
CLTIND05900,dormant,27491.16,12
CLTIND05901,dormant,7169.61,15
CLTIND05902,dormant,8449.87,12
CLTIND05903,dormant,8511.73,7
CLTIND05905,dormant,9564.19,7
CLTIND05906,dormant,10632.87,5
CLTIND05907,dormant,11083.29,6
CLTIND05908,dormant,3430.18,6
CLTIND05909,dormant,3820.88,4
CLTIND05911,dormant,13625.89,7
CLTIND05912,dormant,8579.11,19
CLTIND05914,dormant,2044.43,15
CLTIND05915,dormant,1553.52,20
CLTIND05916,dormant,6693.19,9
CLTIND05917,dormant,8829.54,13
CLTIND05918,dormant,1098.49,14
CLTIND05921,dormant,491.15,12
CLTIND05922,dormant,1378.65,15
CLTIND05923,dormant,3030.26,8
CLTIND05925,dormant,59564.69,6
CLTIND05926,dormant,9152.23,15
CLTIND05927,dormant,3596.54,14
CLTIND05928,dormant,14696.11,12
CLTIND05929,dormant,5022.6,4
CLTIND05931,dormant,4386.82,12
CLTIND05932,dormant,483.25,8
CLTIND05933,dormant,14744.72,11
CLTIND05934,dormant,3024.03,7
CLTIND05935,dormant,7573.65,19
CLTIND05936,dormant,1638.6,3
CLTIND05937,dormant,905.69,7
CLTIND05939,dormant,2005.95,8
CLTIND05940,dormant,664.75,11
CLTIND05941,dormant,17034.02,10
CLTIND05942,dormant,2953.29,20
CLTIND05944,dormant,4241.41,10
CLTIND05945,dormant,1310.72,8
CLTIND05946,dormant,682.09,13
CLTIND05947,dormant,1263.62,9
CLTIND05949,dormant,4125.53,14
CLTIND05950,dormant,20103.79,9
CLTIND05951,dormant,8450.77,10
CLTIND05952,dormant,1150.52,12
CLTIND05953,dormant,78883.69,13
CLTIND05954,dormant,10551.12,12
CLTIND05955,dormant,5711.59,13
CLTIND05956,dormant,21152.61,6
CLTIND05957,dormant,7093.17,11
CLTIND05959,dormant,4348.16,11
CLTIND05960,dormant,1083.61,5
CLTIND05961,dormant,5744.23,11
CLTIND05962,dormant,1007.84,8
CLTIND05963,dormant,687.22,10
CLTIND05965,dormant,4715.0,13
CLTIND05966,dormant,1934.82,13
CLTIND05967,dormant,945.01,9
CLTIND05969,dormant,4359.11,16
CLTIND05970,dormant,7592.02,13
CLTIND05971,dormant,2077.36,18
CLTIND05972,dormant,1290.63,22
CLTIND05973,dormant,658.13,12
CLTIND05974,dormant,11859.07,14
CLTIND05975,dormant,637.27,6
CLTIND05976,dormant,8904.29,4
CLTIND05977,dormant,3170.56,30
CLTIND05978,dormant,488.96,6
CLTIND05980,dormant,728.48,10
CLTIND05982,dormant,4139.14,5
CLTIND05983,dormant,5880.04,11
CLTIND05984,dormant,5546.36,10
CLTIND05986,dormant,2957.89,17
CLTIND05987,dormant,9507.07,9
CLTIND05988,dormant,3928.73,10
CLTIND05989,dormant,704.36,11
CLTIND05990,dormant,20653.67,8
CLTIND05991,dormant,552.95,11
CLTIND05993,dormant,8234.4,11
CLTIND05994,dormant,5772.98,12
CLTIND05995,dormant,5659.24,12
CLTIND05996,dormant,8519.66,6
CLTIND05999,dormant,1309.92,15
CLTIND06000,dormant,4151.67,14
